objectId,ra,dec,delta_magnitude,timescale_hours,color_u_g
RSST_7423388,349.16754677831796,-37.57875476435245,6.848397090606279,0.6658781436815229,-0.5906795979212179
RSST_7550634,299.6793506881518,20.133521050028307,7.114209534130945,0.31322963842135954,-1.241220018399983
RSST_5304572,76.44207984417942,-64.89110508263246,5.257931403247992,0.16837047980446873,-0.837477715646018
RSST_3234489,65.45698819455622,-37.41396326366073,7.16565249646489,0.5789631185585099,-1.188288923910589
RSST_8204212,66.02562354723618,-24.0548682071355,5.679782020536791,0.408106745617721,-0.9799319788221892
RSST_5472471,109.52720746543358,-7.907402840933528,5.32117541614995,0.1854267643913452,-0.9532897206567204
RSST_5523669,188.91231538760562,51.33167305074244,8.326210826661333,0.4466238370778892,-1.3151455444744728
RSST_8404852,155.50020671116167,-54.058719211495244,8.383148912453501,0.12407196478065288,-0.5304153722354414
