event_id,energy_gev,cross_ratio,is_conformal_phase
0,149.91352085679145,1.0349267510142326,False
1,171.73686843230035,0.8263857859227719,False
2,133.03599303654516,1.2791245096645918,False
3,159.70463453748977,1.4722992856565909,False
4,760.3412387635037,1.0926584818372311,True
5,413.8934340964684,1.0003103494168342,True
6,601.0429154924343,1.0150364635496907,True
7,97.49682940612635,1.136073045539322,False
8,460.42705997639786,1.0496275281209884,True
9,526.8387707143047,1.016939939162422,True
10,815.7064695753669,0.9225467863328158,True
11,823.3308786112826,0.9687218848722765,True
12,364.85891455929203,1.0771948188268503,True
13,966.6529590518986,1.0206091575868768,True
14,103.04046253687585,0.9019100668396385,False
15,160.8372154156737,1.5334376166274195,False
16,439.02793743097703,1.0464338147041976,True
17,589.0145701083305,0.9696618608783951,True
18,520.3307553554187,0.9970964819040435,True
19,793.1578471893854,0.9511413480854771,True
20,732.7590695317185,0.9363581085942507,True
21,420.80958134929875,0.9863221538987557,True
22,751.8271316624376,1.0209222120102914,True
23,966.7517229124746,1.1129215834843795,True
24,694.8511726414315,1.0495065520194808,True
25,768.0732699899102,1.099316869557382,True
26,601.0833877510968,1.0233924347858523,True
27,201.46079323924667,1.42648131387134,False
28,888.0533411868059,1.1008804764523872,True
29,976.3131688013327,0.9614765153266589,True
30,652.192741766638,1.0431300203501497,True
31,776.2075788799677,1.017307525947655,True
32,520.3533550826368,1.0620012666893521,True
33,237.66487966910836,1.0673472349338016,False
34,924.2082884142394,0.9967407353626049,True
35,392.7775040382613,1.0194030799967058,True
36,201.4744753179018,1.0329105566055363,False
37,73.52783127666692,0.5588361155297376,False
38,820.1654599113515,0.9582883000062176,True
39,256.1462049727575,1.5148266144987041,False
40,348.242746483992,1.0560519570308067,True
41,205.0623581209869,1.5122097060174133,False
42,282.6011481438461,1.7457046320039082,False
43,776.6558626717052,1.012824340829724,True
44,62.98091085483986,1.0517181867428562,False
45,150.78568464896154,1.6526901744933684,False
46,453.61032444087095,1.0006927210548524,True
47,589.9868865595522,0.9037829667332402,True
48,199.79108594762,1.0786885430663649,False
49,534.6509948237658,0.9963085832049684,True
50,678.2252164536696,1.0154401221726106,True
51,309.28351907419403,1.0128037617667878,True
52,271.6893392576625,1.11023273852577,False
53,636.4339156291886,1.0112905006722843,True
54,651.2996763883339,0.9531895533694323,True
55,556.6615271332396,1.078618040740632,True
56,496.4686741020843,1.0132886122945528,True
57,441.9296251202088,0.9786786029974297,True
58,159.62981701839954,1.325154487164899,False
59,194.7087689275773,1.2695223339191481,False
60,622.1089096769556,0.876028430348122,True
61,452.02803193101215,1.0137069650581,True
62,125.02321416483636,1.1313136084616846,False
63,629.3940210866688,0.9886765087222986,True
64,915.7740414251001,0.9474965179690545,True
65,230.34767834642247,1.2028205473017919,False
66,262.2565369304019,1.1816386974404705,False
67,445.18730267625983,0.9359719265143535,True
68,973.2666828538545,1.0260397377347032,True
69,517.3541768209992,1.0180832683721792,True
70,710.5007024481401,1.0315469109459623,True
71,268.8312530739637,1.201525240342388,False
72,940.1514940332723,1.0211748354982013,True
73,857.5174085937034,0.9981028414061118,True
74,382.1869575187949,1.0327777315153983,True
75,691.8989072312145,1.067969502527691,True
76,170.2507941739373,1.1137779519815192,False
77,308.28844392693054,1.0421965528659942,True
78,543.1417604463811,1.1281902510448503,True
79,665.4017241624952,1.0064208989256864,True
80,392.37526756313815,1.0843986959924838,True
81,376.9194157097351,1.0257017029343651,True
82,359.9206913083789,1.006029331450863,True
83,471.64982664276886,1.0065475941862814,True
84,917.2449687585807,1.028261893712372,True
85,987.0178262857825,0.9798214051001647,True
86,817.6484881461249,0.9787150880337563,True
87,472.3130741596179,0.8878042203060587,True
88,566.5652674393912,1.0439286824161529,True
89,301.1832290257461,1.0177820795486743,True
90,632.2397228114213,1.0223790272620874,True
91,79.76836332713427,0.44889136409910035,False
92,695.3356606459361,1.0607363910551584,True
93,199.47294306007782,1.8867732440164438,False
94,95.00529939905337,0.2764467335447538,False
95,268.4207213324657,1.069407062132161,False
96,536.041915612986,1.0138191939468244,True
97,216.89710372259816,1.046136430357281,False
98,856.2110508105869,0.9754214747033086,True
99,382.98526503441,0.9245407120168116,True
100,332.6321153483365,1.0014580408517915,True
101,455.2687285520749,1.059721524363066,True
102,183.89222106765655,1.8077678042701772,False
103,426.4041924498928,0.9705261844111764,True
104,631.661304680762,1.0556772461757116,True
105,741.1129914206485,0.9575115481122337,True
106,988.3726518181347,0.982759885961505,True
107,256.51055467261585,0.9176014313955778,False
108,702.0204790038832,0.9378486021335183,True
109,483.64496627931504,0.98277655141039,True
110,375.67285048167116,1.125469710192777,True
111,925.9797968842419,1.0425546147353246,True
112,850.3459880506648,1.1205144981481274,True
113,94.40603480270758,1.8069310918543753,False
114,538.4137225569701,1.0135376202294657,True
115,501.2709991030127,0.9396776119329691,True
116,290.0432188624462,1.0985310140249136,False
117,839.2788471098069,1.0013355593485038,True
118,103.92329007692473,1.020798143265692,False
119,645.1008994513786,0.9928918962236787,True
120,499.701829503083,0.9617477641352942,True
121,76.74708357436948,1.1076224903436613,False
122,150.09076654439806,0.8488555367331052,False
123,98.57673991859409,1.1444107430806207,False
124,259.9483086582008,1.100463285212105,False
125,922.4499314502357,1.0764918809017352,True
126,657.7408872318587,1.0804497637175279,True
127,733.8744162817252,1.0403383185525448,True
128,112.2314774915501,1.6586030561489622,False
129,358.9027284147438,0.9986971094357321,True
130,946.6981673236032,1.014334616685806,True
131,446.5337379575754,1.0228887081642886,True
132,76.59537725943935,0.4932865620096085,False
133,581.5842482677676,0.9632065798519712,True
134,221.72589642780648,1.4523746347793134,False
135,133.8668593201665,1.1890258229427617,False
136,73.34563216059728,1.0155210729638124,False
137,420.1719020581199,1.0609725075755152,True
138,62.18929788222307,1.2960302267044743,False
139,563.1390625984172,0.99147807111893,True
140,714.7577974117521,0.9346322212302347,True
141,486.89222625334776,0.9736985903123372,True
142,886.9752685341555,1.0176296173391277,True
143,343.922242752624,0.944894590524354,True
144,324.3645166759641,0.8975101714621692,True
145,715.2958597405202,1.0806457365445339,True
146,508.7990591147882,1.0601251715583775,True
147,625.6453581661639,0.9583242347684726,True
148,546.4196127955537,1.0104738142717247,True
149,86.02332958853641,1.6150801344453818,False
150,533.9196485326228,0.962079034024238,True
151,748.753347605507,1.0175721695547497,True
152,508.4835755999577,1.0297853094798946,True
153,974.1556853976755,1.0638259508138201,True
154,971.5072349809719,0.9709025834942335,True
155,777.825800837196,1.1021879207053495,True
156,788.1324196424075,1.0116007704165773,True
157,82.87799438330967,0.5643968905469396,False
158,110.15449534320446,1.6028035383223485,False
159,717.923096349502,0.9269322559040448,True
160,524.7426313506478,1.0772268464087045,True
161,184.92482969087675,1.369734082734978,False
162,123.65325631502272,0.782251307212259,False
163,865.430110467413,1.0625369438480956,True
164,818.8482858357103,1.0065702789340925,True
165,821.0219654683347,0.9521299062021918,True
166,875.6776379541045,1.0459713834729856,True
167,74.3250162906971,1.0717466352332081,False
168,774.2621013266508,1.0484812571629223,True
169,731.9608261970278,1.081764088308029,True
170,635.7968289608023,0.9764345698681474,True
171,699.6188829386911,0.9924875862274611,True
172,734.4826886491629,0.9455861929515226,True
173,818.3590950659681,0.9744153385127118,True
174,347.24995835707307,0.9429230727823502,True
175,208.12766977308712,1.1692932189892933,False
176,82.34755404281435,1.1622742665126395,False
177,933.471530563149,0.9697833528569405,True
178,541.898750882571,1.062274336272121,True
179,146.73615035366055,1.4688608381562032,False
180,631.2167651013611,0.9836320810591894,True
181,223.97347074218885,1.1698552988851925,False
182,96.10689913467579,1.5905909514200183,False
183,102.77633638144842,1.283156228640097,False
184,201.65795607377999,1.012817604866977,False
185,984.4367640876943,0.9480452795140295,True
186,798.1806150851341,1.021296924490714,True
187,552.1269801369729,0.9381147005712059,True
188,353.17829713184744,0.9780594938949853,True
189,95.45439488005553,1.6971689907228624,False
190,363.7178643164396,0.9808777684352538,True
191,740.0914186934605,1.0315366869281615,True
192,462.45719679783423,1.000977481594901,True
193,95.44401570780585,0.7292271203016516,False
194,384.31854951708164,0.9439618831078105,True
195,400.9194477234141,0.9332753680585918,True
196,538.8557592632919,0.9726388046453489,True
197,407.4286232566657,1.0983771936323632,True
198,385.92089330351587,0.9665605461084127,True
199,474.24833987689794,0.9028875573998775,True
200,875.0832122309447,0.925446004375123,True
201,781.271644230253,1.0392272186029223,True
202,469.44988582942136,1.0143450165742272,True
203,559.1073359573405,1.071041683144597,True
204,873.864081616981,0.9533840876247957,True
205,736.6610783566449,0.9612880469711544,True
206,234.95308947798873,0.8592940880173691,False
207,639.6754258823227,1.0528118236691684,True
208,729.8012365291853,1.0336297968881316,True
209,955.8691844091738,1.0092604394931686,True
210,791.1407837685051,1.107085849339956,True
211,535.6929104960279,1.0535162647355774,True
212,588.8716268771574,0.9179416613078787,True
213,109.41567471078477,1.1160031755655528,False
214,755.5914121332821,0.9268005927914408,True
215,844.9269763265373,1.0021773360948871,True
216,691.5959990625099,1.0610802634495569,True
217,309.6387478019608,0.9790776624134215,True
218,382.9853757010673,0.9456025117032442,True
219,425.7045120699795,1.0163978377964755,True
220,437.0342835898048,1.0344192999721862,True
221,549.1448374994891,0.9761365931764323,True
222,789.3555588258314,1.0390963560935833,True
223,453.24395981560184,1.0129347052760047,True
224,223.74293120630685,1.0863674954945592,False
225,810.1364166535308,0.9541229529663295,True
226,824.8017342934279,0.9334751797457601,True
227,820.2820537395282,1.0166458377778371,True
228,355.43897367624544,0.9364365296308234,True
229,273.37326959929044,1.0373606771277455,False
230,338.53089044345245,1.055935992524676,True
231,782.0012890454707,1.012208393929027,True
232,914.89228057687,1.063855012404425,True
233,348.12286811989054,0.9823646430126443,True
234,848.9127717639557,0.9587967532486483,True
235,79.77384980550838,-0.10607935319304573,False
236,993.5253322655028,0.9889257932548073,True
237,505.1547591852604,1.0224760938556579,True
238,368.60332731922597,0.9404940906532591,True
239,866.9845629514843,1.03368250371298,True
240,653.0722039906924,0.9524961898666319,True
241,218.32057089212884,0.9116715331330094,False
242,153.05021943801182,1.5063947298753053,False
243,425.7541050788724,0.9821187534496096,True
244,767.540695698557,0.9911518754154977,True
245,669.2599616114261,0.9768599167285082,True
246,852.6215736711031,1.0809959828779943,True
247,791.2025684045745,0.8361096815922376,True
248,87.3176173115408,1.728647962138247,False
249,785.0195512977086,1.0058391604041375,True
250,825.8280245118068,0.9123371866989831,True
251,107.32760369242696,0.6128342312590761,False
252,231.9350433685295,1.335243247978306,False
253,111.52634793189037,1.11905215346306,False
254,484.063065528928,0.9280395791862273,True
255,281.7384044418618,0.7352283422885602,False
256,901.1309956977254,0.9975600185608043,True
257,52.4357703908714,0.6049328089148215,False
258,898.423000405774,1.0366906765065291,True
259,922.6456533724458,0.9216652475661322,True
260,629.9797981578236,0.9886778313608905,True
261,200.17674740189025,1.317061104614178,False
262,102.55119900267857,1.8362571448197365,False
263,578.5358585495087,1.0355787791151707,True
264,332.2960685964455,1.0550777804201612,True
265,544.1211775989805,0.9713076280653842,True
266,745.4862818495031,0.9929269582036541,True
267,582.613736646161,0.9227802375024298,True
268,183.41429817675657,0.696838200355937,False
269,926.8344465055352,1.09635189497501,True
270,598.1284455154668,1.0183533549500658,True
271,715.9130850876157,1.0070605989617907,True
272,805.7269863221019,1.0915168445858914,True
273,972.6375889449105,0.985003646685901,True
274,121.7355260649547,1.034012966383111,False
275,541.5992222824307,1.0280044020401022,True
276,282.2834291513829,1.3265836991028452,False
277,832.1674139391356,0.9892999486593629,True
278,247.30455948747547,1.1175848987259762,False
279,496.34075671411927,0.9438850277375416,True
280,438.9943751973667,1.0447482928493734,True
281,587.580203278004,0.9892011725769155,True
282,493.1822867183415,1.1053370641827303,True
283,752.5003192212653,0.9754762516921723,True
284,239.74937455844287,1.255258348390739,False
285,669.7816447211716,1.02826963269598,True
286,690.0306178143709,1.0383326406941589,True
287,164.12765239270004,0.8577086406851239,False
288,55.50372883925842,1.6739675411676975,False
289,937.694218931434,0.9335763053551471,True
290,534.810286124695,0.9884238322948967,True
291,905.2145096246504,1.046087638225865,True
292,435.4239517978886,1.0227195651746184,True
293,412.37313890820855,1.1707247397043292,True
294,458.4522147957217,1.0228718995500734,True
295,657.2367758421199,0.9963272961899746,True
296,611.154670102748,1.0678918550828966,True
297,427.72687197445345,1.0580305254355267,True
298,242.6555095705719,1.4826119586064033,False
299,84.76440187180621,1.3452438763052998,False
300,864.2196426753743,0.9630393095144756,True
301,714.3088863229023,1.016431954737958,True
302,619.0449178110237,0.9366605742113675,True
303,778.2695603230927,0.9535617068929966,True
304,221.75793732870991,0.9994356867994625,False
305,467.51701806813696,0.998501656031685,True
306,444.19221193196825,0.9121466221023293,True
307,915.9893076740033,0.9613285160859044,True
308,889.7927612304051,1.003256454350071,True
309,540.640747962531,0.9296789711671009,True
310,482.7791196736344,1.0912899992371363,True
311,375.3981764139545,0.9925485994216264,True
312,531.7857958886361,0.9463479608472426,True
313,203.91211769482496,1.3472393140766048,False
314,370.54005332293207,0.9534660835523864,True
315,461.88553131517995,0.9085307266319542,True
316,286.7290932363053,0.8868846015109983,False
317,402.8351540995895,0.9011163010039773,True
318,542.3366207810764,0.9938432202347115,True
319,136.1385005478485,1.5602996797461626,False
320,319.0754714294575,0.9920016950213301,True
321,427.58317187217045,0.9608812253680805,True
322,485.935631980782,1.0158962364878634,True
323,110.94851340274384,1.617151957869851,False
324,913.1908738066777,1.036090278761526,True
325,913.2489764262255,1.0605241966624859,True
326,374.757701989797,1.0499220681277064,True
327,956.1722086839277,1.0025094811485535,True
328,913.9087019037881,0.9694730331051373,True
329,721.5752241677726,0.9039172270600927,True
330,943.8934199228993,0.9489793741291149,True
331,998.285051709509,1.0579509175282962,True
332,423.1650086584152,0.9744394950011603,True
333,628.7540432965592,0.9335745505501829,True
334,812.3237346416647,0.9579757766342478,True
335,67.7094329628967,2.0212415088341977,False
336,418.62526492814817,0.9316000632883852,True
337,57.88033990127231,1.3299702161868328,False
338,771.3594223204213,0.9794878267876215,True
339,885.5920399023303,1.0323558816195297,True
340,945.0986786426109,1.0278954238113147,True
341,275.77448575405003,0.9544553530887179,False
342,96.53432397040426,1.3775386788548372,False
343,124.04069794776515,1.404237678610802,False
344,777.0741170343529,1.0631793585445533,True
345,252.4670543014289,1.4910575969155668,False
346,661.2430567027,1.0260157664526448,True
347,411.0445666775194,1.0422344476500407,True
348,629.5064225359492,0.9330282868339951,True
349,770.4426854213972,0.9188597264644782,True
350,545.0170163726607,0.9542004363376538,True
351,362.0874008880068,0.9202573581729401,True
352,606.0988035018747,0.9722042196550665,True
353,521.2948729297361,0.9585987600004796,True
354,383.01870435157457,1.056957265057507,True
355,551.1206860671364,0.9554980613277252,True
356,146.60865693935656,1.3399132273070364,False
357,193.2602853482839,1.655280213922804,False
358,788.2772409007387,0.9288755904609874,True
359,392.1765584260766,0.8947392317689408,True
360,208.64840213203516,1.148380326278666,False
361,521.7313246305685,1.091533554658641,True
362,74.53679236964054,1.0782599326541191,False
363,199.90142171283418,1.0378367267236506,False
364,959.1649871357806,1.0647653838948647,True
365,372.71935308327556,1.0313576481203535,True
366,449.20159221569463,0.9950249628287515,True
367,964.5638234829723,0.9706169694303166,True
368,746.3100141204883,1.0379986613804701,True
369,988.3087576166677,0.9966844160257156,True
370,192.33660803758514,1.267586343814143,False
371,388.6246846661843,1.06612018027383,True
372,87.83169102041109,0.974452308546534,False
373,303.7742794250794,0.9251840776031405,True
374,385.0679803953904,0.9053146010450612,True
375,975.866994501205,0.9343846252491997,True
376,114.29787431255805,1.5017699015839148,False
377,606.992788509335,1.0442639692071067,True
378,202.20687748249196,1.3307169970644337,False
379,709.4500850683613,0.9624829043267316,True
380,620.1348518805813,1.0379315715607913,True
381,815.3317071544368,1.0050875994164608,True
382,393.5379117444896,0.9985653050437746,True
383,896.3051461723618,1.0478499433115345,True
384,595.0554016533539,1.0073365300979977,True
385,739.8961542632176,1.0100032193092436,True
386,351.12567453909236,1.023297601316538,True
387,106.83524745580694,1.4094473094780051,False
388,98.0756522565841,0.6595033039454025,False
389,324.78076963700613,1.0249767105652146,True
390,949.6158793411499,0.9956599906874881,True
391,965.0857135867277,1.0562611403663056,True
392,820.0280086335234,0.9787595359390453,True
393,294.3650464922224,1.2529557548081995,False
394,496.1219753219518,0.9915678239472716,True
395,98.80475866204091,1.2342030643993143,False
396,972.5058733889971,1.052970376094207,True
397,405.61103265135336,1.0046964664902698,True
398,621.3250904813725,1.112367272539222,True
399,942.1271811624867,1.0515876057385207,True
400,159.23474776907665,1.2345078515251173,False
401,652.9968450355211,0.9595480406708932,True
402,676.4517513011239,0.9968469768308293,True
403,759.316863148399,1.0528661788647211,True
404,991.5789341238188,0.9502870814159369,True
405,623.7968095272529,1.0206450868119785,True
406,601.9271690142591,0.8972936237664797,True
407,764.6189687824242,1.0675630020207005,True
408,494.6813731220287,1.0247610652829358,True
409,857.9277982990533,1.0305213387990177,True
410,179.6922247522301,1.2128234666747253,False
411,94.77023671058289,0.8190785750252088,False
412,546.565628145835,0.9707164262569145,True
413,889.7580900703838,0.9661747308915298,True
414,106.62422035122054,1.38853918665215,False
415,687.2841604031563,0.886920763480257,True
416,664.5554165201966,1.0365286364379103,True
417,831.0020486194098,1.0166215312912903,True
418,652.9240764630543,0.9612152965449551,True
419,988.5522398517869,1.014719063012086,True
420,840.023793350748,0.9754994901785634,True
421,510.83215459545926,1.0097022118722092,True
422,140.86123566586318,1.8155561269046783,False
423,435.4144095842869,1.0926024706368045,True
424,908.5408550949988,0.9782380339944837,True
425,963.7391336369066,1.0630347977374426,True
426,66.62566958776665,1.2019063263897094,False
427,223.67732705274355,1.0304955389428228,False
428,165.08362895958982,1.152146281183689,False
429,852.8742584222729,0.9901214923150851,True
430,511.26987511170745,1.0256287859168143,True
431,226.59865851649786,1.0456167437980133,False
432,603.2482134066925,1.096827288660475,True
433,885.3909953860651,1.017356237192574,True
434,375.8057538692908,0.9937458945216789,True
435,492.5738894394136,0.9844999913220657,True
436,98.53435877856586,0.8551849956292628,False
437,300.2395369326357,1.0688898080099518,True
438,902.1288739351751,0.977486570155664,True
439,510.24405813475596,0.9808677345942468,True
440,671.2019291387762,0.9926337780450781,True
441,265.9004055617201,0.9881253228305423,False
442,920.8898359165416,0.9704413766850746,True
443,952.2560149076832,0.9646708109249652,True
444,740.929531695122,0.9862544100001056,True
445,88.69613707237747,1.388845797703199,False
446,821.5386746797287,0.996260475773971,True
447,360.0665649056134,1.0073064914593977,True
448,780.8142240237901,1.030090069527975,True
449,543.9291787986419,0.9953419588388353,True
450,121.95104578653664,1.239987100661381,False
451,930.1964423817524,1.0480490879198914,True
452,115.69076863510352,0.8210502914039692,False
453,769.4872574033868,0.9766492408094678,True
454,798.0213114652568,0.9700251650821489,True
455,808.9431272297003,0.9812458489714058,True
456,169.6683892192343,1.6214530946278014,False
457,822.1046649784068,0.981899158350206,True
458,928.1015137601356,0.9532597423460508,True
459,855.2041116598803,1.0627719180438346,True
460,720.4621469654514,1.0465108369314549,True
461,122.57932528731841,0.9673652909810555,False
462,484.5344921932298,0.9087214240370116,True
463,506.8263144476706,1.030454879780712,True
464,749.6975345927873,1.1161947617525407,True
465,497.8090543321025,0.9929080114693379,True
466,690.3077650302655,0.9387026159658373,True
467,330.10732375642624,0.9961490583995708,True
468,884.7761069572073,1.0238861596831406,True
469,60.41117700100736,1.607228431409484,False
470,523.6171054308929,0.951827750358014,True
471,890.6238584261488,1.0773877374990801,True
472,475.9547807354128,0.9811400154526161,True
473,140.2388113082019,1.2119962752416054,False
474,386.56783152434724,1.000676731112188,True
475,448.10411563290285,0.9400221366689874,True
476,758.2628657819026,1.0162641591033559,True
477,445.7552789891027,0.8638515892319691,True
478,913.5123520806458,1.0614183723696455,True
479,399.3770266655411,1.036374304765235,True
480,275.8116446668044,1.03899428717306,False
481,600.2845733133483,1.0166631399648622,True
482,396.0496710173693,0.9698425188848561,True
483,645.6488488161269,1.0095166421266897,True
484,473.8906183599283,1.0270673698089157,True
485,782.0561022819422,1.0975152424705583,True
486,278.45364279399723,1.1558543904744778,False
487,283.61642348440137,1.4338711954012544,False
488,883.051786667712,1.0506536497670464,True
489,668.4698354290653,1.0453751842776169,True
490,898.5144094056313,0.9168340323271238,True
491,190.7398015170304,1.323540907338346,False
492,829.0054159763192,0.9801984893478322,True
493,365.7079816853183,1.0663558347924014,True
494,467.22593028228766,0.9364106653670374,True
495,292.03632969150226,1.121318217297049,False
496,998.0767236721697,1.060066460066214,True
497,422.920555531166,1.1345064781606349,True
498,98.88812779893662,0.745632373865337,False
499,701.917887379281,0.9713372125839358,True
500,419.09300441045576,1.0013686322891047,True
501,443.09364384685955,1.0206099152289207,True
502,658.45380554252,1.0739017245179532,True
503,309.7671301770295,1.0983398234448707,True
504,392.11646858178585,0.9537518279192735,True
505,189.63802209129963,0.8139631086488777,False
506,819.3236231764171,1.0400982536154784,True
507,754.1558956995224,0.9185424587937453,True
508,918.5364477063789,0.9099275741236743,True
509,711.1840878477242,1.03670549407399,True
510,720.3054748349128,1.0654691001297445,True
511,322.78183779751055,1.0318346313420985,True
512,263.5571251862773,1.2037022056738051,False
513,580.5921349274387,0.9553539678137923,True
514,352.9750599803679,0.9703858218024073,True
515,855.8263288437375,0.9280368838171239,True
516,615.6289021709641,1.0304368600989349,True
517,671.8798901445709,0.9286508939831606,True
518,160.30011124253207,1.3328977498266656,False
519,912.5616625593294,1.0157132599321097,True
520,52.71039054743575,1.4223351633864771,False
521,256.7723491105964,1.3339847878519842,False
522,745.7695423343577,1.0061823690402976,True
523,243.5854177273573,1.515299701403181,False
524,963.7674264622382,1.0122776039586532,True
525,447.13843983223694,1.002146476747218,True
526,710.7465758639388,1.0003480300208156,True
527,808.1133888148992,0.9998832545883939,True
528,679.3259039861767,1.0262347242724041,True
529,336.0385520592663,1.005424012173859,True
530,985.7754285632469,0.975175109938598,True
531,64.05839341586756,1.9365956399020998,False
532,225.273829108802,1.3076088399558699,False
533,322.14860815835505,0.9328969831414504,True
534,83.41829279214485,1.9083496177260564,False
535,508.5461502835114,0.9790877008744018,True
536,865.546257522322,0.9453935806218994,True
537,875.8930461315842,1.0163783402676,True
538,823.1443591892116,0.9963975061051945,True
539,705.5884631465838,1.0389899662136424,True
540,184.44918630058206,0.5924590520852521,False
541,772.8237753957052,1.0337503403949309,True
542,714.0872032882486,1.0832378746862117,True
543,386.5518963980395,0.8956694449879371,True
544,606.7288999986295,1.0302551452195885,True
545,349.3491750549232,0.9988149168424922,True
546,253.74818992599648,1.1729668362487173,False
547,924.6278166195809,0.9306833769579718,True
548,988.334232589452,0.9717683534212684,True
549,269.03756705076836,1.006479837428808,False
550,206.35988329190496,1.5172112379314808,False
551,573.4643308985402,0.957343277240077,True
552,874.9866474615404,0.9931230892254618,True
553,885.0286317242001,1.084230155882817,True
554,877.9078664616495,1.024696836770405,True
555,89.51099198866031,1.3185833964411402,False
556,690.0888846870106,1.0527893017924397,True
557,858.555046161468,0.9827022340439457,True
558,58.007276601878026,0.645026568784529,False
559,820.7106197183799,0.9937761526759971,True
560,933.4304421432375,0.9244964661476364,True
561,624.1808616058902,0.975947118182374,True
562,532.1159167652656,0.9663644952386037,True
563,312.9085104382319,0.9894896636406743,True
564,418.374533642509,1.000309389182886,True
565,830.2956869114514,0.9516849706318813,True
566,995.9291587956908,1.0897361301296258,True
567,149.30189573492137,0.8037315442315117,False
568,902.8782713831221,0.9644617947228983,True
569,287.86381425749374,1.441217578402997,False
570,175.3525279392437,1.267003956530012,False
571,873.5631210766917,1.0080241417471425,True
572,129.5508512611789,1.1607612685176716,False
573,70.29654768958882,0.743328095643504,False
574,269.2546738766716,1.3163898538243552,False
575,166.61308845300766,0.5394222242656433,False
576,998.9042651688832,1.021139858909004,True
577,512.3540467081594,0.9567256859659089,True
578,146.14087286976488,1.0346085209570446,False
579,928.3986184758902,0.9628829405581232,True
580,976.6029168165655,0.991356642745421,True
581,110.52781067108315,0.9489045079844487,False
582,318.0934523790509,0.9805971513398105,True
583,907.1595349920455,1.0452570758965667,True
584,296.03056333625165,1.5290046703536773,False
585,77.34244742291709,1.8161382889284658,False
586,651.6638678599383,0.9427616494596067,True
587,404.9553571135294,1.0214439202229337,True
588,687.3577322934018,1.0403194984044868,True
589,98.9981634363518,1.5808195685795614,False
590,358.1072591010258,1.0510338282123388,True
591,187.85040559857092,1.4699745772615687,False
592,942.4232791690039,0.8949872950367233,True
593,995.286344538624,1.0891933911499696,True
594,709.0026396294097,0.985152276915432,True
595,227.4954274494317,1.0827845464857058,False
596,554.7281832500183,1.011096180916597,True
597,972.487778599445,0.9744512941813291,True
598,670.0003474400876,0.9739975319663057,True
599,801.2028978314274,0.9636523712883588,True
600,661.5842384489874,0.9500569459884409,True
601,438.1846958170306,0.9425201117088333,True
602,778.4861517905904,0.9708934103198227,True
603,582.4096096038322,0.9516307750007802,True
604,803.978135916536,1.093240315587539,True
605,300.78733225053907,1.0344112987875815,True
606,213.59033068551685,1.1744822677680946,False
607,538.718550692353,0.9777918960120898,True
608,104.66642523854708,1.323926198339861,False
609,475.2680680903079,0.9663697749662559,True
610,164.29897131084897,1.671809659360058,False
611,553.4742170264041,1.0036619728542648,True
612,399.1757911325501,0.9334463672340136,True
613,382.3075976478291,0.9954085209284554,True
614,467.89361843072606,0.9325923459993941,True
615,374.48568811526565,1.0034350697810714,True
616,656.910858856088,0.9627049644200939,True
617,767.7865850348304,0.9536004583170465,True
618,708.5613452452938,1.1405833254842723,True
619,356.1512022086458,1.0717815561958186,True
620,468.1596615393492,0.9160255283984935,True
621,516.6199470511845,0.9796371673704402,True
622,287.84049016994686,1.4089327149955784,False
623,450.1802918647877,0.8670668136332561,True
624,262.52725621320894,0.8806745980439583,False
625,665.2382335206606,1.0951509155507013,True
626,498.47768717348805,0.947520238117766,True
627,883.5718046222096,1.0451277674935067,True
628,167.215030505742,1.2647080197189293,False
629,726.304336184964,0.9932960683283515,True
630,690.630092198691,1.0184781344781633,True
631,181.55617512471179,0.9999206045012672,False
632,368.28991986110447,0.9750949939207819,True
633,563.730080616123,0.8825683621641394,True
634,219.96175032571136,1.1477276528735885,False
635,382.3111713789474,0.9467562382698451,True
636,244.81083977196806,1.3451657507652728,False
637,547.595232966574,1.0437552614210421,True
638,764.027338378257,1.014892212998711,True
639,621.1613999696457,1.0397460989824954,True
640,133.53606791325763,0.9783458306783559,False
641,606.2484764850491,0.9280202880774936,True
642,593.7614198613348,0.9855225528319653,True
643,233.7263695755548,1.4213100608143916,False
644,909.7444205834701,0.9463197053732982,True
645,552.9854086684669,0.8871642395891117,True
646,308.1010361738663,0.9477559890527596,True
647,594.0677545150413,0.9810960448286843,True
648,572.0000676599652,0.9323224303712295,True
649,109.1973379774394,1.4243583608988593,False
650,670.3570026518096,0.9486699915849766,True
651,360.37516899849754,1.0161607613900476,True
652,741.1069005643402,1.0471173458850116,True
653,756.7347226214441,0.9814846621072669,True
654,896.0572521181881,0.9161697244659667,True
655,506.70726564855676,1.040088943807637,True
656,800.1020305819792,1.0202792340147475,True
657,555.4086125295166,0.9671268232708068,True
658,525.658259154364,0.9769944558614305,True
659,674.8046066415753,1.0814077608206214,True
660,745.064868937853,1.0380088920410788,True
661,549.731857314554,1.0294300364310474,True
662,648.7823717942592,0.9707951527883494,True
663,740.5548478075168,0.949034915945814,True
664,976.0330929709689,1.0331537328282137,True
665,813.674449863927,1.0693919997143562,True
666,848.7331133448179,0.9901294201665195,True
667,870.358082978299,0.9631932858369022,True
668,543.9519918808729,0.9557939131884898,True
669,264.1173952803417,1.335596387076476,False
670,849.2766441476749,1.053806444185608,True
671,321.348071260443,0.9293255598776051,True
672,135.22995640277477,1.4249179318401848,False
673,595.1140356372379,0.9071935118717778,True
674,664.7772817275262,0.984636472562916,True
675,708.4978999081769,0.953185783713285,True
676,55.52115763219283,1.193930411641409,False
677,555.207194864782,0.9763716916078592,True
678,630.2619178940289,0.9415616060765398,True
679,213.66350979022832,1.2933901466968933,False
680,556.1446108828193,1.0332110442250217,True
681,599.3545140791617,0.974438664914094,True
682,353.5574113220444,1.0691076361926581,True
683,779.4838443607442,0.9942197730140134,True
684,231.31699479572742,1.166556949366226,False
685,345.17026730001953,1.0183327321087592,True
686,68.70214329027606,2.1567254653954175,False
687,931.8440933989323,1.0129776390120804,True
688,853.990659854918,0.959233061185289,True
689,172.48697334493846,0.9680934130962774,False
690,402.3000525485487,1.100337462856825,True
691,559.7274738842648,0.9029276189376637,True
692,370.2641645504703,0.9855565981563805,True
693,895.8601425934253,1.0511827289189755,True
694,362.4306472648825,1.0192969726095262,True
695,638.1753119492479,0.9594855256897743,True
696,991.5594234326044,1.033248471340533,True
697,807.6140272827157,1.0220926073441237,True
698,663.9355897363632,1.061717742908007,True
699,77.29555768676047,0.7793586272958106,False
700,179.91776645169722,0.6993035402860067,False
701,663.8046934010052,0.937186894456393,True
702,737.7971288120722,1.026362018901848,True
703,825.75050537535,0.9864736896095764,True
704,544.8488319770436,0.9521347886714742,True
705,373.43096234335286,1.0016791370633147,True
706,785.328635155252,0.9646738297020906,True
707,292.43040254216135,1.5691168711106767,False
708,436.48442833156565,0.9947848200397957,True
709,384.52127729863327,0.967702077603024,True
710,607.4216027463413,0.9730964315493578,True
711,663.5155251462717,0.9809911516752621,True
712,444.164369796522,1.028705725419893,True
713,879.6102384619709,0.9458058459636511,True
714,591.7976021090922,0.9823905570566971,True
715,83.35527993867278,1.5103260514313892,False
716,998.3559003662676,1.04280534333037,True
717,647.0091956447282,0.9852660347310425,True
718,328.4185784590751,0.956109012109993,True
719,760.1589319490148,0.9464492311935414,True
720,140.4055726332943,1.3595446500390298,False
721,169.35285748331447,1.3423217644673144,False
722,352.8937742025048,0.9793900120275508,True
723,955.1574986736864,1.0145199029859393,True
724,267.3493835402761,1.2233887052957748,False
725,951.8237562863901,1.0620898679705764,True
726,493.9841794709676,1.0572988649043986,True
727,234.02357281924355,1.4396977670559552,False
728,801.4100881156722,1.0228429717730645,True
729,514.7853465890445,0.9515718025463195,True
730,917.1588095212246,0.9346699714730061,True
731,935.1874797425884,0.9781586366496234,True
732,740.7494541498752,1.0172959415595926,True
733,894.0065027316156,1.0485440460507436,True
734,381.97969564408413,0.9848875000473939,True
735,318.70375523797,1.0239643500093696,True
736,224.85070953771924,1.0495212273780514,False
737,768.707775330043,1.0754286961486619,True
738,66.8075166817067,1.6088357223763987,False
739,51.3739093909886,0.6219375209391259,False
740,364.107806810609,0.8683148169347727,True
741,204.34061001790388,1.818520836939202,False
742,364.98520611110035,1.0163255831191405,True
743,865.4518156325985,1.07220868448301,True
744,70.73221292434508,0.9618231678127964,False
745,621.9306145783307,1.0037794341964443,True
746,631.578072435651,0.9882986863135608,True
747,226.5508646013915,1.2622903234096492,False
748,395.85936180854276,1.062648449594025,True
749,379.82351780030564,1.0292622451978168,True
750,325.12478059048055,1.0308343802204767,True
751,704.2865998978835,0.9598640677050385,True
752,861.7745409979036,1.0851111587145943,True
753,675.8437267034899,1.0631905749152815,True
754,216.77108584225613,0.9771433600821768,False
755,621.86283401355,1.0648805719806265,True
756,433.266321293279,1.0931121711773133,True
757,693.6528365718606,1.0133250467556,True
758,424.99564119766154,1.0493032189843807,True
759,187.81172312747648,1.2746507105806044,False
760,74.0665560434602,1.6831858763735323,False
761,758.5515482275542,1.0029631973060966,True
762,959.7090404704486,0.9489782718991457,True
763,872.6854915158212,0.9698639661217138,True
764,400.115716113066,1.0556232899584017,True
765,803.7580648541998,1.0067688143534528,True
766,153.35544616836023,1.2897483466698654,False
767,728.8767105470791,0.9272702082546889,True
768,979.7100488624,0.9585627172423103,True
769,323.0301972098383,0.9432058947343214,True
770,701.2574718674144,0.9666888310539317,True
771,756.722023373495,0.9735361214369407,True
772,294.51133165661895,1.1046689944158674,False
773,143.99515479953783,0.44760577560819614,False
774,168.40782833671295,1.7055982958834897,False
775,938.4015641777856,0.9973940835410917,True
776,789.964646542147,1.0082256094902047,True
777,938.6314191191939,0.977298187186212,True
778,381.2248278601018,1.0437265319843425,True
779,362.426965275862,1.0236437719761837,True
780,468.02828578805844,0.9754669771107868,True
781,917.2185646098267,1.0728418582185868,True
782,867.638171256744,1.033329625493411,True
783,999.6113147867989,0.9792009931663395,True
784,129.38894199307384,1.6041147801668283,False
785,701.7221235674177,0.9774418239743453,True
786,159.02576484901533,1.4487729240579306,False
787,618.9029460434682,1.0398503635640444,True
788,634.7168613003063,1.0193031658163654,True
789,549.6262013667201,1.0586518766117263,True
790,526.7895547767747,1.0135638621493313,True
791,720.5167415476319,1.0535189092896893,True
792,468.6961609588343,1.0171703011547344,True
793,63.89137651034781,1.231569360670213,False
794,500.2775703679714,0.9808973715743112,True
795,391.68003009388667,0.9805802297528897,True
796,206.0596728669765,1.7040382098667932,False
797,147.4064737919171,1.2627587485553113,False
798,744.7135796538347,0.9741352911908592,True
799,863.9175575122467,1.0246771314957273,True
800,346.34967712342467,0.9658271394381815,True
801,798.0657955268929,1.032709112085103,True
802,372.72892432082887,0.9886839225322824,True
803,978.4646272949689,1.023103373874817,True
804,241.38754094848542,1.6388047698175765,False
805,479.9392746110332,0.9943246610102033,True
806,647.9823122359641,0.898947341763488,True
807,222.32441674913528,0.7682823566624113,False
808,434.81906237647735,1.0373927516669321,True
809,103.78980345363972,1.1605972207531579,False
810,661.3294335264432,0.9516016824036038,True
811,955.083309740539,0.969614270261561,True
812,328.85090629236396,1.0115121265704274,True
813,722.6163831301837,1.0047667134207687,True
814,900.4973730875055,0.9995437054701525,True
815,601.2376545484403,1.0206095547820913,True
816,604.4046229916622,1.0092653892238275,True
817,101.4689375045914,1.5579956588562944,False
818,338.491922039393,1.016124288249207,True
819,774.9335955439915,0.9117836749296684,True
820,186.78560591268348,1.3885557466768574,False
821,56.805388657383496,1.4768303270757364,False
822,146.50913063782048,1.4582472183417603,False
823,493.73321166235775,0.9703943804163198,True
824,826.5746633313036,0.9406946901153519,True
825,247.1709507442168,1.3655751260742037,False
826,589.3885380685023,0.9804706090824288,True
827,865.4001765239381,0.9567211464778329,True
828,108.17966673847957,1.2279677756869214,False
829,718.8243538831983,1.0052405017472221,True
830,551.0828488533925,0.9973928830893137,True
831,734.9963792692629,1.0097647597187727,True
832,289.9176978027951,0.9748849030634035,False
833,956.5788157271242,1.063556638422824,True
834,673.9414703180282,0.9798337698194876,True
835,314.97984404335574,1.0350404619656695,True
836,144.75602764699528,0.6400908955251929,False
837,640.3663642731455,1.0124529122779657,True
838,790.9051128620117,1.0076632066568263,True
839,496.76301758740715,0.9748441321948141,True
840,493.3017289399277,0.9818015822832585,True
841,999.6840979587581,0.9435050168119365,True
842,677.8517221686521,1.0342650802058126,True
843,234.9298748699826,1.3908207482561608,False
844,136.96694839695004,1.384798976235567,False
845,169.46859356027784,1.5760020962148014,False
846,775.6027223090167,1.074231081269519,True
847,602.3801719850035,0.9421454322603634,True
848,182.32536219145635,1.8785992112444836,False
849,562.220772949851,0.98454571362047,True
850,438.9610514262003,1.0268044057247163,True
851,621.9839974156805,1.0365935998508016,True
852,584.7635009114617,0.9249626395442576,True
853,134.63430239037012,0.5199417710834999,False
854,615.8917178038532,0.989391696589689,True
855,238.57919567722888,1.346967984540524,False
856,472.5211062724552,1.0481782056923155,True
857,753.4480455974539,1.0184402732994169,True
858,536.4289679569503,0.9981889589840325,True
859,791.5127700851235,1.0703156762115835,True
860,565.7402570515322,1.02763301642298,True
861,84.92026297550345,0.9394053959525032,False
862,387.3640919456475,1.0489752737079374,True
863,638.6397912326514,0.997906725991498,True
864,626.8995739116987,1.0297814897281392,True
865,156.2040332971575,0.5441242608464546,False
866,958.4134063673436,1.0338041462917964,True
867,289.0210622198184,0.8959537989150022,False
868,847.8313475438715,1.0021787409496588,True
869,430.4599559205426,0.9945972325434749,True
870,373.0384325066104,0.9937935494074924,True
871,244.0605206260687,1.460380099889233,False
872,299.6021438093409,0.8668243938747788,False
873,559.1294172140133,0.9883022029059942,True
874,664.9683482582365,1.0502780109175152,True
875,941.257803238159,0.9956506985894775,True
876,834.0242615310736,0.9278119121004506,True
877,526.7952151727095,1.0474327756450963,True
878,359.2791326690363,1.025597400452607,True
879,481.657939482566,1.0221368144335536,True
880,245.82002783196054,0.9493398284260557,False
881,621.7272719330164,1.0098438294911594,True
882,446.6156601123104,0.9368523832502554,True
883,859.1908226702927,1.0059111744029414,True
884,386.49773978646215,0.9743899987191068,True
885,402.9788269950768,1.0061231901628456,True
886,110.47197902359025,1.0147730310528547,False
887,100.70765097489738,0.9901183580958126,False
888,849.3624220465009,1.0838865596660807,True
889,220.0561631377827,1.0221190621530523,False
890,560.0981545067752,0.9678529523508984,True
891,983.1067949829594,0.9798767008867435,True
892,906.9545647028042,0.9961592038324771,True
893,603.2374296451444,1.098110212782931,True
894,927.7782503904358,0.9379961427805644,True
895,958.5522053143209,0.9266444913127418,True
896,695.8313308476081,0.9039429535076271,True
897,630.5430427986563,0.9771467492352081,True
898,834.0650414540758,1.0840780480005214,True
899,441.30620981768783,0.9067588743515611,True
900,970.002366798695,0.9869699349921758,True
901,94.66513328276831,0.9681161480794187,False
902,634.7157289381154,0.9440795140438267,True
903,526.9481390280583,1.012415864236212,True
904,270.9005439213021,1.5979963577875842,False
905,673.464173658904,1.0428537197461545,True
906,599.5833903557412,1.028280077829952,True
907,437.2329191831528,0.9615989620318566,True
908,652.4002878877591,0.919195264046516,True
909,481.3542422111291,0.9464311705522754,True
910,907.5451514208686,1.0352935839602582,True
911,506.6198224409833,0.9757557548177455,True
912,197.6708278337111,1.5204537699752574,False
913,448.86801281371487,1.0069540621950293,True
914,444.5846063092592,1.0633601799271488,True
915,387.00819171349053,0.9745264009723206,True
916,915.5904472119771,1.0806125082289264,True
917,554.9731410776851,1.081862881055455,True
918,641.0200887368609,0.968260932773654,True
919,382.42671209869553,1.055364011862738,True
920,76.78302384587526,1.321687625877424,False
921,335.1660010746707,1.0002201547134788,True
922,667.0293102161515,1.0151458131144195,True
923,945.4146051818822,0.9190057671972477,True
924,662.4293181034934,1.0472060806451167,True
925,944.1933359148056,1.0121504168035664,True
926,231.68843693261303,1.302059658047299,False
927,832.4485562376815,0.9586244599597675,True
928,847.7043203510597,0.9731824761523413,True
929,949.4001064260973,0.9503357589204698,True
930,347.5934132653082,1.02657520984778,True
931,835.3418721454594,0.9910125702480975,True
932,526.9517196116585,0.9974377147362825,True
933,759.8994689533371,0.9630407144551983,True
934,466.016585428406,1.0101731015093984,True
935,980.2607871694775,1.0534472322405704,True
936,58.42888245889806,1.928150432394332,False
937,752.5209937025618,0.9587021936218191,True
938,159.4431870201745,1.4446088366324237,False
939,319.25255065606524,0.9764732129882993,True
940,672.036996392645,0.9790522727035216,True
941,820.2580963894931,1.0459094376930105,True
942,824.20473929819,0.8957947675531488,True
943,419.9800997458352,0.9807421351450858,True
944,654.6998102432847,0.9865390137549751,True
945,712.9057552343419,0.9389492727917257,True
946,841.3925798851454,1.080279336991654,True
947,147.98290143122136,1.2681816772514156,False
948,391.9210585425526,0.9871046162880495,True
949,531.0266959984808,1.0381957554841366,True
950,971.279401015844,1.0558859469898962,True
951,969.1592954691483,0.9956157783324306,True
952,116.7542134565016,0.49254534203968403,False
953,315.1521932492256,0.9406796753364551,True
954,945.3098765443222,1.0222001934869667,True
955,685.9637091397364,0.9907344366879516,True
956,582.3845769498743,1.123251176842756,True
957,736.170548446601,0.9994261126154909,True
958,147.61774975314137,1.2175543647439864,False
959,120.57349322327175,1.3770448754882127,False
960,447.596025895052,1.0117241134164108,True
961,618.5998807718544,1.0833195853014383,True
962,588.2721552411236,0.9520906261511081,True
963,649.6727666494367,1.0876349407388397,True
964,451.41962809877896,0.9967433799573752,True
965,109.3265813095297,1.5498370451172194,False
966,637.4164583658867,1.0432693898237528,True
967,222.8272709784584,0.4371383619837943,False
968,576.1670288644397,1.0114199744761987,True
969,745.968794682646,1.021379864096895,True
970,577.9139489518043,1.0580167626074668,True
971,868.4481450521922,0.9844323013880809,True
972,209.87203706949757,0.9936860807309396,False
973,65.80207320866073,1.6940096900231179,False
974,596.4545144259695,1.0102113856803094,True
975,131.6523299393445,1.0241602067998103,False
976,928.8952771406525,1.05232874377494,True
977,721.2067614355913,0.9985666265890942,True
978,966.8884936238977,1.0534007693761889,True
979,96.87882220772956,1.007859771033753,False
980,459.1291018740161,1.0793832165938335,True
981,536.1522443918298,1.013604991670469,True
982,180.42600957496353,0.96654103371866,False
983,244.820068826704,1.726831241308022,False
984,501.83739907499813,0.9205907777219491,True
985,704.547823851187,1.0225229078818776,True
986,890.4284624580823,0.9633086611424988,True
987,282.72122698438113,1.3161660128206472,False
988,132.9758362773548,1.2307360250669934,False
989,431.69249497133706,1.0223145072823128,True
990,278.3798244128544,1.466279732625839,False
991,313.35350113701196,0.9063562222716168,True
992,888.6645282795317,1.1116293443276932,True
993,336.43099855953994,1.0351166776431329,True
994,576.6769255432023,1.0449739216798426,True
995,195.60051410739018,0.8325786257095584,False
996,188.8358796084266,1.28734601532375,False
997,745.2005149060033,1.033094297270263,True
998,320.44972188484263,1.0587611097631227,True
999,340.26186820669346,0.9687579891001656,True
1000,252.4757341375841,1.1350456504584354,False
1001,840.1953439748709,1.0080806115972483,True
1002,482.5547232085839,0.9092371637871484,True
1003,936.8240615596269,0.9856545711755944,True
1004,935.3890227474564,0.9187629493724456,True
1005,706.3700382381749,1.0476160974250046,True
1006,142.61943227901162,1.6360436443367166,False
1007,483.7616166319525,1.0346936565083364,True
1008,773.9612114183044,0.9717423152588739,True
1009,814.6872772887108,0.9697169459445102,True
1010,818.6870220983783,0.9382915645832652,True
1011,403.25742585558015,1.0506347797668831,True
1012,594.7581717607248,0.9472869835096985,True
1013,358.5177269001232,1.0080530962868932,True
1014,812.9018445166238,0.9274949138566632,True
1015,843.7558330677084,1.0247007643698518,True
1016,616.8202471016456,0.9399633865375812,True
1017,445.065317515789,1.0604420280992493,True
1018,852.7819943142986,0.9853019282724483,True
1019,123.01286194150985,1.2694629993021973,False
1020,518.9903798495931,0.9125194711147363,True
1021,86.55945429557835,1.2255520584644568,False
1022,210.5645444255513,1.1374404483425635,False
1023,525.4075663475043,1.0204939978077994,True
1024,225.90652511138657,0.7499307648566133,False
1025,311.95770703596867,1.0412704553094552,True
1026,750.582226278717,1.0602748114825766,True
1027,318.6061363651945,0.98307774520726,True
1028,518.8043690483748,1.075986697807625,True
1029,449.1530528292936,1.0085395969044173,True
1030,965.766733211297,0.9977722245192187,True
1031,337.02756405499633,0.9538517344936905,True
1032,67.01769659542444,1.5784820725099924,False
1033,92.87745407374487,1.2877610245819435,False
1034,794.0670600153105,0.9235734053321262,True
1035,653.0099868022153,0.8592507015287645,True
1036,486.30791564253724,0.9266053917800406,True
1037,67.14181112661957,1.202525923797211,False
1038,610.5902519147312,1.0158607664598729,True
1039,660.5432139238454,1.0332132239634082,True
1040,958.4148682831693,1.0349916814266358,True
1041,519.9970077470498,1.0527458256848659,True
1042,659.4564609302686,1.070371695761772,True
1043,885.1391865861858,1.0079291662833663,True
1044,269.6334403508614,1.1292014417944458,False
1045,426.39198034757374,1.0260729977320717,True
1046,691.459621452201,0.9519004490574617,True
1047,851.3293096227923,1.0027841577134669,True
1048,741.53010264839,1.0180160898084096,True
1049,503.34827974963196,0.9993447440255304,True
1050,794.8468003920535,1.0315197146857296,True
1051,531.1309752423205,1.0167309335666948,True
1052,921.9765683596527,1.0321923317208768,True
1053,683.4994608324101,0.9783993974479963,True
1054,367.0569949795553,0.9117268055738792,True
1055,629.4317882938451,0.930902378746183,True
1056,200.6853066724301,1.0965899878420025,False
1057,881.8511143915773,1.0031129079556351,True
1058,252.232597975685,1.2907623787396652,False
1059,96.637271102282,0.9104048083869485,False
1060,166.3555592990358,1.9419040378777719,False
1061,917.7622363107048,0.9978303204071465,True
1062,624.0000788275851,0.9922378508755092,True
1063,862.1047879327057,1.0408015936256403,True
1064,475.34265073653347,0.9654925392672712,True
1065,59.159372701706296,1.1634677362323549,False
1066,323.13619634701195,1.0916151137266097,True
1067,730.6165704639172,1.015838753888222,True
1068,326.1719176086412,0.9544970637049277,True
1069,127.05048444885729,1.0942231855854054,False
1070,195.08732312986254,1.385936096691086,False
1071,900.4613477752521,0.9516111836859936,True
1072,996.3049346203944,0.9725349816982394,True
1073,700.2551174319801,0.9266657983348706,True
1074,866.760377170961,1.0549069680117664,True
1075,776.1283198875757,1.0290658773831638,True
1076,585.2148905189483,1.0366961574538174,True
1077,808.3860122829968,1.0977131105919002,True
1078,736.5820117890835,1.0356261125214048,True
1079,81.98073939864122,0.39384203468785617,False
1080,842.8578862008114,1.0157831171812208,True
1081,891.8065417142815,1.027406714029123,True
1082,868.2812603906922,1.1371216107291193,True
1083,649.3616017512657,1.0220089043190452,True
1084,740.8284139507099,0.9916312897886709,True
1085,341.17507136094383,1.0736253542527727,True
1086,645.275230808509,0.9577219597762172,True
1087,218.86103827582514,0.9476135769437122,False
1088,999.921102527969,0.9984311251405322,True
1089,812.111802268589,0.9548429691730695,True
1090,993.3887605021222,0.9938972679783292,True
1091,165.70206847359907,1.320018641297408,False
1092,564.691878622044,1.0435363226149141,True
1093,586.1913794191846,1.0498345608641335,True
1094,363.8541388626997,0.9658366696279193,True
1095,604.4719187111787,0.9736070518953739,True
1096,716.2599950397787,0.9724687324521888,True
1097,423.14383138335813,0.9363338372684862,True
1098,189.47634771467628,0.44206412081194735,False
1099,106.1922748919698,0.9733931663900736,False
1100,106.60270141918843,1.1220085820668462,False
1101,260.91976157706017,1.2272822739293254,False
1102,101.89373849346833,1.437737779270333,False
1103,719.6355325352561,0.9655212694835178,True
1104,899.119587486226,0.9666116515481925,True
1105,544.733685978593,1.096625052187378,True
1106,58.35939478358517,0.7673258846939637,False
1107,484.4984968400676,1.1383850535535411,True
1108,550.5206549822171,1.016870049936424,True
1109,529.6998612723694,1.0924532534615374,True
1110,502.1309028976409,1.0202618304357358,True
1111,246.25546814726968,1.3248846157284315,False
1112,904.8184453827234,0.9956726792724608,True
1113,451.8916068008575,0.9759813667059937,True
1114,707.8269344448505,0.9911945259155038,True
1115,631.0454245887605,1.0666783202522396,True
1116,431.8440287249375,1.032581634863417,True
1117,708.1594564736448,0.9949868488857541,True
1118,232.3662101834934,1.243309255468387,False
1119,397.6374642052253,1.0032969729602224,True
1120,349.40815763377105,0.9913220788473923,True
1121,528.5580946566249,0.9369361645028251,True
1122,657.2438129470955,1.0105238704665798,True
1123,426.3241098922843,0.9854795900570049,True
1124,306.42288057942716,0.9459533129758787,True
1125,767.4892120552929,0.9266446907089579,True
1126,560.5712546868081,0.9959500507953206,True
1127,465.4200971515472,0.9430957399021047,True
1128,165.73957938951963,1.7130364124281088,False
1129,87.54527341627923,1.6470711825963518,False
1130,371.3091897248672,1.011872882147744,True
1131,315.35293920782783,0.972914888824318,True
1132,488.8729256494876,0.9029853937297765,True
1133,809.2811204500463,0.958595389854252,True
1134,842.7722758244282,0.9813551644847791,True
1135,725.9872091375674,0.9874988526523617,True
1136,454.211062747784,0.9866815440971263,True
1137,610.2331141544058,1.0795578671311765,True
1138,376.4833827826144,0.9407065678985349,True
1139,903.6375286306137,0.9821784673935374,True
1140,987.6359143295983,1.0124608923318403,True
1141,981.2314776466332,1.0364748182024857,True
1142,664.4340719068647,1.0081477693804648,True
1143,459.2717790749174,1.018043767233887,True
1144,497.68319750400684,1.0665035464154982,True
1145,629.649560152979,0.975949039688393,True
1146,816.8645907337049,0.9564045053123772,True
1147,691.3014261764653,0.9311380024862127,True
1148,51.68771271219765,1.9945288073860246,False
1149,69.86571267526296,0.7953370106250823,False
1150,158.9902381642932,0.6404241600571384,False
1151,606.0831505199237,0.9900919456239257,True
1152,836.5654965761536,0.977070875501654,True
1153,275.76403393204254,1.4970206746215367,False
1154,931.0160490273138,1.043088427007716,True
1155,765.9290409259331,0.9759397068541771,True
1156,806.6039595153678,0.9746984583530176,True
1157,865.536132464455,1.0136499522466418,True
1158,320.5583122623314,1.020351885107611,True
1159,373.3183033377552,0.8984166592682212,True
1160,607.0005468039575,1.0578330384764065,True
1161,102.42312504117706,0.6118813934519745,False
1162,502.5795205930246,1.0168839600852293,True
1163,438.4876883407668,0.9502804201054184,True
1164,614.1501424352149,1.0653820272711958,True
1165,118.47401558880361,1.6815715764377899,False
1166,105.40607573635475,0.7462589523510091,False
1167,725.8284246158563,0.9568255482411837,True
1168,289.01385845960283,1.2066275905879578,False
1169,197.83786247688204,0.7331036302953713,False
1170,428.54432139603455,0.9635736542083182,True
1171,564.8296746155208,0.8935592086135753,True
1172,884.4786741305574,1.0185878944459739,True
1173,561.3785347863609,1.0615370772483403,True
1174,739.4745687149574,1.0169964484304646,True
1175,729.5445610516006,1.0136956654037697,True
1176,416.08603128070365,1.0396472344311956,True
1177,71.65705811338648,1.1138603853118692,False
1178,808.4924420184811,0.9189884445771572,True
1179,426.3733346346543,0.9551077550730924,True
1180,681.8157176314162,1.046207637609486,True
1181,533.9424211524554,1.1006366509582057,True
1182,830.9952974103022,0.9963645234584846,True
1183,975.1660469991353,0.9815260332320687,True
1184,86.3628463609347,1.4240755772304015,False
1185,882.6151914334812,1.0274392576223481,True
1186,448.8373939386552,1.0501190216769747,True
1187,692.8653543552564,0.965560499761493,True
1188,494.4767346162844,0.9159275600594217,True
1189,844.0479414584287,1.0368825880231132,True
1190,911.0733147781494,1.0657415964977135,True
1191,997.0990914012592,1.121832113478134,True
1192,251.8721285837194,1.0224394758149151,False
1193,233.7161067418638,1.5221365110249974,False
1194,853.8686629371581,0.995146726706412,True
1195,288.6780013607539,0.9548443594735778,False
1196,279.161187715001,1.0864524177544785,False
1197,528.9398525605941,0.9704662133561853,True
1198,538.7742214471004,1.0706788649521748,True
1199,473.0073502262106,1.0393407100194452,True
1200,682.3937107604675,1.016725167595183,True
1201,821.7196008458935,0.9667766814299661,True
1202,210.2360400072547,1.2332660508673599,False
1203,936.5940383363765,0.9601842680545772,True
1204,185.77885143848846,1.786243189932983,False
1205,494.6769947779169,0.9931508188089874,True
1206,680.8232039955483,0.904143963349806,True
1207,377.2616533937811,0.9506077785507252,True
1208,954.6254636484321,1.0894536047364725,True
1209,640.9940197888676,0.9826466070230467,True
1210,651.0367871191218,0.9628022195518086,True
1211,973.8956956970997,0.9886068739500459,True
1212,456.25347281177744,1.0008784097760175,True
1213,205.94936606973536,0.45567551207712687,False
1214,603.2921546217923,1.0086912613337422,True
1215,409.2114667810048,1.0741090018720125,True
1216,900.9207767710332,1.001113536342787,True
1217,60.84055618294062,1.2253472118776882,False
1218,500.2700583145021,0.9939155172966098,True
1219,607.5083138496047,1.0543084133578766,True
1220,534.4724533099813,0.9602900156143729,True
1221,291.8653806921708,0.9847112328105853,False
1222,867.8196049175236,0.9472464011031173,True
1223,812.1446806847453,1.0153110130155023,True
1224,231.35014114966626,1.378229795551285,False
1225,185.7348760020113,1.6933450624672655,False
1226,729.2922498589078,1.0421383731364218,True
1227,260.11744231255597,1.5160351341950358,False
1228,54.733109519098946,0.7504748818023592,False
1229,220.4602708792907,0.9885384641807113,False
1230,156.98520437806008,1.5279092449349054,False
1231,256.4343906343835,1.148980494815563,False
1232,305.3044045243027,1.0250479826164347,True
1233,238.8128487737556,1.2060679174007192,False
1234,951.8705111928791,0.9268729884650047,True
1235,62.31005673700056,1.2287858155912545,False
1236,719.5262185864789,1.0512031983894887,True
1237,825.6758075719546,0.9982556892017451,True
1238,873.810418688186,1.0319229974045414,True
1239,450.4736384878003,1.0170090424857825,True
1240,526.873131812293,1.0223816417235752,True
1241,526.2966416711009,0.9656945650402339,True
1242,221.16238052278217,0.780906103688662,False
1243,84.48430139732358,1.2731350873550162,False
1244,737.997054172671,0.951346234434964,True
1245,636.6603076468722,1.0979704922066802,True
1246,514.9890524373658,0.9785612437417531,True
1247,621.7536979806392,1.0096361109359029,True
1248,159.68030634110147,1.1630785602157534,False
1249,677.4485171880858,0.9530840255019015,True
1250,823.3366300940171,1.0546287487602262,True
1251,655.1950416178227,0.9973728724414018,True
1252,350.23343080417925,0.9936452689065158,True
1253,671.7459526062294,1.0578388813035011,True
1254,779.7421285543089,0.9386345839319148,True
1255,773.6862826415994,0.9339958044403853,True
1256,77.36454307512587,1.3083357245433547,False
1257,924.8692776708991,0.9317188770931731,True
1258,100.4755500191182,1.0746291044610041,False
1259,824.7128736492181,0.9494676945671282,True
1260,560.4707024974844,1.0414046920621784,True
1261,783.3588152651449,1.014894892883082,True
1262,930.9596185691591,0.9264380023557638,True
1263,937.9401404092082,1.0495169563732518,True
1264,213.01284420682012,1.3784032943317641,False
1265,903.009586537551,0.9923666535121208,True
1266,850.6122262669602,1.0765619292677953,True
1267,99.25153776462383,1.2323103684885328,False
1268,919.3567412098223,1.1185286523859814,True
1269,908.9814716503869,1.036023852934406,True
1270,687.2154878799508,0.8633696751797744,True
1271,292.1154627043303,1.6196819667398652,False
1272,922.5289968173063,0.977684684124395,True
1273,659.3380152529534,0.9804812246981686,True
1274,624.9946676630885,1.0287511061812384,True
1275,474.4107531415181,0.9054927032442839,True
1276,636.7104749172249,0.9668799361155789,True
1277,361.18641696054556,0.9856672271564265,True
1278,587.1358954376143,1.0288804955488564,True
1279,901.7975852925957,0.9533564361059961,True
1280,955.6841961797842,0.9622151941830761,True
1281,173.65436220904226,1.0225478313331233,False
1282,133.0824736505325,1.0028876445037271,False
1283,759.8392336588392,1.0240354597349133,True
1284,798.5582843246805,0.9954634726234822,True
1285,416.2018668545659,0.9877890472263802,True
1286,710.049489932202,1.0841985530918277,True
1287,713.1313630816562,0.9724692030552842,True
1288,101.89005458101298,1.5663594739484719,False
1289,190.04472398684877,0.9786153427324753,False
1290,107.95473631928175,1.1642148117233402,False
1291,146.5750249424674,1.0918891535503865,False
1292,490.2389101844801,0.9817215995024271,True
1293,378.202143813678,0.990399582921404,True
1294,599.3216061117284,0.9450126323166771,True
1295,429.85201015124454,0.9518752629260167,True
1296,793.4388066172577,1.0553026549632607,True
1297,932.5965699031324,0.8991944662287645,True
1298,188.93603775163115,0.9954134078018662,False
1299,202.73620955999064,1.50384148454263,False
1300,882.6657275198016,1.0565949808033368,True
1301,643.8515566652753,0.978520255998277,True
1302,256.68299854757635,1.1754528007655525,False
1303,751.5138334194219,0.9632632453763382,True
1304,628.4379758442459,0.9730128175518581,True
1305,86.22900996657307,1.335419222412742,False
1306,418.9417961066307,1.017898949388308,True
1307,440.67305191805605,1.0001033272537572,True
1308,63.416742439767,1.1090039216791332,False
1309,716.4650443731488,1.0560527848364083,True
1310,112.87796610350478,0.7463118170800203,False
1311,820.5416618082091,0.9780117359524831,True
1312,842.6811475270787,1.0203791934151791,True
1313,320.299094861037,0.9869004549678552,True
1314,402.72427864282633,1.0576111578818659,True
1315,573.1622224992159,1.0404919888183952,True
1316,127.24800548057821,1.046022322343515,False
1317,273.36093463856315,1.0666996801446336,False
1318,915.7032665398854,0.9956309948501721,True
1319,832.4032803836341,1.0589056598655313,True
1320,233.6289860222135,1.2112875225774213,False
1321,712.5839919444693,1.0584163670533162,True
1322,681.2985647419698,0.9847490508118858,True
1323,516.2644622108338,0.8720395906466689,True
1324,342.826868438934,0.9505870736964929,True
1325,322.66597179475036,1.0908943857754907,True
1326,644.4937999236164,0.9774305822118269,True
1327,79.07573398358346,1.6443710602538033,False
1328,530.7883035576027,0.9624048545448084,True
1329,300.63110073979965,0.9856441270101535,True
1330,919.8252904660957,0.9780087213970284,True
1331,278.1387271388312,1.3416438592700253,False
1332,276.5471276972052,1.7375911756732685,False
1333,121.15408331981745,0.9559221544058054,False
1334,602.487146269914,1.0532018578409457,True
1335,258.44364701106934,1.0280288919701996,False
1336,303.88263332522934,1.114209945479046,True
1337,538.5703029702252,0.955942340871563,True
1338,343.4931877670005,0.900418792276041,True
1339,809.7507814698301,1.0365866324210995,True
1340,97.70076034252067,1.4451466854541521,False
1341,349.8520629373723,1.0421913751813945,True
1342,327.42171307572585,1.0582799771933251,True
1343,95.45511139417637,0.9488665269510825,False
1344,543.7720578034423,1.006417198883193,True
1345,284.7076895237691,1.208632849883349,False
1346,344.5336555064056,0.9983756299823677,True
1347,338.561523450623,0.9629755481495976,True
1348,220.20898088369788,1.4018933997229877,False
1349,943.7859056811943,1.0915946056458428,True
1350,367.6068751755535,0.9764648765277723,True
1351,270.8836054450247,1.6185465708013447,False
1352,648.134945366027,0.8996056304041933,True
1353,626.3222441909282,1.0182645408912143,True
1354,218.95099488778294,1.3273519463257615,False
1355,98.40522700958883,1.7082198733766847,False
1356,434.53603082103575,1.0829493541779736,True
1357,555.8042918825873,1.0443723110886012,True
1358,379.67276425529957,1.0296661483948906,True
1359,371.23598789093614,0.9735521217460872,True
1360,507.2034130701668,1.0692084814321579,True
1361,140.7467024338098,1.3181798334013486,False
1362,815.6723832146065,1.0302191779622163,True
1363,749.2147280133692,1.0317691806309903,True
1364,446.4686776913441,1.0076187449831109,True
1365,234.04779493133867,1.6340775070256017,False
1366,923.7436343604,0.9820977022786216,True
1367,550.2824848536536,0.9432218295608248,True
1368,467.24779446144646,0.9580561588301246,True
1369,453.7716386897109,1.005773088648907,True
1370,325.52139594513216,1.0062620201822745,True
1371,449.95561321823277,0.9824216385778362,True
1372,76.60001030566389,2.191582785716495,False
1373,519.44115041081,1.0024708666243716,True
1374,92.30479626683194,1.2230555024544068,False
1375,919.4650166847197,1.0337588305187204,True
1376,280.0277659296549,1.2408242818263688,False
1377,737.9838005271397,1.1005901806111331,True
1378,876.2598157549951,0.987301310409181,True
1379,206.2418606788972,1.1223186828915346,False
1380,727.2081113699694,0.9994936036071811,True
1381,309.41386332559955,0.9389192710854192,True
1382,928.1713488427183,0.8953274104573337,True
1383,364.90310588809587,0.9587539602932665,True
1384,111.91534815560868,1.109746712355367,False
1385,94.4584537795824,1.3225698132446706,False
1386,920.1751392206024,0.8919257012432713,True
1387,967.3792374537497,0.8904572027820947,True
1388,860.5223108338622,0.9874793986622263,True
1389,625.9765999243119,1.031356572291529,True
1390,98.22312608768925,1.5623895860658101,False
1391,253.357103221482,1.071803762879382,False
1392,858.691380443704,0.94589695694639,True
1393,497.8728772155413,1.0223364120777412,True
1394,101.74084505663896,0.24306936901752563,False
1395,525.2237961093164,0.9342181305377821,True
1396,713.1790867308781,0.989137929631078,True
1397,938.542436987661,1.0156166789184575,True
1398,138.96751988389602,0.8607424833064674,False
1399,356.53497790504423,1.0022128411599294,True
1400,359.09482811025146,0.9918330174573238,True
1401,331.2958605217063,0.9979479335298749,True
1402,684.7613404328771,0.9694766647701721,True
1403,917.6030066765054,0.9789653086335828,True
1404,431.0501255083429,0.9688998852364504,True
1405,246.15076066391387,0.9712260269680799,False
1406,988.0133710012534,1.0200224654247,True
1407,446.290709504074,0.981291044740609,True
1408,683.4097424365223,0.9949225769945574,True
1409,687.403041656009,1.0253728455274744,True
1410,235.78703143026803,1.1332324565967085,False
1411,223.6296040827761,1.5296253545410798,False
1412,182.980805482834,1.0925198041266007,False
1413,870.566991289351,0.9754231862010504,True
1414,461.2093745531704,1.0609421565737283,True
1415,826.790522245933,0.9256745638548469,True
1416,277.5254082600888,1.4860302841004998,False
1417,441.8026233499993,0.973845541028378,True
1418,992.8357534886022,1.034237585446096,True
1419,210.13685668906797,0.9422510555599621,False
1420,690.5525182205093,0.9904231176036036,True
1421,231.33231222233638,1.2375535552616357,False
1422,628.1001053972615,1.0434584508210658,True
1423,581.250250169447,0.98627864975735,True
1424,721.4142664338597,0.8924752126932767,True
1425,280.1168042631397,1.2794271821626622,False
1426,880.7275450339208,0.9954266637865111,True
1427,738.7810671539792,0.9948241209212834,True
1428,565.8726114685948,1.0251768714632752,True
1429,704.2005422656977,0.9091764660546013,True
1430,861.1856613938374,1.0011943865090345,True
1431,989.1126583632857,0.9737472678340836,True
1432,442.9945967264871,0.9338804022560524,True
1433,543.9008228797439,1.0294564138546247,True
1434,188.1588029651784,1.1935896047274523,False
1435,652.67460576702,1.0791474967518402,True
1436,648.9045172987412,0.9467631812011817,True
1437,248.70801738893758,1.2405101360603088,False
1438,516.6476897889993,1.0228551941278117,True
1439,631.5845039605542,1.0067906416867851,True
1440,273.1491100739089,1.2034756101882735,False
1441,259.2332539719964,1.2446100763470582,False
1442,534.0431179592745,1.0193757834851036,True
1443,349.9340796945462,1.0560763310032266,True
1444,695.9667162421712,0.9512206360657631,True
1445,833.9496385156551,1.0098331458242726,True
1446,124.7729933008146,0.7827106829323935,False
1447,354.0155276726754,1.0204069681762442,True
1448,578.4407884092286,1.028257816302432,True
1449,180.24180877931784,1.8932415534915847,False
1450,734.7832875801314,0.9920050390044027,True
1451,604.6422330054241,0.9737359131899659,True
1452,764.5014161852672,1.0743222208601344,True
1453,524.366908604467,0.972159463527567,True
1454,948.4892400097058,1.0207599138502128,True
1455,539.9030352609932,0.9335756435602689,True
1456,296.46579871316055,1.1058120556245177,False
1457,857.6961920649247,0.9426667009772062,True
1458,181.50272479956402,0.7910979320247669,False
1459,920.6532930592527,0.9413106757699693,True
1460,742.3688939196193,0.9780619761992715,True
1461,217.2613348932828,1.2139548402794798,False
1462,206.71735635860657,1.216504405271345,False
1463,89.05236626864763,0.24049431417824285,False
1464,622.9649030650286,1.01200365248309,True
1465,881.58302354666,1.0161072579306398,True
1466,170.32049701306727,1.1970197534070257,False
1467,227.12918922979867,0.8125439817014048,False
1468,370.2744744029005,0.9747323780900432,True
1469,973.9723711150726,1.0797763091642736,True
1470,678.6285093461253,0.9567790388548567,True
1471,942.5925900500355,0.9806969474224856,True
1472,368.2741578224629,1.0390634689888494,True
1473,427.8103692095538,0.991627918860633,True
1474,638.4778525103288,1.0262295574937688,True
1475,747.2177943974928,0.9618970822106425,True
1476,217.7886287916507,1.0044895760447234,False
1477,431.76507187183813,0.9340876831949227,True
1478,79.96218380214026,1.1554847923473912,False
1479,484.03259223023906,0.8678138230067641,True
1480,498.5605826521669,0.9561542569936063,True
1481,682.1840575548468,0.9453685334542125,True
1482,231.92695842438178,0.984938425013979,False
1483,135.12780898105328,1.7529414646228163,False
1484,218.52651901849214,1.8608989428823701,False
1485,78.31083685264903,0.9495810771598633,False
1486,697.9755530040645,1.055102070406235,True
1487,876.6418945417794,0.9782040722694442,True
1488,163.4033636457036,1.3156256528923704,False
1489,324.4548246137239,1.0320498097083695,True
1490,853.0585777084875,0.9661373244918827,True
1491,405.8238728674918,1.0309053480544315,True
1492,744.6606426382223,1.0704932133722183,True
1493,459.32495867525074,1.0047220950798783,True
1494,346.9674865453637,1.040995718520617,True
1495,654.7300277517954,0.9406857360333821,True
1496,119.10520085615748,1.3258561888985763,False
1497,548.9439712950791,0.991648143665296,True
1498,630.5871844337377,0.9764777781466079,True
1499,809.78413315674,0.913804195325156,True
1500,158.67967588523422,1.8750499662248101,False
1501,995.1953700822577,0.9751981651091747,True
1502,173.45070468434534,1.161939637047896,False
1503,720.0825567598401,1.0721749558042353,True
1504,454.6297346193931,0.9298736092028808,True
1505,787.5567861610472,1.01527600679234,True
1506,736.3563893994993,1.0295550802384932,True
1507,99.5273831790844,0.6863039679347658,False
1508,835.587088229692,1.0027102509262324,True
1509,159.45544539046114,1.2442192141208266,False
1510,485.84482837494323,1.0188003108892136,True
1511,968.0039513077869,0.939223528329644,True
1512,947.8758748214918,1.0500551207563942,True
1513,731.7708893939904,0.934647866463417,True
1514,55.17276730935827,0.858886837848359,False
1515,230.34519016134365,1.4168467562192215,False
1516,542.1254630723001,1.0106333023283218,True
1517,686.4767786523976,0.9909138714103721,True
1518,108.38451200883244,1.7599654563720257,False
1519,247.13740558058376,1.322244152950902,False
1520,128.14692524830292,1.3989331874492854,False
1521,64.04089067880952,1.125892726352879,False
1522,404.64345406013314,0.932345485848604,True
1523,213.3284558316378,1.069488772919205,False
1524,862.4844411125921,0.9699803172786933,True
1525,419.4909366372024,1.0527256425513265,True
1526,329.7341191049038,1.0644212897314547,True
1527,165.6866883627265,0.9301974889647848,False
1528,443.53765287131046,1.1279372835597425,True
1529,296.21359607297535,1.6522823894265704,False
1530,431.34489584152567,0.9863327587668783,True
1531,759.4062229490935,1.012047752157256,True
1532,882.3616664843591,0.972822167345635,True
1533,208.71342771647116,1.189711832588694,False
1534,775.1404163826535,0.960702910239999,True
1535,108.30659926362146,0.865957032365058,False
1536,928.8232952580372,1.0305127636431461,True
1537,638.4874483991649,1.0718501804576672,True
1538,588.0628160206173,0.9517793565197479,True
1539,680.825989515263,1.0002669196469873,True
1540,552.4718061381537,1.0464022827581445,True
1541,714.9903143863688,0.9976922348897802,True
1542,204.35442193367632,1.1947017043039456,False
1543,762.0961281497968,1.029495163905323,True
1544,268.3296473902872,1.3167481627401743,False
1545,263.7427950848212,1.1943132156879745,False
1546,425.4989031725151,1.0028762523494632,True
1547,491.2043438459279,1.0372469914448241,True
1548,322.92775827685597,1.0424389092181967,True
1549,429.84955448721314,0.98139839999067,True
1550,684.2201847988732,1.0234841808431272,True
1551,821.1525519682564,0.975202168936213,True
1552,480.3909355461164,0.9853235048216563,True
1553,847.2995948258789,0.9209638507240854,True
1554,817.4456874713768,0.9964239607933254,True
1555,550.6304896057694,0.9546876528924642,True
1556,359.6914346217879,1.031835378339993,True
1557,68.62397101901242,1.69265827122301,False
1558,464.2622005515665,0.9449225696080843,True
1559,188.53248508129553,1.8291912326002868,False
1560,585.7014629345942,1.0360363959770744,True
1561,170.19524598668295,1.2683651622424532,False
1562,838.3529722082228,0.9862463505003112,True
1563,700.9774597777083,0.9969387090489641,True
1564,126.67027390486895,1.5744016841651605,False
1565,870.0555133441799,0.8998581468809094,True
1566,258.50467017859063,1.10469397473259,False
1567,836.6730684889235,0.9798110952474226,True
1568,936.6604277942636,1.0480164491728547,True
1569,806.7370623304965,1.048004006382356,True
1570,465.6417851202428,0.9979461723703189,True
1571,248.11305011218832,1.2570312281105864,False
1572,822.002243022918,1.1007043550263238,True
1573,562.5913075926907,1.0305411924967718,True
1574,389.95912149917655,1.0502111114535997,True
1575,147.27784810414954,2.1027341176623517,False
1576,750.0726124461391,1.0549874083046302,True
1577,420.75973745589164,1.0857714263527503,True
1578,84.11550073563586,1.4553098781007656,False
1579,473.16976965083285,1.0071524693148552,True
1580,758.6768169383722,0.916559986141833,True
1581,82.56024758702225,1.3017044263251865,False
1582,812.1545475970372,1.0078733996205533,True
1583,718.0548726126755,0.97079415055935,True
1584,655.7783142571863,0.9478893507850799,True
1585,509.1156963969165,0.946594754024771,True
1586,324.4354207335023,1.0532144709755877,True
1587,360.19012092354114,0.9762921110240634,True
1588,647.0646581377354,1.0259808832759056,True
1589,396.84471547585764,0.9553576251314492,True
1590,426.82031694085447,0.9565418654616267,True
1591,389.3337792637404,0.9001911355580957,True
1592,890.6735209638606,1.0702611739955759,True
1593,274.83787982376384,1.060991705456166,False
1594,645.9922754625989,1.019596861805351,True
1595,242.35783903052223,1.212761080095342,False
1596,824.4534878506306,1.0032954107522747,True
1597,790.9014651955101,1.009762833987221,True
1598,824.0654427918098,1.0257693179378269,True
1599,754.8209095826865,1.1146951841500183,True
1600,547.8091809049539,1.028908621852108,True
1601,489.84569521412385,0.9788645621061145,True
1602,226.4038592634162,1.3467824596218505,False
1603,778.6574303002333,0.9832743153332051,True
1604,887.6964440157503,0.9939323737775657,True
1605,455.4053840514715,0.9952281061715973,True
1606,152.2802912439733,1.4371390994773472,False
1607,307.9431950783294,0.9326821564502741,True
1608,351.88677950909096,1.0251730608354361,True
1609,825.3213087708609,1.0405941671116046,True
1610,832.751196814913,1.0062219847076348,True
1611,629.2222160727772,0.9596967608125666,True
1612,208.31930139934622,1.6124138338505043,False
1613,679.5473178880836,1.0188151065495648,True
1614,671.4603788592143,0.9944459183482197,True
1615,894.3946272451489,0.8788022200751886,True
1616,778.8019271785902,0.993453589715029,True
1617,794.2915346426438,1.08281755188791,True
1618,651.0568515245922,0.9773369784128408,True
1619,912.7236041150097,1.0681507460241975,True
1620,450.4517431287054,0.9988457158465892,True
1621,304.25863626170826,0.9893386049299371,True
1622,212.2937921437527,1.3275581679425696,False
1623,404.2074847770913,0.9085921155673544,True
1624,680.840104042124,1.0293272357491967,True
1625,799.6050880177042,1.0778527738565749,True
1626,609.4774419733731,0.9331453221231256,True
1627,668.2935292020669,0.9652037417248351,True
1628,324.0653511941982,1.0230343575172403,True
1629,954.8582848529692,1.0191375284822164,True
1630,464.579991841124,1.037569461946253,True
1631,565.7372741758453,0.9265692090542532,True
1632,97.4382946520808,1.215346980449023,False
1633,208.81516368007394,1.3691038674015186,False
1634,134.66314606381013,0.9676281652884182,False
1635,354.07597052213276,0.9464755881722309,True
1636,975.4185467359372,1.078550875035962,True
1637,952.0197914439848,1.0057678427983057,True
1638,119.44594443456893,0.9561068753127618,False
1639,441.1880873023266,0.9794994286491492,True
1640,188.1316361479191,1.1767567691270158,False
1641,523.2442402633167,1.0333475874408544,True
1642,69.89735379293683,1.682711345689897,False
1643,302.93311145640143,0.9383114037895038,True
1644,564.8156451155552,0.9876630652060904,True
1645,383.99697822502765,1.1262751967778655,True
1646,720.1466809546249,1.0119580720350678,True
1647,453.6437183960183,1.0281035109311205,True
1648,154.9181900438756,0.6952631751003292,False
1649,629.6278629164998,1.028032352108192,True
1650,962.6965333616964,0.9874793671506601,True
1651,114.8795662032253,0.7782871348054181,False
1652,233.29673555054467,1.1640670837533496,False
1653,206.03860935792775,1.3993803980086676,False
1654,405.13372167574414,0.9624801788782718,True
1655,906.7437883882451,1.05100259272567,True
1656,537.0840287618139,0.9690272100151833,True
1657,275.39258776285726,1.2687153995155949,False
1658,716.0591980347284,1.031826712024738,True
1659,445.1337257306443,0.9602683984387781,True
1660,441.5971570585624,0.9950514368240131,True
1661,349.0049694389136,0.9157557738584245,True
1662,254.51262034225192,0.8851224176753416,False
1663,388.6686224056546,0.9707986235235783,True
1664,608.4406971308468,1.0564451761969824,True
1665,106.33067413773246,1.8787476063155342,False
1666,654.2634289844142,1.0662204208352062,True
1667,423.4569228627598,0.9074229726991446,True
1668,410.0631550274169,0.9731246841202428,True
1669,590.7752419164405,0.9295206961028619,True
1670,242.02172120072828,0.8307926352086953,False
1671,350.57641998901465,0.9848397260815824,True
1672,315.1450195800889,1.0183840728630096,True
1673,690.9536209525414,1.0190916301691053,True
1674,704.5746691714916,0.8911673793853582,True
1675,254.17723317068263,1.0002646374429698,False
1676,545.033126068403,1.0207899479220577,True
1677,879.5268880491079,1.0303212102235713,True
1678,240.06334622786665,1.3798084254339593,False
1679,563.588517268534,0.9479748644067238,True
1680,624.347069280906,1.000878683233377,True
1681,105.61571722281313,0.998743748128005,False
1682,833.0891434857574,1.0050804338320398,True
1683,509.9891942542723,0.9976553457466367,True
1684,954.1654990615858,0.966971945152498,True
1685,94.46130617472093,1.0124547397748802,False
1686,759.5893414142936,1.0182426273415486,True
1687,71.20956798087943,1.0268479871918814,False
1688,458.00937638698423,0.9786339441616385,True
1689,647.0199837177828,1.0268565427200276,True
1690,453.9511348769869,0.9988943607959165,True
1691,485.86785243387175,1.0120102867876397,True
1692,313.84007811593204,0.9455678176785548,True
1693,911.5576863954029,0.9263933620599488,True
1694,448.9925047704573,1.0925546597364948,True
1695,705.7389929753616,1.058520213420448,True
1696,180.68842170826977,1.305663346095197,False
1697,460.20636273210715,1.064679055834896,True
1698,712.4890958854844,0.9658660941044439,True
1699,702.9865207807744,1.0572482248013988,True
1700,501.58273085235135,0.9890367483401187,True
1701,564.5019347755717,1.0611679337362951,True
1702,778.1774966003496,1.050175606385759,True
1703,762.3001529261358,1.0849077643816682,True
1704,978.198408934891,1.0182931378339166,True
1705,247.66462794335627,1.176305479332477,False
1706,440.4105837068485,0.9290930546020014,True
1707,259.6516948880388,1.7718544636033815,False
1708,277.12447621650256,1.5068304141038888,False
1709,726.7454879578513,1.0044391712327787,True
1710,357.7604165589362,0.9801483708770827,True
1711,95.23778259455224,0.6998687865483029,False
1712,257.3973182240137,0.6393233674176387,False
1713,421.37391187209425,1.0098074272290394,True
1714,617.8045150228977,1.010260004191837,True
1715,305.5679296922932,0.967073516656796,True
1716,424.9539179762009,1.0455357218100587,True
1717,424.7120360480097,1.022918594660307,True
1718,195.50293508241282,1.3834757352910034,False
1719,791.6844113274598,1.0455306530507813,True
1720,665.2546468080722,1.0298532948130665,True
1721,87.5843248066185,1.4222381422482773,False
1722,396.6618574673972,1.0324079254623573,True
1723,275.0411512372808,0.8726447851268424,False
1724,412.4817226848995,0.9348145363023131,True
1725,937.3687478645223,0.9460663313198174,True
1726,571.8956275139678,1.0062604572589238,True
1727,570.7431659306988,1.0718706511547718,True
1728,460.7650154144092,0.9930892911634916,True
1729,788.6831491222855,1.006287344251776,True
1730,582.3997498591928,1.024091697737551,True
1731,471.94579765230264,1.0346366878840507,True
1732,377.7471042602158,1.0321185165279665,True
1733,939.9170988178411,0.9382606237637774,True
1734,538.7371704422228,0.9955692252901217,True
1735,98.63293721332334,1.4379523879096077,False
1736,980.6164168375277,0.9504603221753042,True
1737,996.6544267337493,1.0158671501680028,True
1738,396.85979624963153,1.0657298816629075,True
1739,632.0128425682012,1.0060712961694842,True
1740,359.6286836183858,0.9576619259856436,True
1741,487.791093040679,0.9603489842077201,True
1742,742.7563915360477,0.9519703862287405,True
1743,328.00442310530724,1.036326774928452,True
1744,536.8480472508808,0.9862642855209947,True
1745,950.1371999719884,0.9965386597975413,True
1746,925.565191198008,0.928839293977584,True
1747,607.1385027063099,0.9899284333162623,True
1748,367.369373454951,0.9918953989967592,True
1749,291.7811821916632,1.0692223170576776,False
1750,223.8001942610059,1.5316540338427251,False
1751,673.9007926472832,1.0263392279005097,True
1752,938.4299597889458,0.9619176003048393,True
1753,207.31111308156574,1.8338674507401462,False
1754,916.9803899166266,1.0035174874617967,True
1755,326.27554815175813,0.9844750792061709,True
1756,973.6029282168539,0.9888165314489545,True
1757,362.2386528698095,0.9997959039418819,True
1758,931.656795566121,1.0710749445333818,True
1759,793.7718642910389,1.0717526455304136,True
1760,60.929990702263055,1.1394025953738163,False
1761,474.03665200964826,0.9279760623681527,True
1762,629.5000696323564,0.8350246753997215,True
1763,497.8310260347259,1.0422736002502964,True
1764,577.9413182842494,1.0299278004217465,True
1765,271.6618996300239,1.3089598351476617,False
1766,146.50157390981587,0.830571108569976,False
1767,674.9642695265309,0.989079677704944,True
1768,968.7108222955461,0.9600028670272449,True
1769,78.37543121670339,0.960864983712364,False
1770,370.2874851884958,1.077822242160033,True
1771,663.8227056651689,0.8919034140874844,True
1772,676.1509237389054,0.982717444461495,True
1773,376.16080538517997,1.010611384267207,True
1774,649.9233512322912,0.9866536615319318,True
1775,570.1626796725868,1.0372754388458114,True
1776,72.94129531126688,1.3580006908789515,False
1777,468.0311292693958,1.001132602113476,True
1778,460.64871590788704,1.0773204662494238,True
1779,63.32331271512261,0.005741389079365389,False
1780,73.08461681838926,1.1760294174238564,False
1781,271.8152938471929,1.1197500185185285,False
1782,534.001213553937,1.0079310802989976,True
1783,296.2523447221025,1.1295989444459429,False
1784,639.8285653476861,1.0008180749307793,True
1785,623.7901332300089,0.9690477217660215,True
1786,729.1764307213882,0.9275558856023436,True
1787,233.50594875612438,0.9988370733039885,False
1788,52.85582683491166,0.7641988828475378,False
1789,125.96267032294571,1.7835108283469374,False
1790,411.98255250911996,0.9419815295469126,True
1791,434.55783988187335,1.0649149418029036,True
1792,753.367657572594,1.0968987140399664,True
1793,642.2009451552592,0.9841711648490583,True
1794,127.29714745083965,1.4599264490258064,False
1795,829.4257240221042,0.9644195567770124,True
1796,578.457439298398,0.9405943970033023,True
1797,564.0500547886444,1.0161586721611315,True
1798,196.83697582784677,1.5161906233908606,False
1799,491.4836893994034,0.9907613834068861,True
1800,928.7563584057906,1.0497669278980701,True
1801,489.96094833350406,0.9703184585727147,True
1802,928.2095325676861,0.99918799497745,True
1803,712.1454293646378,1.0173494855286318,True
1804,855.2356387901907,0.9888635425252238,True
1805,948.5699138416692,1.0938353353495465,True
1806,552.2654644306655,1.0882327219933716,True
1807,958.9429016703017,1.088160123687685,True
1808,972.5897980321322,1.069597842784525,True
1809,940.5387716025745,1.0043111196207992,True
1810,338.2541749953472,0.9935717596601824,True
1811,521.7417440805125,0.9242676116502154,True
1812,68.30847600105463,2.621390084266486,False
1813,270.05760234622363,1.1124255623524721,False
1814,725.5117510193542,0.9940177891594971,True
1815,524.2333769380689,1.104466848507296,True
1816,354.2606699640137,0.9995517504585951,True
1817,467.1000864884018,1.0990551851568802,True
1818,671.1467071328298,1.0260857918572757,True
1819,991.1960355927879,0.9859398849375877,True
1820,780.8048966783267,1.0054290386561995,True
1821,382.77906919336374,1.026297032491536,True
1822,370.5396635102791,0.9727472175869313,True
1823,754.4230970055005,1.0172928279369022,True
1824,584.3793620770798,0.987682064944438,True
1825,839.9942707240482,0.9078393077780051,True
1826,714.9379862584748,0.9563633642269332,True
1827,318.5896397990663,0.971065245543476,True
1828,999.7171781853837,1.033444309615335,True
1829,998.0627449693205,1.0548149381010175,True
1830,183.8431962559522,1.239145799910292,False
1831,966.7845490686867,0.9675686120060765,True
1832,261.8652888035273,1.0809744618679002,False
1833,748.1096788163994,0.9855193718957278,True
1834,389.59195713075684,1.052467593423751,True
1835,250.85538300153303,0.8634840709055469,False
1836,156.2952902365209,1.1929083711810313,False
1837,444.0790550209661,1.0159401911187862,True
1838,299.38980506424474,0.9866925881591747,False
1839,402.3437067374759,1.0852100121539392,True
1840,759.8799523799419,0.9731343296809101,True
1841,422.641491755835,1.0556299814440178,True
1842,340.69706803988765,0.954279606080489,True
1843,648.6038844977079,0.9473473431547343,True
1844,67.29005110115213,0.924288131377214,False
1845,185.77274287001265,2.034367573324978,False
1846,677.9578375831471,1.0118041833481997,True
1847,939.6748706412627,0.8863987676432132,True
1848,118.52010353127206,0.7435575634244561,False
1849,501.9244316469368,1.01726267140289,True
1850,426.8957509670174,1.044345180128731,True
1851,830.2610135216878,1.0168236762139158,True
1852,888.5362731157633,0.9108937355834823,True
1853,367.5003115419592,1.0801887344167962,True
1854,320.76670219413506,0.9780291269779099,True
1855,808.3509845468776,1.0207627238947856,True
1856,98.55754708451008,0.8801376698010698,False
1857,936.550581721253,0.9997731433773942,True
1858,335.21629861537116,1.0561852189169125,True
1859,256.44301682593675,1.20062607106282,False
1860,445.6926523608606,1.1002627549757484,True
1861,466.06584251666385,0.9871824988557454,True
1862,219.19771114421815,0.9482564916591854,False
1863,113.81955763269201,2.268057633732333,False
1864,233.06352149293184,1.0009801015596953,False
1865,982.3393010941248,1.011593834087521,True
1866,864.1141256987586,1.0047996826678374,True
1867,203.95516076366803,1.0365843690320582,False
1868,796.4841850076162,0.9616602732890916,True
1869,856.1174580942173,1.0168148148842167,True
1870,313.5206493715609,1.0475809563382548,True
1871,511.0298087166715,0.9717906157020761,True
1872,97.59541514437765,1.4424166972747443,False
1873,447.1993185063432,1.0592563685798535,True
1874,763.1178992843905,0.9933498833633093,True
1875,321.9089993361616,0.9396947922194661,True
1876,344.5578315316702,0.9563397204277637,True
1877,62.44105868659116,0.6925136270681858,False
1878,975.101617087464,1.0348599240667045,True
1879,969.06256139196,0.9548807568291793,True
1880,779.8327409978074,1.014359557310102,True
1881,273.49240356287805,1.2576703378618934,False
1882,599.5647396707445,0.9724247305583232,True
1883,836.0222466863712,1.0075924606604996,True
1884,362.2206958342052,0.9524362849299703,True
1885,389.0747115444258,0.9699053611562356,True
1886,673.251173016732,0.9276094481232748,True
1887,130.25224452978964,0.7212367974574776,False
1888,132.15428617738746,1.1187845234809388,False
1889,723.9655725638837,1.0488212715332041,True
1890,169.64980045948158,1.0587653020893528,False
1891,640.8524489763195,0.9833895104030899,True
1892,521.064314579531,1.056003246258502,True
1893,357.71679216031015,1.0203988634058496,True
1894,594.332188531068,0.9843396292030873,True
1895,168.39674642709548,0.9070000356364298,False
1896,729.6166984714798,1.0592942285908482,True
1897,838.4853554258173,0.8822072334779589,True
1898,223.00536803154642,1.0523308417706878,False
1899,639.7404910183604,0.969023151551014,True
1900,415.7251470033958,0.9894937061351562,True
1901,548.820398157351,0.8889722834717311,True
1902,523.1876771820082,0.893447269229955,True
1903,205.9279083620386,1.2459830638091918,False
1904,495.6547726093332,1.0137597925150608,True
1905,371.2545396212463,1.0377469517299645,True
1906,107.95324958672043,0.994166050623418,False
1907,723.4221656240827,0.9918934114859564,True
1908,996.3932682764116,0.9962088836202568,True
1909,585.7363386093191,0.9346706629078607,True
1910,50.85375272866342,1.9393352375559942,False
1911,229.74204042671582,1.2101108657358968,False
1912,673.282727543582,1.036757833019129,True
1913,839.1597090009323,0.9832719144893461,True
1914,180.58211821447958,1.0166013832063359,False
1915,311.4800077677958,0.9896928436156526,True
1916,198.0058192648628,0.8005675936565245,False
1917,145.8863539664687,1.186808186568173,False
1918,832.5737933453426,0.9741138604505856,True
1919,649.1750656990304,0.9577302441253195,True
1920,260.0794416377138,1.7412310231961472,False
1921,556.8960624081074,0.9363611845659034,True
1922,802.2900127358782,0.9106159079951031,True
1923,79.28379342543394,1.2417434512256764,False
1924,638.4449585032283,0.9344473837312712,True
1925,732.8194541409516,1.0567409911032148,True
1926,730.0247426696333,1.0547964527321043,True
1927,196.74078210883036,1.3907325185796457,False
1928,893.2861794499728,0.9677893600526707,True
1929,98.50766240833062,0.895176413309602,False
1930,115.27718059234746,0.9858991316609559,False
1931,790.6564720339429,0.9882948505747007,True
1932,634.6801152468954,0.970353684582661,True
1933,950.5949436262514,0.9898250592953636,True
1934,246.82659997660946,1.1722963789917675,False
1935,505.9441770290227,1.0036802411087378,True
1936,875.3117735153799,1.0373479789120097,True
1937,52.41474351267635,1.0930352890976,False
1938,72.31269940934781,1.4722609273237068,False
1939,534.7414418413107,0.9185648369122749,True
1940,189.65516825016462,1.493890114950569,False
1941,357.72081135441704,1.0604788130105771,True
1942,167.50293113224663,1.4733815045462242,False
1943,449.1091642790062,1.014004396824753,True
1944,140.80098640761588,1.546195452629462,False
1945,868.5537902875705,0.9975290169994978,True
1946,75.70752039975157,0.5130267091933907,False
1947,337.4530974573486,0.9490311134699863,True
1948,694.7769509401675,0.9376231717626332,True
1949,464.1356977464316,1.0416224875185793,True
1950,446.28573609805073,1.0171708270865871,True
1951,658.2944811639586,0.968162136102759,True
1952,83.3527424860469,0.8322726314825459,False
1953,713.4290241823326,0.91951692206864,True
1954,764.6093787411969,1.060001061607275,True
1955,254.459936915547,1.4255217752472271,False
1956,93.42363123358986,1.4163841788502594,False
1957,942.5077254975216,0.908833531952021,True
1958,450.617541766902,1.0154194835555457,True
1959,745.3094469474669,0.9862099241893199,True
1960,757.9612854189771,1.0449341480802425,True
1961,385.56351439769696,0.9728682391809088,True
1962,941.5981337921814,1.1450320681260757,True
1963,733.8488980426899,1.1237713223335437,True
1964,366.9821295098638,1.0408220908092762,True
1965,442.4055004512294,0.9798730897851176,True
1966,65.3295946244291,0.5985926276161596,False
1967,503.1971850957781,1.0336146495403606,True
1968,94.5225947368132,1.1357723665468709,False
1969,925.4145582111645,1.0359332049286314,True
1970,823.075577824867,1.045814701585982,True
1971,630.6853903941548,0.9039673691674713,True
1972,90.24482122213615,1.629975777790368,False
1973,506.8168928885405,1.0468520647707518,True
1974,419.09131278510057,0.971711635172174,True
1975,96.56559561177012,1.013921481872002,False
1976,843.8725111026025,1.0612282075887893,True
1977,238.2320793808074,0.9413083715590201,False
1978,467.16306824276614,1.0286201642620654,True
1979,996.6231305233384,1.0314982769781766,True
1980,121.23520025149321,1.3739415338612964,False
1981,695.2742257639057,0.9916685775731721,True
1982,436.80889686903856,1.0586316711942418,True
1983,836.4100715774329,0.9968156987245453,True
1984,215.03978477502824,1.1266134407647685,False
1985,236.6686533546416,1.2925919956710126,False
1986,412.94119505689997,1.0363158893021853,True
1987,197.51437768876755,0.9008193721039724,False
1988,643.4032423255934,0.9714861344229877,True
1989,842.8389379317802,1.0114012338828373,True
1990,507.4081183416856,1.0303070031837482,True
1991,192.1193418750193,1.5237951481306298,False
1992,174.72855833379617,1.2469859270828294,False
1993,808.4251514931774,0.9463101955609702,True
1994,216.50487912722227,1.1678538573885744,False
1995,601.3468797814508,0.919775487928825,True
1996,947.3785226672361,0.9297314155340625,True
1997,579.5295876132448,1.0302959683621171,True
1998,433.4998615397801,0.9702111599640726,True
1999,331.2154455453242,1.0239791285590731,True
2000,53.67798590296318,1.1512770724350125,False
2001,470.4739447259638,1.0225134699523872,True
2002,164.55685782214402,1.232595625318932,False
2003,241.52043016304734,1.318683153338898,False
2004,527.811378006377,0.9666588078180008,True
2005,776.4302913565472,1.0350179044239651,True
2006,610.1198525648862,0.9689785486073295,True
2007,855.2852683506997,0.9005714506138935,True
2008,422.78269422550454,1.0934336923527066,True
2009,689.4329706017792,1.0343159299295555,True
2010,216.37147997878526,1.412558441532231,False
2011,318.90189914674096,1.00264856112643,True
2012,190.68956484379987,1.3231436923765654,False
2013,423.6251209156495,0.9388235769477619,True
2014,162.05291842929324,1.3521438475092087,False
2015,276.2859898762813,0.9896646724849583,False
2016,281.87055562936246,1.1591339892026236,False
2017,57.554919700219926,0.8237617131327635,False
2018,139.35322611455388,1.0736364589009537,False
2019,209.56354257597374,0.8786576411537668,False
2020,146.07621363061997,0.952248411576369,False
2021,859.0156718838315,0.9942882468811157,True
2022,354.86330525941963,0.9795893116400018,True
2023,73.07192922916957,0.9268770005782887,False
2024,389.78035795032434,0.9352897088464828,True
2025,773.2722511016883,0.928531366994906,True
2026,997.4999590895842,1.0032410358805437,True
2027,248.60221010704248,1.6604685217123611,False
2028,958.5031088845366,1.0087266319702957,True
2029,362.3486853596219,1.017672797244387,True
2030,428.76829126510705,0.959092512801202,True
2031,190.4160339277375,1.5570769325769596,False
2032,639.6737047137267,0.9544383899194185,True
2033,187.3697715182892,0.8719629125953202,False
2034,228.91766533695593,1.2954977485014607,False
2035,750.0653982384074,0.9978976487196933,True
2036,98.11831864492513,1.2209597660405136,False
2037,748.5511661550626,0.9292570275516491,True
2038,471.7373958721193,0.9743615045900904,True
2039,155.87315767527275,0.9507692535868032,False
2040,844.6622256060253,1.0110557364821964,True
2041,519.1520986834396,0.9884734550558283,True
2042,355.762670977844,1.0104793021600167,True
2043,431.0506922860388,0.9549039943371258,True
2044,405.35997274250735,1.0169906864753078,True
2045,879.6769097757546,1.0459066135523807,True
2046,666.4526439411209,0.9625256224414585,True
2047,298.11573179063305,1.1868619958184505,False
2048,577.7145503689353,1.0611959918982183,True
2049,158.4174291803177,1.9565388408232967,False
2050,588.8057436334911,1.0188878111361912,True
2051,98.15214099399651,1.5412418702706272,False
2052,957.7355476999197,0.9752214275830693,True
2053,767.6247034321669,1.0119578795533504,True
2054,981.2671654733194,1.0364531428427515,True
2055,684.915903773381,0.8959711162210059,True
2056,367.92672823058484,0.9994357220569621,True
2057,950.4913904882684,0.977365711819599,True
2058,985.3367337209455,0.9125480741585177,True
2059,705.6909265325124,1.0522741386822507,True
2060,95.58990807178947,1.614501149972863,False
2061,812.4140889877422,1.0295171573915491,True
2062,465.53630448209964,0.9718429841164485,True
2063,869.0944681750269,0.9507137020335205,True
2064,898.84456740917,0.9781571727409977,True
2065,564.0108772464743,1.0118716211233973,True
2066,460.31608925181064,0.8804394069221239,True
2067,405.23006558146744,0.9627986185233869,True
2068,596.9988986078154,0.9541639656587955,True
2069,648.5214233927926,1.046224920845455,True
2070,850.760734659979,0.9846582708447096,True
2071,513.3296825311185,0.9641934214920099,True
2072,106.90268182536124,1.0440412827517793,False
2073,324.8088957426866,0.9901415084107527,True
2074,847.9125724631041,1.0695209891304664,True
2075,856.6693629335832,0.9902113810492027,True
2076,921.9979877828592,0.907152711701944,True
2077,498.3456765564108,0.990178176870422,True
2078,819.4334495813919,0.9633683775682418,True
2079,190.3764641760718,1.4367373660076428,False
2080,357.13542712677656,1.046442816338735,True
2081,459.2870544055231,1.0584788338569004,True
2082,908.496200829084,0.9864402816899391,True
2083,177.9095458495159,1.2259970299072596,False
2084,559.0946236643606,1.0254976575999009,True
2085,476.2860775500683,1.0567068691554515,True
2086,585.4652661660145,1.0224614821707254,True
2087,609.666889161674,1.0239271753226185,True
2088,837.8420458809998,1.0523901193970888,True
2089,72.69991598988297,0.3054606308377361,False
2090,132.24757676744554,1.2751873647087453,False
2091,958.694784979045,0.9833247510328491,True
2092,152.68666017485393,1.7340664960894068,False
2093,176.75559596970527,1.0690836609597743,False
2094,106.6646854159481,1.627976900734493,False
2095,123.07512599999941,0.9757071592035577,False
2096,736.6635527773972,1.0659247582392504,True
2097,263.66302130313767,1.3534500172203678,False
2098,151.24239629825183,1.0534531461141017,False
2099,103.0009358125367,1.5094816513694584,False
2100,130.86840223050402,1.388701318820815,False
2101,852.7550050242894,0.9277226896181037,True
2102,837.7070683654172,0.9814565981662854,True
2103,686.7456091601763,1.0552057596376885,True
2104,838.2670559450623,1.0447136221328894,True
2105,896.7673137947199,0.9201051421370373,True
2106,993.8202004178236,1.026101524984002,True
2107,701.3422264414617,0.9445732326583078,True
2108,257.0170611036332,1.026914692509091,False
2109,76.97021948394865,1.1771347278835198,False
2110,78.94838536667903,1.502037369414647,False
2111,817.0451339414225,1.056334377741347,True
2112,664.2699678184553,0.938599254151674,True
2113,82.64587323573109,1.483459405743391,False
2114,137.70850719227573,0.7998664255072421,False
2115,529.1494547404175,1.0320120893509546,True
2116,59.460021565353486,1.930649346044928,False
2117,995.1142656306419,0.9585791410686488,True
2118,537.857839741948,1.072013722288065,True
2119,277.0772428987755,0.885580709857759,False
2120,847.564965716569,0.958252023792473,True
2121,156.20244093380973,0.7667838404738684,False
2122,917.6271235363072,0.8917177785345133,True
2123,226.58725519250936,1.3016779442087232,False
2124,885.1275495197779,0.9021696735633188,True
2125,80.348708796911,1.178108584904328,False
2126,874.108961805247,1.0264543241273967,True
2127,264.4219155996907,0.9830170113934877,False
2128,365.17669098620496,1.0562104757753348,True
2129,238.95547112338556,1.5123734238408146,False
2130,113.86566226287405,1.1777432973675326,False
2131,231.54905694105062,1.6782446425810644,False
2132,778.2398994343321,0.9738077113181817,True
2133,688.0078781542884,0.9668782066345383,True
2134,882.1994877675604,1.0138561392699639,True
2135,975.8383551502039,0.974641969038435,True
2136,404.2097640198779,0.9280021454940137,True
2137,747.8649531813398,0.9697471990893201,True
2138,546.3184100640008,1.0455390994627012,True
2139,620.3037936709277,1.0489676399654781,True
2140,190.50433865459473,1.376651837612453,False
2141,990.8014728776924,1.0490723126794754,True
2142,435.0568193795067,0.9858312768421894,True
2143,396.9304272781188,0.8810664388513483,True
2144,830.8898829337896,1.050819342503311,True
2145,827.5694011157916,0.9918296136133035,True
2146,734.6665266690952,1.0079633457121004,True
2147,784.3569989199535,0.9911188495871044,True
2148,370.05303086754486,1.0746356513937976,True
2149,101.87527465675574,1.8116473632277987,False
2150,771.950449561735,1.0432803972242697,True
2151,100.65100439285834,1.1610639452547842,False
2152,959.97683288253,0.9298601120701867,True
2153,571.3392182026945,0.9734394637181378,True
2154,247.94955360002194,1.4250947395417792,False
2155,892.9691964483653,1.025213112767128,True
2156,198.60714992677828,1.6395488771848057,False
2157,715.1167365183238,0.9818067030448056,True
2158,98.30462509223582,1.4295613293101368,False
2159,374.86394709291466,0.9110658778387097,True
2160,708.9151571515591,1.070159656685272,True
2161,369.7703727707227,0.9832683665258386,True
2162,881.0140612221852,1.0365701585012015,True
2163,843.0071626083949,1.0091060269042174,True
2164,120.00961266733844,1.2692157271010904,False
2165,745.3819316646935,1.0271975982482862,True
2166,802.6210205509557,1.1318146778439273,True
2167,655.7657273473407,0.9487640598658362,True
2168,210.11271797040146,0.9025407153237491,False
2169,383.02407380611015,1.034059801881923,True
2170,134.5108156445728,1.346413201146432,False
2171,709.6726982950861,0.9682099722865957,True
2172,990.8673952822628,0.983186802788999,True
2173,768.7911316848633,1.0120865679720783,True
2174,227.4995944159236,1.0909032067162683,False
2175,465.85092932288205,1.0519147796665669,True
2176,729.2255414411449,0.9713110416561067,True
2177,218.4545360244107,0.9486882926419693,False
2178,658.1349617734909,1.06325809982899,True
2179,840.5051262796504,1.0113353052838208,True
2180,448.7235333534516,1.0374088153606928,True
2181,940.1166691682221,1.02143283268329,True
2182,545.980934263994,1.0015653878020379,True
2183,97.73688881451693,0.9538289905952584,False
2184,703.8755815027869,1.0230560273541174,True
2185,265.02927559028944,1.182872141412063,False
2186,690.6062280151889,1.1693204828020183,True
2187,293.3210966510628,1.3606288450982147,False
2188,171.76537845157173,1.2873341552284852,False
2189,374.99555928258843,0.9653970704303132,True
2190,781.4975070063318,0.9149919564309,True
2191,450.874815168365,1.0215668236852715,True
2192,373.00770790609977,1.004901632025268,True
2193,890.8483965499888,1.003639254992681,True
2194,144.826185075294,1.2152364291515017,False
2195,764.8396452773381,1.0447616024918216,True
2196,448.50581115230136,1.0510339818943049,True
2197,372.68764653927695,1.058529415521103,True
2198,673.8872924252565,0.9397900704699493,True
2199,97.4042198283453,0.49914268331556066,False
2200,597.2760639339765,0.9645180865694261,True
2201,598.0697817339338,0.9851617243325985,True
2202,74.60673706312056,1.5893516873430824,False
2203,662.5948696873968,0.9161687780716421,True
2204,144.26647526495844,0.8780978766255081,False
2205,677.0386209121025,0.9455563359945535,True
2206,763.340678724484,1.026919742341275,True
2207,138.6363920284026,1.1327389501318954,False
2208,585.848966971555,0.9749138808733226,True
2209,333.6759960111752,1.0889731652689634,True
2210,676.0697752133732,0.9617436473263596,True
2211,961.7529885618198,0.9885326387284773,True
2212,86.07555285897554,1.0258845171451139,False
2213,258.91531040045186,1.1441048710543242,False
2214,462.67321999423854,0.9713342091453473,True
2215,159.85245735757405,1.2874832528179851,False
2216,479.02947351640273,1.040270474812119,True
2217,779.8660102413505,0.9874273364616415,True
2218,870.1236475002414,0.9936006587941415,True
2219,746.945794490519,1.0250618677102195,True
2220,247.3945399969373,1.1835207462252217,False
2221,218.26278629210844,0.6570385842805616,False
2222,686.6904888916946,1.0149489142916246,True
2223,77.76096445030109,0.9818786503637449,False
2224,630.364829957985,1.078391756893014,True
2225,292.2740314298012,1.0352165306940457,False
2226,477.567065147302,0.9956525718959571,True
2227,181.82222034534206,0.7683325211046318,False
2228,263.59506092329354,1.2599961539946694,False
2229,290.4902078172434,1.5574702898614867,False
2230,911.0168729423108,1.0684889951050256,True
2231,543.1320034749156,0.9126879427298177,True
2232,120.08296357154886,1.4394513102014175,False
2233,711.3412630960676,1.138006427950325,True
2234,179.81896632142957,1.1693259971430052,False
2235,248.27684186061856,1.6131534929053373,False
2236,877.4214127478418,0.9367915081984972,True
2237,505.65969446516505,0.9702462687972123,True
2238,202.37280491354585,1.1319779562207184,False
2239,865.4025140033402,0.9503362741830051,True
2240,554.235524349928,0.8865872591786828,True
2241,664.4629810540197,0.9820833885446647,True
2242,154.8370265747369,1.116431869859094,False
2243,414.4176969067019,0.9533637475097163,True
2244,75.1170246326327,1.4738489567335216,False
2245,200.3782049285662,1.5181252224542505,False
2246,750.3992192899137,1.0474654127655418,True
2247,638.0894343033435,0.95359044417729,True
2248,657.0945840384121,1.0748219594064545,True
2249,107.33069626627338,1.4445409569761292,False
2250,70.92508904911094,1.745269023553728,False
2251,676.802713927678,1.066828136472868,True
2252,969.3061926417499,1.0105469545392147,True
2253,597.3512981711409,0.9164437655964981,True
2254,61.22523452436475,1.4641445253969017,False
2255,186.32367771734442,1.0965867547215322,False
2256,272.8809804112832,1.0337401979428011,False
2257,102.42579018121052,0.5343413513640631,False
2258,452.7859458404193,0.9217133934303139,True
2259,562.8488308224843,1.0178783135688547,True
2260,882.8849233522942,0.9915675084990566,True
2261,208.30231832526067,1.1343673533896532,False
2262,398.7931890168388,1.037012672162159,True
2263,607.0796507982561,0.926209779241975,True
2264,134.85796144367959,1.3717987944234897,False
2265,670.8664536895612,0.9848543759909852,True
2266,437.05512619743075,0.9773328150765218,True
2267,959.2427172041102,0.9824575658105571,True
2268,908.104892781418,1.0430481631213642,True
2269,225.02388431050872,1.646442401873652,False
2270,561.7651607954281,1.040719095578666,True
2271,996.8664401580124,1.065309932648389,True
2272,749.2806567244164,0.9919126686070243,True
2273,900.3376763134224,0.9984472940359931,True
2274,784.2125307416727,0.9827470226980181,True
2275,903.47541457161,1.0407029855410432,True
2276,221.1846436383737,1.600391468405554,False
2277,417.66817260597054,1.078364255834351,True
2278,538.6846404158869,1.0361874277146081,True
2279,967.0219915421493,0.9625930963723756,True
2280,548.0185074263171,1.1207870315682351,True
2281,869.6881656135198,0.9779062272298421,True
2282,974.2418050092481,0.9996156634027508,True
2283,491.84566971213343,1.0262095695264364,True
2284,908.3694511697379,0.9816682928352024,True
2285,627.8864905335975,0.9640338773469812,True
2286,824.0821731268811,1.0529245968224115,True
2287,156.3017770945824,0.8189482117424283,False
2288,106.36497647371907,1.4724748693966432,False
2289,239.51475954860555,1.0892795386827956,False
2290,623.900395909184,0.9199719096034895,True
2291,796.2364249727997,1.0657877202036663,True
2292,799.6397320408303,0.9836047680448895,True
2293,156.36233230771205,1.2197555233966118,False
2294,215.5560519177507,1.4564567850728767,False
2295,764.0412560901332,0.9815028215717152,True
2296,54.57388880937411,0.7098268633732729,False
2297,910.7449724258458,0.9725794482341253,True
2298,334.5671178746506,0.9432105145265163,True
2299,150.06129122213343,1.2689188031571894,False
2300,876.6868333616311,1.0232002224305954,True
2301,298.46933503146465,1.1926136652530541,False
2302,433.6095577314417,1.0455064171293829,True
2303,384.87158459013904,0.9543251050366238,True
2304,356.35579823131417,1.0106184469771786,True
2305,671.2069800467507,0.9460668927447621,True
2306,447.4539004736768,1.0507167581457229,True
2307,676.2774674863764,0.9852906198544118,True
2308,948.843363470659,1.0821570170227601,True
2309,990.67562963289,0.9476893877427842,True
2310,394.87132521246104,1.0577754313053531,True
2311,691.6497729250799,0.9738695961591542,True
2312,270.3230640299928,1.301674950836175,False
2313,892.303625314911,0.9766995701001655,True
2314,623.2756963236332,1.0275405150860955,True
2315,872.2908162103289,0.967176744864566,True
2316,741.0667350877577,1.037042800552294,True
2317,287.1300744202158,1.0806984196969356,False
2318,333.87867066450593,0.9940184395734133,True
2319,990.7155508034407,1.0164906817335375,True
2320,335.4784545553752,0.9756554708695288,True
2321,962.0005934804822,0.9678415742080756,True
2322,782.1558730588738,0.878886094639235,True
2323,496.6169533232054,0.9909233909735118,True
2324,911.7991148586024,0.9985643223993478,True
2325,913.9442063460991,0.9808076946698925,True
2326,211.759623162602,1.4128549851804293,False
2327,579.8025058935542,1.0056803780600665,True
2328,497.1982684034011,1.010621925840828,True
2329,863.7718473511515,0.9292555587883711,True
2330,218.08114675030498,1.1699677270545057,False
2331,227.8446109498931,1.233439138861969,False
2332,722.0801826136332,1.0735528761559723,True
2333,378.82328350289555,0.8215088802351787,True
2334,236.00043718570478,1.2255858262538126,False
2335,908.1412733578104,1.0234584753215497,True
2336,129.57995517085953,1.3485816493006242,False
2337,693.2229858429494,1.086831535991812,True
2338,354.51621306106904,0.9555164939833773,True
2339,673.3365313597741,0.9478837486276963,True
2340,727.4033225637612,1.0478569138380407,True
2341,893.6735829805625,0.9759465098884974,True
2342,63.25987825551683,1.583781859887107,False
2343,413.5774773295994,1.0308672724425236,True
2344,154.8953743960276,1.3268041494239757,False
2345,910.9975968454719,1.0329360193029702,True
2346,504.24290731496666,1.0008857500144341,True
2347,811.7471823474737,1.0223435622022667,True
2348,408.550938480181,0.9452794606812345,True
2349,665.0035710133336,0.9878166659562517,True
2350,584.3527207650162,0.9866295580447101,True
2351,391.876921543641,0.9678481411310313,True
2352,882.4672154073438,0.9976135991935888,True
2353,373.98377749799,1.0409918952608375,True
2354,175.46145272491827,1.8137289482078538,False
2355,617.1005474456264,0.9538982965399668,True
2356,710.790956249819,0.9634245541561282,True
2357,671.9012662321209,1.064928328735104,True
2358,904.4892665615077,0.9736173285834409,True
2359,77.54359970331387,1.0793749375197068,False
2360,224.8541581322744,0.966585213553696,False
2361,67.17319052055137,1.0958548323942519,False
2362,174.52823163321546,1.791471231253813,False
2363,572.2969406062693,0.9594335100595143,True
2364,606.3609769248048,1.0044735291584665,True
2365,561.0709472991254,0.9848027048129475,True
2366,223.1045424124065,1.0578051749357076,False
2367,166.60733999337378,1.0646134605850706,False
2368,276.61046966618767,1.2100750427153708,False
2369,245.7037119116039,0.8663699859536256,False
2370,917.3591419683792,1.0019144203229786,True
2371,420.17184184106515,1.0023296870552472,True
2372,716.7153812715829,1.062738441422523,True
2373,927.8303111464727,1.047252297636391,True
2374,524.2042830037324,0.9882068651677278,True
2375,516.6079069845503,0.967306223275647,True
2376,275.02910553336005,1.301888608301658,False
2377,112.99876548464908,1.5763809123001786,False
2378,644.1325754741366,0.9583315295254614,True
2379,282.71619220772936,1.5187774524149245,False
2380,527.8200793849571,0.9747470006148499,True
2381,616.1921586204318,1.0776112170510792,True
2382,264.29227531256686,1.2545801736069142,False
2383,639.2418389252043,1.005709696186279,True
2384,252.43756267199512,1.1964394847137114,False
2385,57.8586154197319,0.9634091020627555,False
2386,472.9482620034329,1.045546533953875,True
2387,188.4261970341861,1.3039509619756584,False
2388,67.11121490333369,1.3026762463331434,False
2389,203.5517329079031,1.5568693400209568,False
2390,499.82699369727965,1.05982604765727,True
2391,486.1193714637285,0.939651016608204,True
2392,403.5935488855463,0.9138238868216156,True
2393,966.1171695455561,1.0417838752221322,True
2394,110.45066861783124,2.0038009834048722,False
2395,342.06474991871323,1.016001702294151,True
2396,129.78560180134048,1.3747058920439064,False
2397,728.8775831492954,1.045425945018988,True
2398,748.8316098968221,0.9627037672979132,True
2399,564.4914459842857,1.0691163153943988,True
2400,243.05399290650067,1.1441017478359292,False
2401,470.16793251132594,1.0156151214539617,True
2402,78.86923391113082,1.2309051321391082,False
2403,703.5967847104824,0.9963401697881882,True
2404,921.0835882056591,0.9604599552098578,True
2405,159.87987089523418,1.5579538132699746,False
2406,257.4498177838825,1.4581324537002631,False
2407,195.3763191719631,0.9813776179091175,False
2408,847.546685074677,1.0326753261292099,True
2409,940.2433548207414,1.0249142950038541,True
2410,396.72857154352465,0.9600831527702232,True
2411,978.8737042197724,1.0354731039949627,True
2412,785.391441352131,1.0002137353830958,True
2413,997.5449050571295,1.043306522906157,True
2414,689.912128448924,0.9408858325273932,True
2415,653.1313702774962,0.9513234521550095,True
2416,350.0560962131926,1.023285158299471,True
2417,287.7640122628476,1.2088972562213982,False
2418,274.66099680551815,1.0396324095949963,False
2419,904.454570118904,1.0203925055465444,True
2420,305.94800870004775,0.9489364755461049,True
2421,92.16681088979409,1.3517931096149374,False
2422,828.789935046673,0.9580543053818794,True
2423,914.0032997415918,1.0282693018701354,True
2424,134.56562123071376,1.6736054197986108,False
2425,908.962178203956,1.084079251345877,True
2426,451.200944841436,1.0014060588218576,True
2427,879.4147447939589,1.0024921184444653,True
2428,227.94158212653107,1.2731425189646888,False
2429,742.8375040594575,1.066844455636992,True
2430,285.10865297234477,0.9798803368835388,False
2431,219.69404016005495,1.274663696311172,False
2432,624.7479364172455,0.9899521849594941,True
2433,322.42090536578917,0.9585609968475952,True
2434,370.8694805292885,1.0511318727146013,True
2435,185.4977891586858,1.1098146326542888,False
2436,180.33598548257615,1.0745439227621039,False
2437,474.4050779246077,0.9520121445107081,True
2438,527.0088320311047,0.9841278015566622,True
2439,643.7889402546065,0.9987129258303027,True
2440,790.4963035911429,0.9305589253317588,True
2441,908.5793379065807,0.9977097114053686,True
2442,577.546578457148,0.9607487729804087,True
2443,555.245198902717,0.9486543601186045,True
2444,439.11502284838826,1.0333654776185859,True
2445,873.3722057964771,1.028468191717796,True
2446,367.9152126407494,0.9308357501386666,True
2447,519.0870116928546,1.0083294496322888,True
2448,167.3415172740448,0.47724222799614013,False
2449,660.3005637035955,1.081473934960133,True
2450,333.1399504419987,0.8869897034508134,True
2451,235.76289083597524,1.1707717188388527,False
2452,843.6174412119569,1.0201525700466354,True
2453,991.532939212198,0.929212736083677,True
2454,235.47671518848676,1.287017421447955,False
2455,838.6969195328869,0.9089338427008258,True
2456,190.408447853851,1.6918723518223624,False
2457,873.0427933196909,1.0782309286972178,True
2458,215.18241748879748,1.1657144239034651,False
2459,201.05127803494273,0.8155884752514097,False
2460,958.2772508075113,0.9704854981024572,True
2461,687.8268557280344,0.966950615037398,True
2462,319.7466983159408,0.9253183926054358,True
2463,345.7018044506887,0.9962881131103313,True
2464,304.2954268335758,0.9269475321642695,True
2465,985.2069199405959,0.9321152472927515,True
2466,972.7715520474463,1.0713055008532064,True
2467,732.5323682617193,0.9603628978180884,True
2468,917.2060815289658,0.995074697595349,True
2469,71.85701701048467,1.1654150090967925,False
2470,373.3831969304379,0.9855947172253844,True
2471,312.12221660297496,0.9646414388837851,True
2472,343.0584732742193,1.0128972646457246,True
2473,943.8532480422822,0.9862742616051127,True
2474,695.5503576074389,1.0141869994636439,True
2475,902.7456863107061,1.001326851760925,True
2476,714.3722323753045,1.0351159655027402,True
2477,981.3231462711238,1.0048961916167058,True
2478,324.2189171530901,0.9472382172845636,True
2479,259.3216282615272,1.115616350979414,False
2480,942.5760875500454,1.2088897800859228,True
2481,910.1063133182714,0.9869741307160348,True
2482,72.31540999907213,1.5459348885751165,False
2483,955.4835526334632,0.9793308392815131,True
2484,898.9674210710406,0.9733278860509471,True
2485,188.72588765656053,1.1984089390982242,False
2486,271.7180961556996,1.641123841360538,False
2487,313.21657509201606,1.0341487134048826,True
2488,933.5122580857264,0.9760645717282416,True
2489,123.38434285533343,1.517125594148693,False
2490,455.69275683151466,0.9296883930306772,True
2491,765.2075541503241,0.9853514751342548,True
2492,828.9875754185391,0.9748867862978755,True
2493,911.1329888249942,0.9723264054151514,True
2494,561.320371698065,0.8661296876214475,True
2495,926.8902102489824,1.055920552857524,True
2496,692.728715008565,0.9491097969039686,True
2497,120.49091618011371,1.0955461713863175,False
2498,738.9472318922001,0.9715988052773865,True
2499,507.7781857840186,1.0066049320428356,True
2500,523.5385134160515,0.9939181163820716,True
2501,268.42631657828116,1.3446557918421327,False
2502,853.3387293730889,0.9629206043257428,True
2503,923.9569579803087,1.018084725919656,True
2504,537.1945091019207,1.0172958392091338,True
2505,413.50594868424224,0.8662435568370745,True
2506,874.3459222671808,1.0008981566190496,True
2507,317.870692686878,1.0064233995435443,True
2508,284.9200938227964,1.1422663723449102,False
2509,276.20317930879196,1.0726956852837106,False
2510,410.8245492421639,1.0108006280322246,True
2511,90.29753905300578,1.0041050579139477,False
2512,939.2593678927362,1.0127190318154862,True
2513,575.8929667499272,0.9690464092061465,True
2514,831.1045151237744,1.0067226214892497,True
2515,403.63785310884276,1.044167143616915,True
2516,209.79503927506417,1.3826648319374006,False
2517,792.8689610061622,1.0451262524222467,True
2518,590.4397569183884,0.8350922020016851,True
2519,399.169612684629,1.0202846661444935,True
2520,709.9409338361415,1.089757314629995,True
2521,259.29136588382244,1.116275482887578,False
2522,814.3746406074765,1.0374349257662134,True
2523,623.2311732770332,1.0160256940407648,True
2524,947.8605112708516,0.9874786644646201,True
2525,596.9378991545918,1.0687981837428635,True
2526,913.9024358273788,1.048129085637426,True
2527,387.52798202846435,0.9948396112368271,True
2528,119.8271800272988,0.9439592820731446,False
2529,867.4523097814555,1.077650440036535,True
2530,153.4957771779853,1.2641608375830702,False
2531,344.5665417097725,0.9869548797600933,True
2532,70.5535108775099,1.658471772694955,False
2533,492.1938718188161,1.0823331938406573,True
2534,914.0229662274214,0.9808112749580502,True
2535,365.11975543432914,1.0117277304042893,True
2536,88.02106658286922,0.964271725696025,False
2537,853.8376186986,1.0017009984636271,True
2538,115.67108292945241,0.3573220425864181,False
2539,495.1358268405537,0.9589732095751153,True
2540,275.15483379325565,1.1873452004151157,False
2541,110.4361395495466,1.520031007175997,False
2542,415.85005853649926,1.0230112380816976,True
2543,566.4748384251407,1.017879136168611,True
2544,134.39014791307204,0.9336801256910511,False
2545,619.5914172262197,0.9997142760780577,True
2546,311.18536815747444,1.026980245375207,True
2547,891.4389666001855,1.054117933460497,True
2548,452.7053902832433,1.005175747123978,True
2549,409.010243177891,0.9192644471028352,True
2550,450.445294912294,1.0197816065422554,True
2551,260.62165795944526,1.2239233340968654,False
2552,495.92636148268815,0.8713828372726048,True
2553,153.90379217028848,1.0784447412109999,False
2554,321.5936362579068,1.0581422162138698,True
2555,302.1446527070318,1.170573227185097,True
2556,545.0332619282834,0.9971700200703983,True
2557,499.3474673569173,1.0602537275821717,True
2558,306.13771746266127,0.9770872892901975,True
2559,824.4434681031588,1.0018923263191353,True
2560,918.7535299960482,0.9685230466372793,True
2561,186.21513686008558,1.4534629760369397,False
2562,755.2234432196033,0.9510418471736549,True
2563,500.3617658453349,0.9808415218758837,True
2564,510.509053866008,1.0556962273124362,True
2565,441.3164587324266,0.9918959926119892,True
2566,393.4951385933022,1.028242420212301,True
2567,223.35250742427496,1.0625123486549357,False
2568,964.2248249260689,1.0709807793181538,True
2569,367.1675984261098,1.0078563559020972,True
2570,975.9407447140086,0.9920469176503923,True
2571,312.3045341957784,1.000624457822948,True
2572,113.1850145816589,1.0077995362078984,False
2573,859.8262029734545,0.9921170079274952,True
2574,316.8599782950464,1.0532412383727647,True
2575,261.1212951936376,1.3824929867838667,False
2576,497.96735939168235,1.0708284645280317,True
2577,295.02914701506336,1.3953348455800785,False
2578,438.57709185306123,0.9496374894036278,True
2579,394.2100630289261,0.9570431615122567,True
2580,281.0229464321858,1.2273028055628301,False
2581,346.1466600609349,1.1219538611354485,True
2582,434.88524361587696,1.020721422139022,True
2583,378.77342751143686,1.0407131051806782,True
2584,733.8367035581551,1.0189455961432086,True
2585,938.9423775217804,0.9590863446519402,True
2586,347.3026486821671,1.0435881589518756,True
2587,160.2570922220097,0.7930882443708636,False
2588,676.8083798442794,1.020223738085143,True
2589,544.70119283064,1.0735154057259366,True
2590,654.8343833278179,0.9952082577306767,True
2591,89.40496987805372,1.059656847045434,False
2592,199.4884784339332,1.326414538282786,False
2593,528.7034452187859,0.9840843985948907,True
2594,593.441045073194,1.0142514204863498,True
2595,531.656148676841,1.0977794218732229,True
2596,815.1733910109712,1.0390821716550767,True
2597,103.07957601409286,1.1098161296998428,False
2598,329.6389416952858,1.0250153396086488,True
2599,129.8794970707666,1.807535541991211,False
2600,325.9959244457858,1.0281259146011095,True
2601,870.9071537350783,1.0725492619180088,True
2602,283.8485376391759,1.192925352323833,False
2603,829.2868246344223,1.0019296638247601,True
2604,486.57835128266976,1.063865792954434,True
2605,714.4561604482329,0.9800460250357383,True
2606,656.4175775081501,0.9704916487359005,True
2607,580.8458993543524,0.9176098757154709,True
2608,907.9255576485978,0.9835255035502407,True
2609,831.8816056560385,1.0626634163113515,True
2610,142.3019749564005,1.9168955552326383,False
2611,604.3942591561562,1.0434203162782416,True
2612,698.5488729341391,1.0180316510356417,True
2613,524.8688774383104,1.1421947608844802,True
2614,289.7295261880422,1.1555115512517657,False
2615,729.6359589810482,0.9951204413523673,True
2616,709.9449148740899,0.983078246534234,True
2617,987.1030540355318,0.9872126076708673,True
2618,952.820456466215,0.9711321539454767,True
2619,778.8144780058979,1.070848628423735,True
2620,378.4301676524654,1.0406073185714322,True
2621,630.0579347890063,1.0450731805376816,True
2622,115.45735080282444,0.7709920264463435,False
2623,168.61512341199278,0.8501981182009521,False
2624,855.168183364411,0.941346823148561,True
2625,951.3759325201247,1.0551025481158964,True
2626,552.5218283874467,1.0322261302220128,True
2627,660.9810442105255,0.946696809701282,True
2628,169.17770941305906,1.7428373597883602,False
2629,301.5661329653101,0.9204480255897174,True
2630,883.2456094534448,0.9584996511930256,True
2631,333.60235522712514,0.9490338058662042,True
2632,358.71908105309706,1.0136839444962655,True
2633,215.21831901630532,1.362639016207779,False
2634,201.9284989784926,0.8483186826515496,False
2635,150.3836711035225,1.1363896285266137,False
2636,700.5814645763728,0.9880548549619365,True
2637,745.9606482701064,1.0241262339822885,True
2638,879.7720457169163,0.918549416666925,True
2639,512.224141965911,0.9554217904189297,True
2640,588.7635097301522,1.0034104658710359,True
2641,575.4900150202565,1.0455295872586097,True
2642,345.5293837348975,0.991774890747362,True
2643,160.6193169579205,1.3913118523660923,False
2644,848.6097775248182,0.934629142426395,True
2645,354.07287523120254,0.9854129640177351,True
2646,815.7164613290826,1.0110653862656125,True
2647,507.10634192660797,0.9682196277082384,True
2648,567.5398567443299,1.0466376338519554,True
2649,270.5851311555157,1.201503908675601,False
2650,939.7154016113421,0.9899224412561727,True
2651,103.4223678607452,1.8265151876096954,False
2652,918.4351107298897,1.0037801557070791,True
2653,128.38116723184046,1.0091509145590343,False
2654,178.16124087203556,0.8494595130824651,False
2655,898.6238343835201,0.9459469378856877,True
2656,218.5793968855807,0.7009570879748805,False
2657,965.1088284068585,1.0163209871416012,True
2658,512.0804595943234,1.0388421756719166,True
2659,438.8740431129861,0.9462438685081345,True
2660,662.780955413254,0.9347330016764935,True
2661,707.5101025779022,1.0608515584867155,True
2662,678.8445790508919,1.0350349485532626,True
2663,976.4415506239859,1.0199503276164121,True
2664,272.0084162761709,1.2608650200092208,False
2665,128.4036102074445,1.0419017986615073,False
2666,666.3253915866228,0.9534186719209721,True
2667,616.3234900668677,0.9624326340581425,True
2668,727.9757197773673,0.939066754934469,True
2669,186.03783284607263,1.4742206824959918,False
2670,947.5449573691586,0.9938652442376154,True
2671,968.15132677396,1.0488784937718405,True
2672,812.8241117436293,1.0888859013428642,True
2673,285.5909374148531,1.1644163940160082,False
2674,897.8598154636618,1.047235436050488,True
2675,900.0655589002971,1.0199968759145654,True
2676,420.469304529103,1.0051062034901719,True
2677,912.1610941000041,0.9514342210816247,True
2678,914.3641085603522,0.9945659697677903,True
2679,56.75929712557867,1.519136804906758,False
2680,662.5740099832145,0.9662276672621289,True
2681,367.39281923780527,1.0158366437762252,True
2682,383.1042215633737,1.0712708338476506,True
2683,281.5024513691835,1.0114651553398881,False
2684,821.0030623709757,0.9229807702187105,True
2685,739.6725374617464,0.9502701310584022,True
2686,801.8843439018555,0.9420084016532569,True
2687,509.86466137971314,1.0649480380211853,True
2688,970.8226864546627,1.005208741508891,True
2689,59.27727321733466,1.6166771803728173,False
2690,993.6078811020619,0.8951272428171719,True
2691,316.3038517250895,1.0584404019763356,True
2692,734.6561853391029,0.9494485599398845,True
2693,944.612810384314,0.9382507227469183,True
2694,91.30434365961642,1.2970586890532099,False
2695,972.6128336984643,1.0043062465430852,True
2696,479.7728901012363,1.1005013682346327,True
2697,351.6606554386375,0.9729797438124349,True
2698,736.319643907596,1.0687917295447709,True
2699,816.8934290263292,1.0810337961722263,True
2700,197.6271014590988,1.0477947050981335,False
2701,546.9402886922128,0.9469930723360833,True
2702,813.650375390742,1.0296496353795612,True
2703,81.41139225300648,1.3553076292279307,False
2704,291.0307332472662,1.5300514954852076,False
2705,795.6999517123483,1.0248458494348252,True
2706,165.88914604554753,1.130943118813652,False
2707,873.72309695367,1.032345263843606,True
2708,910.8997918782438,1.037066958398262,True
2709,705.1622716457495,1.0038841639219018,True
2710,828.4434391120338,1.0388968542853558,True
2711,686.8344960856842,1.0013406306230932,True
2712,676.6773532176917,0.9339879963401133,True
2713,545.610385487999,0.9203693358050493,True
2714,913.3667718580997,0.9840468514213139,True
2715,870.431772829684,0.9692668509669675,True
2716,426.16247880283197,1.0389371159692544,True
2717,348.3613624465371,1.0214035312181264,True
2718,718.8040332140101,0.9986475759441791,True
2719,366.20369349312256,0.9256383864756932,True
2720,260.8922633289167,1.011293547574963,False
2721,557.1125135777149,1.030688072688727,True
2722,929.1300672873753,1.0177170309644654,True
2723,349.83981211659176,0.9947117631584361,True
2724,729.8731990609774,1.0550534670936311,True
2725,473.81274184203215,1.0113394354530971,True
2726,804.2521602069513,1.1166254057698926,True
2727,926.1854916281104,0.9460803039761132,True
2728,380.8744334154114,0.8768437350401791,True
2729,822.1385128753067,0.9440958546414072,True
2730,840.0416796511767,0.8996474469343159,True
2731,604.747350082654,0.9905640204360787,True
2732,305.9857968588393,0.9721719194318265,True
2733,447.7564072189821,1.0303704192360268,True
2734,684.6239890496495,1.0454768761479378,True
2735,214.56370331050636,1.286619380495385,False
2736,405.16556587489305,0.9338159352764034,True
2737,855.4945102714087,1.0689260044282407,True
2738,83.22714285163784,1.5779166226453105,False
2739,277.4623553583285,0.9420643322198352,False
2740,259.74489051362264,1.0391127461403262,False
2741,942.4249300938451,0.9966603595339614,True
2742,446.58094093822234,0.9813173968564389,True
2743,452.3267705474099,0.9708222606173184,True
2744,970.433266960835,0.8885144326339274,True
2745,319.2608880864909,1.0253660609357538,True
2746,303.12283612572503,0.9703378054980019,True
2747,968.5294817178432,1.0237820165282332,True
2748,863.2873874540122,1.0139073541808898,True
2749,986.9226153838931,0.8670319607045187,True
2750,169.6311245700225,1.4678486881658834,False
2751,551.2674790707954,0.97741023414463,True
2752,549.4284001830595,1.028964522876638,True
2753,267.2760009584679,0.9814628753561261,False
2754,375.47145564339775,0.9302237952313606,True
2755,271.00628272817045,1.821222713071128,False
2756,616.1634511890209,1.0863523362869658,True
2757,506.33678534635254,0.9197652162744158,True
2758,894.8711978887036,0.920707275842391,True
2759,201.98749965789216,1.111206916105009,False
2760,583.1161033893679,0.9937657059062974,True
2761,666.0837390162864,0.9664291920624763,True
2762,659.751480064451,1.066609479185265,True
2763,823.1491121160819,1.0141411589598153,True
2764,172.3897343402677,1.1580875545941791,False
2765,525.675989156425,1.0322412451631293,True
2766,186.323446121316,1.2677579499047444,False
2767,583.4772849401061,1.0112497412073886,True
2768,663.2576466832473,1.0278557465066558,True
2769,886.0209107456457,1.0172160802168695,True
2770,884.3783275847667,1.0329285648303306,True
2771,297.5179037227608,1.455556871906335,False
2772,368.28092204272815,0.9593801103561213,True
2773,800.4861171432854,1.0328655759110514,True
2774,901.0468975655059,0.9439350462619803,True
2775,353.8809136441257,0.9935292193911117,True
2776,630.9705943351307,1.0741735025236558,True
2777,832.2225905664081,1.1041758653176355,True
2778,107.41098225563991,1.6429648702650024,False
2779,858.4919945703101,0.901706007826858,True
2780,230.32511112036752,1.0625756004120694,False
2781,607.8846619564086,0.9816299512148849,True
2782,639.1333094108214,0.9536890962776589,True
2783,595.8628984188022,1.0280581798363146,True
2784,288.1856220609602,0.7773095767164885,False
2785,844.2020108993961,0.9241171533840054,True
2786,152.69914634042584,0.6821594579379447,False
2787,940.0464851010645,0.9921772991699229,True
2788,401.53911608864746,1.017604480400293,True
2789,712.6911895701443,0.9105231694845065,True
2790,102.56399755713112,1.3363939223622552,False
2791,839.3774628717296,1.0419279956512464,True
2792,580.4472228133235,1.0358911980982624,True
2793,857.8846586943713,0.9623710632705663,True
2794,849.5987234953894,1.0237154562376611,True
2795,739.6790971152636,1.0543268341290846,True
2796,581.7729421148366,1.0193645720682216,True
2797,839.193604073713,0.9721130826989611,True
2798,254.79875890801898,1.3613406365764655,False
2799,400.2978082874725,1.0600044692723343,True
2800,571.9628692766516,1.072607959583613,True
2801,533.6658685592254,1.1537633049337428,True
2802,435.92310851844087,0.9926667170194436,True
2803,523.2668152553103,1.0207562110306263,True
2804,657.4478228615747,1.0716654505894945,True
2805,373.4642911452772,1.0605118115391154,True
2806,469.1390564792461,1.0518536045219813,True
2807,956.1498546872189,0.9846756749017141,True
2808,81.52768060926206,1.1225994420150311,False
2809,248.21560528477775,1.263471129520085,False
2810,916.3461532996755,0.9963695758185066,True
2811,587.3050890622928,1.1110088910257965,True
2812,90.10254803901564,0.04531600041740225,False
2813,380.9108691218341,1.0802142202704412,True
2814,812.6106231013241,0.9888445625605906,True
2815,912.8466679683223,1.0610912169129032,True
2816,982.4064811871199,0.9426811597419201,True
2817,632.8456781318794,0.9730168450502782,True
2818,143.14458538933616,1.4568067092556976,False
2819,380.21310337268534,0.9953896080880282,True
2820,494.7823978191985,0.99131369414276,True
2821,702.4610616270345,1.0111493427155775,True
2822,866.2353107373602,0.9928810315589078,True
2823,391.2099319279747,0.970381010998776,True
2824,717.0180476006875,0.9674008869204064,True
2825,978.9214238496791,0.9970093585171629,True
2826,433.6153926754418,1.0614387378669208,True
2827,859.870936068491,0.9154286150232652,True
2828,187.2691250377079,0.8943496904558819,False
2829,803.9255554106791,1.0497138641546013,True
2830,729.0638423982933,1.0274509940249323,True
2831,280.9011082677774,1.0898355641967585,False
2832,731.5176325649636,0.965261499227322,True
2833,987.5996955138468,0.9709944396844721,True
2834,325.8125547206,1.034094801202386,True
2835,858.0680633212158,1.0512583775079771,True
2836,369.8348464083082,1.111763800868848,True
2837,131.08905335487557,1.1211440987268086,False
2838,402.426483359838,0.9558417103799605,True
2839,417.448429450441,0.9170371516717676,True
2840,315.09708240864444,0.9927621063923323,True
2841,753.3340060479031,0.892030100345828,True
2842,556.1790804899535,1.0548319307373237,True
2843,803.6131691076807,1.023360030790794,True
2844,951.5070710496867,0.8073527975823732,True
2845,681.337845969779,0.9355991871396981,True
2846,507.6595745757737,1.008782101715304,True
2847,624.8480723910593,0.9657528343876283,True
2848,881.5274840398488,1.0753278622429134,True
2849,562.1869220006422,1.0343929408259425,True
2850,185.8842560062005,1.2880403114935504,False
2851,619.1725005208698,0.9503653487153559,True
2852,157.0085912129038,1.4330755721544481,False
2853,56.268197382651756,1.1731931438223968,False
2854,475.89793333908193,1.0519560176414717,True
2855,804.4329593232173,1.0238456713926636,True
2856,168.29887572840852,1.6171737272893474,False
2857,822.7891144158881,1.0311764736971296,True
2858,552.0390865989366,1.0238608396942908,True
2859,320.5858265727542,1.0611390986822824,True
2860,919.5660161993201,0.9708124267753357,True
2861,497.1833452332305,0.9968148506474453,True
2862,406.6528380003182,0.972459115060884,True
2863,186.5329434164565,0.9376959110874861,False
2864,154.63993793364622,1.483562980275498,False
2865,59.40267034985892,0.7445123592819576,False
2866,875.1194551433944,0.9257983917701051,True
2867,400.51994739570114,1.037800063064157,True
2868,560.7756723854436,1.02431463739375,True
2869,215.5532968842835,1.1950515915815756,False
2870,799.2908035000935,1.0595960913443032,True
2871,231.8446300723617,0.8228869587796257,False
2872,56.35855505325525,1.4513965424225552,False
2873,667.173471243641,0.9940619222106936,True
2874,678.8041154899549,0.9496470342754526,True
2875,954.854729051856,1.026031460888332,True
2876,273.55898958417606,1.311545765244503,False
2877,855.4583539026775,0.9894865828517745,True
2878,947.1800374253605,1.0182023225564838,True
2879,849.8882472075907,0.9963265721929759,True
2880,822.6830763739055,0.9805155671213389,True
2881,716.4576368996112,0.8435951151431633,True
2882,267.0171340255269,1.7534795910987784,False
2883,163.59751488109742,1.0307520115621993,False
2884,973.4978255358528,1.1381258583564002,True
2885,187.12440228793557,1.455265404030532,False
2886,434.32925281559716,1.0023869579988696,True
2887,148.28639204258633,0.9450685924446312,False
2888,443.90803237469834,0.8841158619876179,True
2889,770.6300221541846,0.9299582181387958,True
2890,407.6840710775632,1.098449750935062,True
2891,352.7637831247814,1.0173384863059431,True
2892,888.1648345795442,1.0093198842003477,True
2893,811.7151451656595,0.9298662502962274,True
2894,970.537926512845,0.956301576151204,True
2895,370.7590824814929,1.0037557561756332,True
2896,822.2135208707651,0.9692358037462003,True
2897,879.9754897536908,0.9579634915055525,True
2898,512.0526698890435,0.8929046443383573,True
2899,972.5349921842691,1.0468449664355093,True
2900,661.6757860445992,1.064237128809808,True
2901,974.7056175512058,0.9938971781922769,True
2902,688.2228162971252,0.8617589047708334,True
2903,951.546754943096,0.96887817426258,True
2904,264.73450619353287,1.3098183677327548,False
2905,729.614591034121,1.0225018202010783,True
2906,280.33081051093916,1.483632370185237,False
2907,388.5631825223903,1.0529394304801092,True
2908,351.7318156525532,0.9804699768852181,True
2909,472.95367779502055,0.8939167810029716,True
2910,293.42649897317887,1.6349416059210469,False
2911,456.4260864778838,0.9644856368494834,True
2912,929.6599031712947,0.9802357089094321,True
2913,484.21949197471355,1.0694209947468383,True
2914,420.8639222816308,0.945662820150012,True
2915,192.75230604770465,1.4766608018067324,False
2916,932.9390066597409,0.9726115738084722,True
2917,740.480515158049,1.1282479001984789,True
2918,85.96851901895526,1.1897359365685372,False
2919,711.1165587346374,1.0057539918710316,True
2920,312.1841542022245,1.011177958500136,True
2921,714.1912201075156,1.0074652700285731,True
2922,437.3203611432984,0.9909272536466089,True
2923,344.41292408798085,0.9659505520757455,True
2924,346.922513658422,0.9681638452920108,True
2925,219.0110334687423,0.795530771677162,False
2926,493.75405754518476,0.9460390865047943,True
2927,780.3544028125407,0.9924738759143917,True
2928,938.444790468394,1.032378183418082,True
2929,177.6749167345853,1.4106948367007481,False
2930,683.6958065162863,0.9666291623034392,True
2931,496.23617488165405,0.9558544630809881,True
2932,808.5380888663992,1.0396121200118025,True
2933,756.7998573678274,0.9088040284052897,True
2934,609.2970533288485,0.9846582552120744,True
2935,638.4610497531197,1.0281452507293785,True
2936,354.74434493190955,0.9806468456794508,True
2937,842.3257761139399,1.056418423851361,True
2938,866.6391953610472,0.9431318987018501,True
2939,588.9740588856326,1.0232549907468231,True
2940,267.68983083242034,1.073054605383813,False
2941,75.35143034682183,1.4168455905340318,False
2942,626.2586712215576,0.9756805624820746,True
2943,579.2746277890492,0.996910472966953,True
2944,557.9823975790334,0.9842319562414397,True
2945,395.7738883504984,0.9412233787007713,True
2946,891.9804819172394,1.0587286208851188,True
2947,55.510835335058914,1.1551072191882095,False
2948,742.8442720657471,1.0242016749454221,True
2949,884.1893526415882,1.0024229878102093,True
2950,603.0138644768468,0.9398443388115623,True
2951,369.1813316720877,0.9598360963608098,True
2952,614.543256448464,0.9213871421796853,True
2953,713.5492929315391,0.9965737076779112,True
2954,716.4375109127312,0.9131452606683685,True
2955,280.5251639004824,1.71024594128231,False
2956,739.3622317873392,0.9910780969848928,True
2957,926.2474735734589,1.0973442530606832,True
2958,730.694697109791,1.059759025308913,True
2959,330.17681253775737,0.9925412766543176,True
2960,582.3205886077669,1.0033215412525152,True
2961,353.78342547469174,0.9871823498542859,True
2962,682.8060366892227,1.006831803533097,True
2963,788.75470374669,1.0310037145067044,True
2964,572.1852492145666,1.1059477631742016,True
2965,398.33910425830084,0.9609590128057689,True
2966,220.10543763788652,1.2423903637444065,False
2967,160.4477536349761,0.7312804441724507,False
2968,401.02460923734543,1.0401631868653938,True
2969,293.91756099173165,0.9430244105576765,False
2970,790.1787510449135,1.0108819174642638,True
2971,846.6365972408836,0.9954372730627191,True
2972,840.9861149037185,0.9330277965119324,True
2973,122.26425872533167,1.2364046525131958,False
2974,366.01763022118894,0.973156487910078,True
2975,278.9407385952111,1.5390862418278752,False
2976,933.0453428188739,0.9328098786796036,True
2977,754.5676032416542,1.0586845203768775,True
2978,301.37733532592426,1.0488914860149916,True
2979,294.9314374317829,0.9113387815349759,False
2980,423.13868186557386,1.012593056499269,True
2981,493.5683440991716,1.033411565686133,True
2982,107.6932676364248,0.48103329919244053,False
2983,250.73301797182734,1.3130366504902788,False
2984,104.0465003819009,1.385326314592085,False
2985,893.7135588068174,1.0188462388493658,True
2986,939.0723530294833,1.0612963941384066,True
2987,274.515071572413,1.1237733934647218,False
2988,275.41811884418183,1.5410191157434987,False
2989,465.34405553696155,0.9447982672762125,True
2990,892.8175147245089,0.9773818208241354,True
2991,570.3732942740925,0.977159353778309,True
2992,778.0874028824464,1.0002801025888395,True
2993,879.775903692062,0.9328208379419662,True
2994,209.8781945047479,1.1281595135484588,False
2995,116.15004179779822,1.1673721719553123,False
2996,851.5231839541015,0.9879062707667573,True
2997,942.0422216763278,0.9751950587801046,True
2998,672.2477430978125,1.0032334571642116,True
2999,900.9954784389672,1.0809790239524508,True
3000,317.4699505308933,0.8876181397712886,True
3001,102.71073170332281,1.2664793617928636,False
3002,691.5730138902952,1.0910844194055418,True
3003,66.0417603244759,2.0003381145959973,False
3004,725.6102187291403,0.9882622128775902,True
3005,361.03833790388734,0.9634495001201794,True
3006,675.6019823306816,0.9844080695205389,True
3007,285.43831255773534,1.3622436468349188,False
3008,934.6388622641065,1.0164421761818707,True
3009,970.5964743314919,1.0302329647812458,True
3010,160.34276035817908,2.0754114244036947,False
3011,763.6180368073907,1.0505837398579376,True
3012,952.6318668632488,1.0462413295275221,True
3013,344.9169128454608,1.0116374781690893,True
3014,714.1661554134205,0.9120967407917112,True
3015,133.6000379322129,1.285555747509531,False
3016,68.21276671402744,1.427701206396485,False
3017,706.3292174778551,1.0788178358915548,True
3018,605.5452426731817,1.045803887845897,True
3019,255.7104145798051,1.4304689001871584,False
3020,869.3529535443662,1.070106642192682,True
3021,137.84684368206513,1.5051277580704137,False
3022,149.22590252056108,0.6504363814534858,False
3023,440.96315627677075,1.0719508778759186,True
3024,53.52279157384448,1.0740139329394531,False
3025,82.0956281838616,0.8522905844953411,False
3026,642.3434690303,0.9424392170491055,True
3027,278.6428924755761,0.9912872532141419,False
3028,403.5027937413802,1.0887417929861887,True
3029,357.27813396816356,1.0394413907445517,True
3030,558.2236894716119,0.9270793766975411,True
3031,519.1498331224425,0.9382417155944704,True
3032,312.97924157108486,0.9407175442405741,True
3033,824.0327753929973,1.0835729728525125,True
3034,813.1347946718734,0.9388333833460385,True
3035,647.0241004896367,1.0201759817104417,True
3036,608.4231462806897,1.0006601368160917,True
3037,467.8253224610273,0.9661099903657623,True
3038,206.8668609967842,1.0640558278930767,False
3039,557.5869602868534,1.0480829926451287,True
3040,754.6267622675103,0.9460483026438937,True
3041,278.51429658139784,1.2972066235315507,False
3042,560.6535644805247,1.0047310718189797,True
3043,722.1246767151167,1.0872377136558113,True
3044,537.3713216239046,1.0701612118925778,True
3045,890.6606533864946,1.0392486319995957,True
3046,680.8697651602594,0.9717000165138409,True
3047,275.6353319099614,1.2541980710074019,False
3048,741.7602429374098,1.045109239117256,True
3049,784.1934418238707,0.9628075979615165,True
3050,235.64370743819944,1.1886994617469238,False
3051,203.98350132695023,0.6623208073918848,False
3052,773.0617614740935,0.889136873893951,True
3053,408.61296528430387,0.9204478593055732,True
3054,377.0280640352395,1.0022030062404366,True
3055,617.5184639756582,0.9959174110183111,True
3056,994.5317875826446,0.9859635201832065,True
3057,808.6324209645073,1.08302663339755,True
3058,113.05416505816802,1.2151547654303545,False
3059,542.8829365955557,0.9504623942807156,True
3060,335.9794675980781,1.0049748480636354,True
3061,344.3993742747755,1.011939642357033,True
3062,870.572991806021,1.0146358164841596,True
3063,998.9431319499134,0.9713983803137285,True
3064,781.6826735695382,0.9728432054318318,True
3065,378.875356182139,1.0616629564275346,True
3066,481.4552721879809,0.965036498661716,True
3067,306.472591486408,1.031905481264227,True
3068,220.33230106561024,1.4520420040151152,False
3069,923.0950975681983,0.9964037086525007,True
3070,228.8547740741031,0.8987571499493101,False
3071,712.9648241346965,1.0665424651198872,True
3072,271.6101225133072,1.1126225995187211,False
3073,132.30068893613407,1.7760074048198988,False
3074,894.8749813950476,0.9322115002775535,True
3075,828.2102543164825,1.011204869450187,True
3076,760.6080281518849,1.0144978389175534,True
3077,306.1854205281281,1.0378132747227287,True
3078,509.27773093533835,0.9185734956650571,True
3079,484.11159083934723,0.9749971980400272,True
3080,631.2615110361759,0.9843364252695286,True
3081,453.588060327683,0.9262676419146912,True
3082,590.0983264881125,1.0216673101447942,True
3083,792.5626540315122,0.9856329336761662,True
3084,956.0368334464763,1.0256194965088563,True
3085,456.8023437866967,0.9874611400648307,True
3086,433.55642000924075,1.0788840935725323,True
3087,859.3399094081601,0.9751468937202987,True
3088,762.2929682767513,0.9962416674185718,True
3089,825.1449597871712,1.084208129377247,True
3090,921.8184316217867,0.9469135092656,True
3091,275.62464837712685,1.249450041234519,False
3092,195.36842284700063,0.456431311672867,False
3093,578.1230736864042,1.0088887631992154,True
3094,843.2438841832534,1.002779515754905,True
3095,654.7751091998487,0.9693037892824002,True
3096,973.1934539594436,1.0298033083618887,True
3097,713.5090227178787,0.9883961384109996,True
3098,537.4277855287544,1.031116275737746,True
3099,497.09289106355277,0.9980088127492088,True
3100,218.0359631867646,1.454547632611631,False
3101,73.21550145600482,1.537606285908108,False
3102,557.759046182427,0.9495769172841089,True
3103,457.40545586184845,0.9194350903051702,True
3104,876.6068108078521,0.9725767879039225,True
3105,192.9880578771563,0.9402679885734007,False
3106,463.9975961486608,1.018264236210619,True
3107,395.0776638885806,1.0601688736250112,True
3108,102.709620632927,0.6694504985467762,False
3109,242.4782686241796,0.9699708140449482,False
3110,853.7103381788505,0.9973735233389921,True
3111,829.6974686203534,0.9081496193767122,True
3112,684.2171009643116,1.0936411158285897,True
3113,561.8857338393109,1.0224221670606215,True
3114,337.84368117807185,1.0773472073950565,True
3115,582.7386455478404,1.0033722100701488,True
3116,873.7460609666643,1.0557389058478572,True
3117,920.1043493362661,0.9304946812411015,True
3118,776.5743777035524,1.0675125673276187,True
3119,143.5865861704968,1.5561735162289292,False
3120,832.5212490456634,0.9518200859321054,True
3121,207.70980379132362,0.701734396586847,False
3122,492.00144496291676,0.9642401423433371,True
3123,750.889730444416,0.950714950079952,True
3124,739.2999494042723,1.0046195549954267,True
3125,548.9552147219015,0.9741033603006003,True
3126,480.3994041936074,1.095216939915445,True
3127,193.30868307612295,1.4433166073712482,False
3128,253.39506891100424,0.9762887779682804,False
3129,959.7349630365611,1.042405584947304,True
3130,699.4343086722904,1.0302739187977021,True
3131,666.9416389236816,0.9631851273957895,True
3132,784.5498976216641,1.0024183253352743,True
3133,727.0813740809856,0.9952573638127378,True
3134,159.35264299530894,1.6104154586470059,False
3135,760.2753756812581,1.0642638147821626,True
3136,89.53374527722113,1.2231446817390617,False
3137,955.444924631369,1.0169831273849135,True
3138,356.01156964499484,1.0258354317452973,True
3139,360.37227625554476,0.9208583064959126,True
3140,599.8473362060322,0.9861039892123539,True
3141,878.1336060481541,1.0682905588062137,True
3142,599.0124747877494,1.0372320261055938,True
3143,122.05022712698062,1.2692336994177427,False
3144,336.8202160660278,0.9727071740219496,True
3145,394.1881567235035,1.1068592640611568,True
3146,578.1809030096432,1.016589039730727,True
3147,830.9223156971489,0.9577853918107705,True
3148,983.9104912234725,1.0717165884185424,True
3149,116.27142644278099,1.3676236780165842,False
3150,736.4593475790659,0.9631825646499956,True
3151,882.6632042958978,1.0167726432780941,True
3152,992.5957455514367,0.9619703049889707,True
3153,311.47366704251306,1.0023624871630046,True
3154,847.8747288338678,1.048666649586333,True
3155,652.9613660326931,0.9683500710973455,True
3156,238.60948604539814,1.2454616211372453,False
3157,639.8737837172206,0.9638591703373313,True
3158,141.75157794366575,1.4348981368684042,False
3159,870.1944289659368,1.0518482455518017,True
3160,768.7477014812417,1.008403875892946,True
3161,861.3768260715312,1.0007185896142086,True
3162,830.0658319359828,1.0018296326084404,True
3163,423.04873659620034,1.0535141058414206,True
3164,409.70670472056395,0.9530948674565132,True
3165,326.17098802700735,0.8909242981759835,True
3166,683.6471143370915,0.9276047723618512,True
3167,341.40430659460316,1.062535098257156,True
3168,694.9030969901773,0.987326212831368,True
3169,261.6120333844997,1.1541966669096881,False
3170,122.07526646428677,0.97635473321079,False
3171,350.1332372602537,1.0023923799991066,True
3172,303.82369953253226,0.9215172969019856,True
3173,105.89429677876372,1.3127122380122618,False
3174,989.6273692465031,1.0350170972345027,True
3175,835.6872207672886,0.9711186551646213,True
3176,439.07325164431,1.042243109554247,True
3177,615.2567291458682,1.0496781682133944,True
3178,317.4935293087714,1.045631108582194,True
3179,808.5290242676462,0.9740907123397888,True
3180,587.5397780605069,1.0012381477157912,True
3181,415.5144167293306,1.0252648652335081,True
3182,510.1103873856174,1.0045464982146743,True
3183,528.2992867478583,0.9517216955121641,True
3184,949.0145943217933,1.0306643555468182,True
3185,169.49022242241796,1.3851217303289594,False
3186,821.7028877692791,1.0375111830986476,True
3187,918.8497573517507,1.0512988428142833,True
3188,72.82088289528834,1.5160097903261047,False
3189,745.4939703818202,0.9959730984150946,True
3190,425.36492296256466,0.9451360979346926,True
3191,513.6230958129568,1.0412174214441292,True
3192,997.044080008274,1.017633486853204,True
3193,873.0296952690762,1.0010791714716682,True
3194,672.4976183673208,0.8965164356497793,True
3195,218.72045330098499,1.2885208999237587,False
3196,234.93047703227916,0.9734685034871305,False
3197,90.55235332119184,0.4943798850577703,False
3198,647.326407056117,1.090758252032305,True
3199,323.70759932685235,1.00317577756102,True
3200,944.2309438543389,0.9795172642295819,True
3201,518.1879010828594,1.0768246083712787,True
3202,386.6923658083406,1.0824024313653493,True
3203,587.9486217207809,1.0523129777939029,True
3204,465.8150101502684,1.0159968954536671,True
3205,632.9178103572041,0.9404479140538425,True
3206,139.85020759288224,1.0035996440704709,False
3207,940.8692836196751,0.9961078000561057,True
3208,658.423098374757,0.9443349839056554,True
3209,712.6665503110655,0.9408708693828786,True
3210,535.5665673288864,0.9856537561471068,True
3211,663.5215123597146,0.9542942769007005,True
3212,667.7887419311768,0.9613006852078105,True
3213,807.1699188244879,1.055363323329883,True
3214,930.9251813735063,0.9924336590033598,True
3215,857.2640914936403,0.996218723005819,True
3216,813.596070989744,1.0507969571052087,True
3217,68.38555118864994,1.6434848689863126,False
3218,308.5007107728222,0.9478454149233005,True
3219,63.822273417221695,0.7610487062690696,False
3220,217.79467396741703,1.331692968426707,False
3221,761.9088878537171,0.9389934652405717,True
3222,270.35170247062763,1.2809160516074731,False
3223,521.355128716107,0.9413975830382738,True
3224,310.2759281906057,1.0801808356681384,True
3225,485.35200738881525,0.9634855329707928,True
3226,655.5815281538052,0.9743876183705363,True
3227,739.0724450253649,1.0005224092074514,True
3228,808.0246011332987,0.9828721557198227,True
3229,465.62955304359997,0.9760630285738112,True
3230,627.1183312288434,0.9978056262498433,True
3231,248.36163261565088,1.273913286928538,False
3232,800.5765549035093,1.0095634911806324,True
3233,679.7729109989682,1.019327778353882,True
3234,346.3538043874952,0.9596183078818094,True
3235,798.9573755314098,0.9066980885148683,True
3236,959.4759198246905,0.9919841150190556,True
3237,715.7183926311984,1.0670142556166282,True
3238,534.2086463047128,1.0416334062737425,True
3239,599.3580794977116,1.0859047915750888,True
3240,768.3286675013135,1.0684480000726952,True
3241,315.8370334103481,1.0359347728196284,True
3242,247.19650871884724,1.2436555911486227,False
3243,908.2591596830332,1.0680680853980844,True
3244,665.4153391963167,0.959628427181652,True
3245,808.4993619289382,0.9712336668366909,True
3246,656.3971666566409,0.9439959732229839,True
3247,681.5472785406909,0.9790334322331972,True
3248,440.7509180965629,0.98731603382805,True
3249,139.32697982426004,1.8144047001570611,False
3250,946.0596738939952,0.9685492026561606,True
3251,88.3015098571087,1.647317972030715,False
3252,396.6413835158276,0.9059050119332542,True
3253,128.64648948217314,0.9882135351640186,False
3254,608.2067954056628,1.0118036619585895,True
3255,88.11281483843638,1.543417534945739,False
3256,992.2873598580481,1.0897589628295334,True
3257,485.42100889856755,0.9755894848298532,True
3258,308.31647450773266,0.9624071787984848,True
3259,851.873363481507,1.0995501652000994,True
3260,134.550324491926,0.980143338913753,False
3261,658.44235357075,0.9187559487813116,True
3262,979.6392167663091,1.0474347786830658,True
3263,620.3105331492931,0.9888150145170962,True
3264,784.1810337476496,1.0376591344257917,True
3265,828.1508811525898,1.0249577165352075,True
3266,619.3545813718381,0.9694712041440922,True
3267,100.5778670993175,2.0714131657976758,False
3268,192.92395074620268,1.2164231431691082,False
3269,623.6772619873689,0.9535801452137014,True
3270,208.95733268728708,1.5240660067907246,False
3271,110.68626924411633,0.7173234531246125,False
3272,966.4011093451983,1.0886640662358202,True
3273,486.5188601226127,0.9735687531856279,True
3274,50.31290106414105,1.3984999183137947,False
3275,126.08789543016367,2.127978161298783,False
3276,787.5134866672342,1.085967691386861,True
3277,580.7482804509413,1.0005907454108522,True
3278,59.55118191269139,0.9262170380481287,False
3279,955.4801227571123,0.9413805008441366,True
3280,226.4874068054467,1.2590753965016352,False
3281,709.7692135732894,0.9635976238300029,True
3282,92.6207815650229,0.8237002866631442,False
3283,149.1553455259172,0.8738276443402857,False
3284,613.762054480606,0.9668754640653027,True
3285,699.8559746442677,1.1155371458281742,True
3286,67.21242590084685,0.456744922006456,False
3287,888.0664996237613,1.011209191563595,True
3288,732.0138573677299,0.9216041234696755,True
3289,517.2888830595912,1.0655092508786006,True
3290,63.92504734828003,1.6646613802252492,False
3291,693.5482714695106,1.0102988674739872,True
3292,231.24754595866227,1.2967889459246127,False
3293,912.9911130969781,1.091456494093576,True
3294,374.8041747590558,0.9727370223389022,True
3295,68.38606527634913,0.3196729607904236,False
3296,460.48985806457205,0.9342406521670552,True
3297,81.44769695629212,1.4950404162120556,False
3298,615.5363418014635,0.9768052428468514,True
3299,662.1246797880954,1.029678111790414,True
3300,126.81405754471875,0.9042041898166838,False
3301,335.41299153365424,1.0264734465474112,True
3302,858.2133063793826,1.0142113196375726,True
3303,131.03166038039654,1.0394405233971504,False
3304,743.4660624746729,1.0192884182741717,True
3305,600.40437196242,1.0545240272566474,True
3306,928.3533428837206,1.0362012060660577,True
3307,697.7410779704757,1.0839925085116615,True
3308,664.3022558269139,1.0619287550923906,True
3309,216.38461716093636,0.9122005871237047,False
3310,84.0598456398403,0.9532554669654808,False
3311,819.1062668852401,1.0752482870684579,True
3312,323.6380514679797,0.956149287512811,True
3313,838.3403530845414,0.9845022615097092,True
3314,971.4761345517277,0.9674652304771851,True
3315,179.8041579428045,1.7497315291715583,False
3316,692.5478574060388,1.0531592681206168,True
3317,283.0591972699434,1.4397412585335134,False
3318,308.90497627885424,0.9777047073683863,True
3319,689.7132978566365,0.9929920761274005,True
3320,696.4089157571545,1.0277115181670862,True
3321,771.5544523638515,0.9518223669139236,True
3322,790.7179168902438,1.0042686074699914,True
3323,590.9761269946121,1.0601633995936457,True
3324,463.1151974430128,1.0003900253940075,True
3325,906.6346893126839,1.01081919134857,True
3326,859.224267484617,0.954748810351653,True
3327,345.54096221653384,1.0429546030131998,True
3328,774.2151025326991,0.9922317382749603,True
3329,488.0571491874536,0.9577883144280039,True
3330,87.21176085171055,1.8012842603237171,False
3331,980.0664225173095,0.9791498180143545,True
3332,670.0746160027759,0.9781729407328167,True
3333,630.4326675548656,0.9520868469797291,True
3334,486.47458377048923,0.9901770077425851,True
3335,630.3335088313614,1.0079186480837208,True
3336,195.1620187022028,1.0763956821253238,False
3337,834.6821605303143,1.0243147064869007,True
3338,266.25827669506555,1.3028605617724731,False
3339,838.1585103088061,0.9965854049950279,True
3340,108.70824518957656,1.0458971906329757,False
3341,373.77669015311346,1.039619662363019,True
3342,141.50710777949848,0.7275181808669497,False
3343,774.057000529652,0.9896740118636017,True
3344,142.29682370930158,1.3822608746722693,False
3345,499.213191523616,0.9939129174512017,True
3346,605.4573241330844,0.8525613736247595,True
3347,125.2008880146909,1.0298054150186775,False
3348,748.6519382153227,1.0418474367273536,True
3349,831.028181853832,1.017390838217402,True
3350,917.4921636159071,0.9929712529219472,True
3351,488.948380363598,1.065242419780634,True
3352,559.899718276763,1.0058391459548637,True
3353,201.30312328835782,1.2413831560164863,False
3354,907.0200029386152,0.9617902701806154,True
3355,279.04278927301766,1.2208190749285996,False
3356,723.855510888072,1.0055586073029665,True
3357,162.68670785301327,0.8370385857194692,False
3358,238.02218434540916,1.0669642552314538,False
3359,600.5634399476196,1.0363864215484129,True
3360,282.05012240845525,1.2683779963288988,False
3361,494.96673673279,0.9674983101142021,True
3362,366.0793314201625,0.9403491843290614,True
3363,366.442800950558,0.9506828363364213,True
3364,350.7738957808567,1.031732286795774,True
3365,739.5959592113929,1.0209226727278207,True
3366,388.2018268027009,0.9239290367265756,True
3367,73.07936547828294,0.8100144736545303,False
3368,472.45198543951784,0.9400100370174117,True
3369,576.6620390041331,0.9410191481296659,True
3370,435.4415148664668,0.9955099121939255,True
3371,397.1170427192608,1.0095691259190995,True
3372,474.7073602577243,1.0064499639345241,True
3373,312.33118840745186,1.052578800527601,True
3374,466.9386847624912,0.9586975182099198,True
3375,994.1598845011334,1.03245463100564,True
3376,564.7518115414945,1.0602894053292247,True
3377,93.40847951091737,1.6293703221720497,False
3378,991.7408606017525,1.028494089506896,True
3379,229.9294656808298,1.2135366315755751,False
3380,227.52628316714893,1.170443535478219,False
3381,676.8216540333152,0.9856469561475426,True
3382,267.97308531188037,1.3130998836506402,False
3383,413.6507760130309,0.9832991121344511,True
3384,337.8276818788776,1.0908504898032492,True
3385,189.5182382580815,0.7391133615824699,False
3386,551.8199911404745,0.9913358044731027,True
3387,285.84555120490324,1.3195882323848966,False
3388,583.0448343042058,1.0473780053040114,True
3389,442.3326785741718,1.0069717890080034,True
3390,735.0984098730648,1.0706505679405336,True
3391,687.3565499534562,0.9783417357690165,True
3392,212.1601421952513,1.3046954441629406,False
3393,839.1492956259767,0.9131964889362071,True
3394,188.58050325881288,1.2152421448353883,False
3395,579.3772699590463,1.000324774537026,True
3396,699.0986285179034,0.9615187718389884,True
3397,157.2670578407073,1.3350470322995946,False
3398,552.4361752349571,1.021513706692864,True
3399,444.5822143218792,0.9503680700534194,True
3400,83.10623732091486,1.560575074599016,False
3401,473.23891833372613,1.0766779508598616,True
3402,400.7737515412267,0.9825649741538328,True
3403,894.9717737814916,1.0400806489871413,True
3404,869.4722229848575,0.9830965770419011,True
3405,173.5392206463155,1.5726321563372092,False
3406,130.08573834119358,1.0714137354810371,False
3407,388.29508853790907,1.0057835451752604,True
3408,918.3734640551178,1.0183655336559523,True
3409,839.691416307489,1.024646344582145,True
3410,493.3538205119159,0.9897053651550526,True
3411,275.24574548936687,1.367504393447266,False
3412,608.5693401866777,0.9579876377628658,True
3413,720.8275125061829,0.9884456118990336,True
3414,117.19477129086106,1.7017531595362598,False
3415,353.47095296594165,0.9907174861614682,True
3416,337.33133391551763,0.9289110377172496,True
3417,154.62754619905954,1.6455742082241491,False
3418,759.1936553787599,1.075104017238555,True
3419,535.2422374245417,1.0221798079076985,True
3420,734.7704132325091,1.0150260788162888,True
3421,515.1587115057978,1.0371097957242834,True
3422,315.92252634824877,1.0309217006610432,True
3423,605.6459880620292,0.8487041827260472,True
3424,710.9326010172279,1.0095392409318726,True
3425,909.1685107718565,0.9749335354160613,True
3426,894.247694588288,1.0263379426168637,True
3427,151.83460946823647,1.112212097917252,False
3428,759.9119126725536,0.9828636346137646,True
3429,796.3907159306319,0.9481097821179016,True
3430,451.6557206140573,0.9330468747217446,True
3431,220.52793361775863,1.6395492740184232,False
3432,578.3634132128508,0.9999963291370378,True
3433,926.4151590522054,1.034951762554793,True
3434,810.7792899391983,0.9690833282368502,True
3435,345.6765078413996,0.9723819350704073,True
3436,165.70813189506185,0.9866300859433752,False
3437,598.0602093163701,1.0626739884678162,True
3438,661.5693562391176,0.929321044561265,True
3439,295.0627587987809,1.1151964019944216,False
3440,508.7830534078018,1.1068859681944225,True
3441,815.4915773932896,0.9539353034105005,True
3442,886.8013267433969,1.0516632441976979,True
3443,693.3681264250089,1.072493385777639,True
3444,861.1683955908627,0.9435379236594119,True
3445,350.22330799258947,1.0455736690295518,True
3446,724.3316249974094,0.9705137807493447,True
3447,993.6142575249967,1.053610756131954,True
3448,206.88002942628438,1.648316585515668,False
3449,472.21518731705527,1.01609808044581,True
3450,470.138636482544,1.1029602035097053,True
3451,925.9319799903327,1.040237211141684,True
3452,572.0541969620525,1.0852954294728003,True
3453,88.42893411830897,1.0232621468384113,False
3454,537.5921005891594,0.9568666636995131,True
3455,501.2818443425845,1.0060457098041926,True
3456,992.3069086118144,0.9284658603552193,True
3457,345.1573294618825,1.1146491529981015,True
3458,119.99929437550482,0.20140514869051462,False
3459,359.79048209932176,1.0085377945128278,True
3460,754.0218663705047,1.0229690998308707,True
3461,786.1736972189204,0.9409468046516092,True
3462,189.51305133012528,1.181526797246064,False
3463,477.6487568344304,1.0524826869148654,True
3464,334.8740532623057,1.0752391920686333,True
3465,175.52458747349198,0.913931663312187,False
3466,103.59744626985442,0.836870391748747,False
3467,998.4044663529453,1.09772267904394,True
3468,893.1240258883789,0.9752036068286984,True
3469,534.2693539850296,0.9751856029981967,True
3470,592.8692704007447,1.0180282945066252,True
3471,399.53004333132117,1.033213572827612,True
3472,97.37087926081176,0.5043785486830941,False
3473,782.7134821920995,0.998342190344516,True
3474,833.4620515661651,0.9330875631279225,True
3475,401.68144443201606,0.9863876239599215,True
3476,489.934428736049,1.083374431831724,True
3477,714.9079271572858,1.0028213255076341,True
3478,329.11071223545764,0.9573465788099657,True
3479,519.9416950930379,1.0018589914872915,True
3480,917.0958861671857,0.9845041980759361,True
3481,788.5362000529276,1.0053732267388111,True
3482,91.46042127684532,0.789629188547103,False
3483,378.65009737490453,0.9627105347144397,True
3484,496.6086665605672,1.0140784296421355,True
3485,606.1814801386648,1.0531815741823585,True
3486,903.4261899499627,0.9621729752475345,True
3487,398.61069268683207,0.9581277595566433,True
3488,663.6842367932528,0.9479711982387047,True
3489,459.27319205914216,1.0353502296487964,True
3490,921.8295780904331,1.0198404748937735,True
3491,725.1703147016053,0.9287744870984432,True
3492,740.4669194936107,0.9102851475797485,True
3493,249.38864759369775,1.0998778900592014,False
3494,489.319687508699,0.9673844427111372,True
3495,74.7377132669948,1.5353487907554118,False
3496,465.2738772284443,0.8477973246461267,True
3497,85.31860713503681,1.1144017150797416,False
3498,465.82602086184545,0.9340579253506565,True
3499,532.6488069457893,0.9775608874641565,True
3500,222.80453464938827,0.8294761154874725,False
3501,105.17125211284649,0.7889525227942058,False
3502,975.4136622938238,1.0616793756911365,True
3503,795.9408806663431,0.9864947449168728,True
3504,416.53122986479053,0.9861583280309201,True
3505,383.7755960366821,1.0257672292905993,True
3506,129.94165198788392,1.4981994144051076,False
3507,182.42526665588622,0.7370217672738499,False
3508,278.7921460057241,1.1841629510100178,False
3509,282.9800878749152,1.274515752624349,False
3510,766.2932198697479,0.9483058207248454,True
3511,993.1649205323071,0.962981277444869,True
3512,746.6351029178502,1.0974714199423954,True
3513,173.36424506576546,1.0015866853996116,False
3514,441.68515058271936,0.9527831557041255,True
3515,318.24647095937576,1.0398616188404652,True
3516,759.2558217571711,0.9588307444717024,True
3517,753.8208993649727,0.9437987538867654,True
3518,991.1993223375341,0.9594213665477088,True
3519,295.1931625707879,1.5391614385666976,False
3520,87.62176524223278,0.8434444567247764,False
3521,932.9302060893596,0.9620532196095616,True
3522,91.54559164014236,1.3365471882770352,False
3523,439.81809791469004,0.9396655193455326,True
3524,735.2709254079625,1.084064412289442,True
3525,697.5114832953349,1.0420995190810272,True
3526,629.7884804763727,0.9786477099943857,True
3527,126.21481275286192,0.38171359154452367,False
3528,776.0925056332621,0.9476344438182217,True
3529,443.29959446900295,1.0275020742205023,True
3530,566.2875970034444,0.9686194676559955,True
3531,396.35665294722617,0.9316626170672326,True
3532,516.0853297159404,1.0586699573414031,True
3533,962.6268919149478,0.9422673834142895,True
3534,425.7429457887306,0.9126178144365318,True
3535,398.48472178021035,0.9829990828772776,True
3536,379.0287184468428,0.961928682248067,True
3537,850.2048956318584,0.9267543488032046,True
3538,645.1822237911964,1.0108528161754717,True
3539,98.9311572974396,1.2731100304615057,False
3540,83.5183378535219,0.5807996486473158,False
3541,951.7796267228225,1.0173198518838542,True
3542,325.37817067618346,1.0895632167144547,True
3543,867.9265174684408,0.9917785193978571,True
3544,431.78036112735157,0.9435699303977678,True
3545,97.96263133787258,0.37021584307193955,False
3546,777.2500254124585,0.8523016993047865,True
3547,458.6460126962847,1.0023671227028366,True
3548,891.1082748674883,0.9924871341558188,True
3549,850.635465586628,1.06692150972166,True
3550,466.2007810986565,0.9498952670791481,True
3551,189.48979745698387,1.0671549886196705,False
3552,190.73855478216817,1.4289297739823321,False
3553,94.27886181915252,1.0406803958439008,False
3554,985.8694616811858,1.0124050304248398,True
3555,556.3337123721606,0.9801707421179684,True
3556,762.1224816794411,0.9926543316121583,True
3557,211.43784881607633,1.451442589270255,False
3558,961.9515599842986,1.0295502439893953,True
3559,216.62306627561344,1.123603222548136,False
3560,118.599731637926,1.093897435051166,False
3561,132.87392129375561,0.9136207702628665,False
3562,761.2315888851698,1.0731566132046406,True
3563,333.7495169057629,1.0124301581965736,True
3564,67.45735558248569,1.191793466478358,False
3565,728.9794646270153,1.0063297408691863,True
3566,768.69346950044,0.9717708468009686,True
3567,669.8481938913299,1.112806669507964,True
3568,659.8981236889684,0.9781532966882176,True
3569,143.0329789165428,1.2486070118157335,False
3570,897.7949634745904,1.026016821248144,True
3571,193.64417049603287,1.6533559135096376,False
3572,828.9178679304276,1.0218874871981158,True
3573,656.9433923860859,0.9822218068551507,True
3574,999.8274424823007,0.9814325643151888,True
3575,402.1446488509415,1.0207811563117877,True
3576,308.40719595927726,0.9982568180309834,True
3577,142.74457869873675,0.6848458510092683,False
3578,168.35250429471523,1.2016561355926145,False
3579,443.32463802157173,1.0868633471762579,True
3580,901.317068042849,0.996868998544691,True
3581,55.18266026991994,1.2665570121076175,False
3582,795.798802148573,1.067325070430489,True
3583,607.0178300630304,1.0771372788417384,True
3584,643.9374562852533,0.9692440471411684,True
3585,305.507811109538,0.9135279202727505,True
3586,408.9236613721899,1.036216026462112,True
3587,421.3635384649283,1.0970157045426807,True
3588,690.9745258585948,0.9499983575882178,True
3589,831.5517986807469,1.0827938229580232,True
3590,885.0924005211402,1.0310149531868542,True
3591,973.3765896747881,0.9486524693498273,True
3592,321.24938620266,1.0299105162597475,True
3593,251.7156502520942,1.0455119513221927,False
3594,684.5892388850604,1.059697161521339,True
3595,737.0572343705403,0.9889290488218647,True
3596,520.4378060003488,1.0691259938098125,True
3597,892.6951727800943,1.1002770365215693,True
3598,702.5052309781406,0.9962958538199723,True
3599,874.2334370544725,1.066006348968702,True
3600,715.3142056757018,1.092217013904787,True
3601,948.292369195869,0.9332927495304525,True
3602,294.3212315045803,1.315867427597114,False
3603,955.7238454853469,1.0791131563637142,True
3604,217.56796993886533,1.4521214700554093,False
3605,515.308858700382,1.0295310685849637,True
3606,168.70767270084548,0.45257083043542023,False
3607,495.0369204835165,0.9693964011759223,True
3608,573.961015858163,0.928022207656634,True
3609,278.36469871304456,1.3195164184517738,False
3610,423.5695214835502,1.0167873972189931,True
3611,147.8599549208609,1.2700058234471303,False
3612,131.32263319722057,1.3035371093048536,False
3613,119.27865504462419,1.4472476983896714,False
3614,737.1380199459073,1.0784028327939388,True
3615,858.2589187835662,1.0430165543770653,True
3616,866.2875928550408,0.9858800856533355,True
3617,479.93749320593423,1.0358716669870272,True
3618,552.6206566660069,0.9742171969428841,True
3619,880.7755140859587,1.009871901259836,True
3620,462.0180424649967,0.98122111214242,True
3621,156.47903985472234,1.4178885490936386,False
3622,353.98216831651,0.9078221372430049,True
3623,648.6307055978681,0.9491813965189915,True
3624,750.638456159927,1.035963106569341,True
3625,233.1628052910465,1.6912138528215368,False
3626,723.6477427425441,1.031080635796863,True
3627,752.7280924198396,0.9749136721679885,True
3628,86.96655187543809,1.040318149520379,False
3629,95.31262070845824,0.8399713038159999,False
3630,700.3306279433901,1.0635544870420197,True
3631,657.1737766946179,1.0042338138325053,True
3632,972.2946793257827,1.0100184725812111,True
3633,824.6448700131363,1.088099942430922,True
3634,577.5081928543059,1.0043601883378035,True
3635,879.7990510304104,0.9894287197688747,True
3636,60.42326374708954,1.2291601277816082,False
3637,912.2080360818554,0.9698056351478898,True
3638,84.76807216513313,1.2651703530589873,False
3639,655.478720976504,1.0105688474697747,True
3640,80.22418545966069,0.8548640796836353,False
3641,660.319654512861,0.9575123118346274,True
3642,487.2515451641857,0.9268729662727785,True
3643,74.9391747772429,1.192250233532044,False
3644,302.93848043129697,0.9556983264223544,True
3645,663.7649481627716,1.006839472007805,True
3646,787.8846758234135,0.9015429737486561,True
3647,200.34697956091586,1.043929703602194,False
3648,720.863215658995,0.964703082811234,True
3649,741.0817522432171,1.052290533560442,True
3650,514.2427089460123,1.03561462554372,True
3651,676.8527683210821,1.0301594990771126,True
3652,586.7570160312654,1.0105666899616377,True
3653,219.7204151979995,1.470074415406338,False
3654,181.15233023803407,1.1608153238560013,False
3655,454.12168664731524,0.9887171807659616,True
3656,849.6354771663426,0.9851250433089354,True
3657,145.05002235481606,0.79364586349602,False
3658,264.5323719663395,1.5641206319781373,False
3659,924.000653438419,0.9804877984811465,True
3660,339.4232431692013,0.9617367639713618,True
3661,850.2385651420749,0.9547612991262484,True
3662,880.9770661332772,1.119598640049452,True
3663,641.4155206202618,0.978049839858105,True
3664,882.7121562891308,0.9622770483877008,True
3665,413.4075216562358,1.00110550283258,True
3666,51.67503175293234,1.1306020965768937,False
3667,418.72748810420234,0.9806823101074051,True
3668,939.9389136017554,1.0717886511288541,True
3669,57.54017011853182,1.036083111036942,False
3670,94.27004668988478,1.2477080799724076,False
3671,879.1009876201658,1.060526641774867,True
3672,89.8180090772941,1.0563553564742652,False
3673,184.14454532992787,1.2178932585747726,False
3674,334.15835737139787,0.9821699022913898,True
3675,715.0466466966469,1.0033911469751033,True
3676,804.7158037183727,1.0763128139157274,True
3677,896.7999683457339,1.0472312003727045,True
3678,144.3102801873236,1.4365440410331973,False
3679,88.30980543263802,1.287104758634638,False
3680,346.23458956307627,0.9271021433393126,True
3681,863.9710778384059,0.9130722298101963,True
3682,605.4558705225896,0.9645955184494305,True
3683,500.44237937016527,0.9711156689448949,True
3684,334.49357603393366,0.9450104092710141,True
3685,344.76475486561577,1.0358231993743103,True
3686,964.4430484804103,0.9941985092787515,True
3687,312.74869321147276,0.9764789855315316,True
3688,212.1345847443103,1.1616069226606758,False
3689,55.730281149493045,0.7422668869278437,False
3690,55.937450937678875,1.1887231700530958,False
3691,149.67045375331452,1.0853595528123348,False
3692,835.8615848772265,1.0233247809380697,True
3693,311.6051537332593,1.026338552150261,True
3694,752.3031995359138,0.9752399136075259,True
3695,358.0183472277758,1.0000115681327728,True
3696,192.7005189841887,0.9518401028862956,False
3697,79.5924329924911,0.4759183179652935,False
3698,497.4281470128156,0.9721917863019531,True
3699,172.61880456411137,0.8011027974066183,False
3700,373.762602524207,0.8765501885341143,True
3701,475.89784674824483,1.0291719645371369,True
3702,500.78578024840067,1.1256894795437977,True
3703,825.6222672715837,0.9890663397160797,True
3704,666.7331214087286,0.9889703453554258,True
3705,765.501944902589,0.9812428852841786,True
3706,345.0982630392932,1.033893043091762,True
3707,52.47784328366273,1.357486232528642,False
3708,873.0542566833927,1.0070439718008346,True
3709,711.1468392015919,1.023313925151483,True
3710,791.8000841871376,0.9286050983457207,True
3711,657.4734865646652,1.02747041163793,True
3712,849.7418160816984,0.9110384101009305,True
3713,394.0085337577736,1.074131322625276,True
3714,315.79131448348784,0.9771520680016892,True
3715,980.3709744982459,0.9265010810802927,True
3716,322.9519576403698,0.9848455709604889,True
3717,785.1194776198882,1.0310512471274265,True
3718,501.6728536945121,1.010006683598936,True
3719,730.0256660905752,1.066458715347194,True
3720,238.48836533819713,1.5314430404424992,False
3721,674.6465255543353,1.0476348716736754,True
3722,74.00850255164053,0.37911661672287456,False
3723,85.70009319711627,1.0541553282297869,False
3724,749.1743719481941,0.9916462249831773,True
3725,181.30277906993237,1.9483506914084257,False
3726,452.7839396392468,1.0894756616560892,True
3727,630.2392877030107,0.9296117045948771,True
3728,593.923865478397,0.9866377454673532,True
3729,536.4781172893297,1.1148274478420834,True
3730,843.136666981725,0.9595174223737232,True
3731,178.9601120208601,0.7860097471464644,False
3732,280.72740376746975,1.3740091049159422,False
3733,508.09214896964676,0.9728764228096917,True
3734,865.4306882139724,0.9662773653963164,True
3735,474.96226875845394,0.8916158026105863,True
3736,799.3515630492375,0.9991409826796797,True
3737,574.0013568633984,0.9443085263490419,True
3738,830.5100407726223,0.9838390109272219,True
3739,232.9735266535765,1.5373802133334067,False
3740,226.06754454901284,0.6947227350846918,False
3741,329.35602859093257,0.9740513016034218,True
3742,807.5849661036534,1.0177129958551736,True
3743,558.4193066087553,0.9542883571227119,True
3744,695.600906060859,0.9493211667264647,True
3745,584.5175811965747,1.0070470524198494,True
3746,70.9049557842328,1.039827004772466,False
3747,71.04051730610412,0.9101781920869683,False
3748,533.2013593641389,1.0204949875831424,True
3749,108.17269009835826,1.4603117440640572,False
3750,95.7475647705912,0.9453696582977135,False
3751,996.155718170731,1.0227294661672384,True
3752,890.9448315722874,1.035122065292233,True
3753,596.2663956055865,0.9853793482979295,True
3754,471.4245327442471,1.0151567164594297,True
3755,197.23184942835542,1.037840486233769,False
3756,321.47270392240944,0.9604844872740865,True
3757,88.65249188452839,0.6005095006719887,False
3758,875.8404391126061,0.9166463950604233,True
3759,958.2844986274519,1.0278255691113571,True
3760,814.5185083631159,1.0433527117167645,True
3761,113.60636062586046,1.3737080194586861,False
3762,616.8877646561161,0.9918686461716788,True
3763,755.1438471279685,0.9999627813421367,True
3764,404.2600350775747,1.0218538098085415,True
3765,332.4567981188981,1.041703694754224,True
3766,379.5418992390099,1.005548435677263,True
3767,534.2368551295194,0.9607149591972457,True
3768,972.8701626086611,0.9973304923907671,True
3769,314.6352760452982,1.0804457923426036,True
3770,850.1440473705806,1.0038854842535616,True
3771,671.4568697333964,1.0362350215747322,True
3772,262.09409453152523,1.1094902058176106,False
3773,620.0165208246767,0.9511100410984533,True
3774,381.76097579890165,1.0366897618823676,True
3775,588.8843654571481,0.9227231648367743,True
3776,303.4360218285409,0.9718086393883711,True
3777,180.48501645675154,1.0620636923971591,False
3778,891.0035455238126,0.8844957877223842,True
3779,628.1057606881847,1.0606128703206168,True
3780,222.7498184875216,1.0472239682784688,False
3781,545.8788939462952,1.0091203588428244,True
3782,826.728586299623,1.029030446018506,True
3783,964.2577501937473,0.8573631412423204,True
3784,109.79261920223195,1.3220625439638538,False
3785,474.4023616800665,0.9721528958327574,True
3786,773.1877584154115,0.9631976106976141,True
3787,454.87342648201104,1.156665755720392,True
3788,448.99003363113746,0.9872327563475896,True
3789,641.8277542881395,0.9855100119385903,True
3790,620.8802158683828,1.0294590865949544,True
3791,854.2884791054705,1.0239391652778262,True
3792,583.6913715225131,0.9578174324372561,True
3793,655.5513375382227,0.9751156028451031,True
3794,113.73737201346275,1.4131776700911567,False
3795,488.2930425656121,1.0362354778654015,True
3796,805.1128466055543,1.0143850723199284,True
3797,527.9110642216805,1.0046102946724145,True
3798,482.77322999951866,1.0049808308862047,True
3799,567.8901876342725,0.9509482271422616,True
3800,447.34960027976706,0.914795894830144,True
3801,60.8791183034724,0.9713324879121271,False
3802,525.8479936853219,1.0479715673637253,True
3803,493.54904143022793,1.045190278015785,True
3804,640.1836028879657,1.0090431905054842,True
3805,181.9362526615968,1.0085964741493079,False
3806,898.8849123204882,1.0120594264317506,True
3807,595.0145631696241,0.9906229620781919,True
3808,447.24937354487,1.0577042713402711,True
3809,511.90365961681135,0.996512943131184,True
3810,448.898048492698,1.062257690361962,True
3811,509.64340567001113,0.9305781369246442,True
3812,397.3921306365469,1.1225181283165842,True
3813,977.9875103101814,0.9898275803936241,True
3814,79.34418965752502,1.439557646168834,False
3815,108.65231156066832,0.8486967085881514,False
3816,983.9190845883406,1.0098105526022916,True
3817,677.7761320997133,0.9843555262399717,True
3818,108.99843282286204,0.9813998454852513,False
3819,287.10028842427664,1.110557957419569,False
3820,335.76463117671983,0.987458354096871,True
3821,334.13729192219563,1.0233649637173268,True
3822,617.050575943445,0.9877538882281007,True
3823,447.5257922924813,1.0133652679407639,True
3824,451.6463276310934,0.9139772327954461,True
3825,934.9138312583586,0.9617974532058334,True
3826,631.9697007379342,1.0206996817409018,True
3827,963.255893131833,1.0186001246029175,True
3828,869.8135086029328,0.9861847413170854,True
3829,342.77367810198336,1.0044740538023076,True
3830,164.34480213788942,1.1279590541854347,False
3831,560.6127749013312,0.9032169475549588,True
3832,218.71629982932308,1.0501238743707382,False
3833,983.1926765179313,1.0516964147952674,True
3834,521.2907817388551,1.0941196204429628,True
3835,586.9858108555353,1.0296337200026908,True
3836,977.3517539804208,1.0109992348178023,True
3837,308.64893690543795,0.9694229721891102,True
3838,241.65514250883356,0.8764438008464406,False
3839,864.8269171011515,1.0668318013636857,True
3840,714.9176593193737,0.961742708592627,True
3841,850.5493582254078,1.0484092680228525,True
3842,94.6248710433575,1.1464098552350968,False
3843,785.9412638127163,1.0006032185839964,True
3844,359.4115443931745,0.9841530359046625,True
3845,182.26854959027534,1.152755750694237,False
3846,762.9383873446682,0.9719407731879576,True
3847,775.8513657065672,0.9824746758428547,True
3848,171.932532388104,1.4353828946679261,False
3849,857.7179327016861,1.0437956077440012,True
3850,562.4830408678291,1.0265655052430858,True
3851,249.41402975761812,1.4116069983724395,False
3852,611.3140750778334,0.9903611180367062,True
3853,717.6013372690273,1.02682746736149,True
3854,456.4092640003499,1.1516768332104679,True
3855,972.5515360670984,0.9789220488209439,True
3856,140.14529447882654,1.2734901286370697,False
3857,182.2531198687317,1.0626687025889345,False
3858,252.20812186360683,1.6323300135533851,False
3859,956.4869328409806,1.0351922087927736,True
3860,320.7285697758198,0.9678960850687831,True
3861,644.5799670125083,1.0031509715252298,True
3862,360.79693500228603,0.9529391849939375,True
3863,972.8839129949778,0.9964838307197126,True
3864,286.07156481653277,1.0786104143221948,False
3865,87.80167685609831,1.4221051836473266,False
3866,134.29245792540243,1.2824458945682558,False
3867,235.7171689828557,1.0448031198989354,False
3868,640.1348842341556,0.9775216230456447,True
3869,266.08214405122203,1.2355268891784577,False
3870,610.9397304592723,1.0058381152747142,True
3871,437.95636467615753,1.0159452950359267,True
3872,576.3533774940445,1.1020988779699141,True
3873,538.9740288643637,1.0442786327010047,True
3874,786.542834191084,0.9898970130466704,True
3875,906.9288740971144,1.0437985108557706,True
3876,864.9746647280564,0.9346921110226268,True
3877,423.03549712116353,1.0251231814898776,True
3878,973.6762444913929,0.9782619688804195,True
3879,420.4163195865882,0.9532412164894701,True
3880,527.2683752567114,0.9814488203305801,True
3881,79.72405028801964,1.1783389073570716,False
3882,187.20973461201257,0.8445300613812063,False
3883,978.2515181969089,1.0215465549843947,True
3884,441.1082757800014,0.9948428819817293,True
3885,157.40484814456062,1.2338491517402634,False
3886,384.9664965513105,1.0176987996684768,True
3887,66.30159879689438,1.3433176876858617,False
3888,580.5532131169932,0.972544627099095,True
3889,304.46170743280425,0.9980923084104735,True
3890,820.8203783429822,1.01322678348213,True
3891,897.8182541602331,1.0158297567164043,True
3892,486.11163706159516,1.1250993397265328,True
3893,663.7945990907201,0.9820410851479939,True
3894,872.047419743028,0.9742216765702081,True
3895,555.3031100337816,0.9679454097153112,True
3896,188.64903922493033,1.691393794559864,False
3897,979.6032978623703,0.9626771371339953,True
3898,440.34247967178203,0.9960486707369369,True
3899,60.696235995663315,1.7005712603062972,False
3900,863.4510797034981,1.0009232009105964,True
3901,615.8439778811486,1.0427543605641603,True
3902,989.6325085966763,0.9983382667268228,True
3903,922.5306159299021,1.015788656077204,True
3904,210.8214730358234,1.140771346544007,False
3905,330.69093493127076,1.00886832413984,True
3906,921.3839222991071,1.0027017404817162,True
3907,211.66910019687614,1.390751443916201,False
3908,111.03025084951098,1.0382315929865382,False
3909,742.5335038194203,1.0545227195510087,True
3910,674.7204893026068,0.943541541080674,True
3911,253.31009260094447,1.4202536687614775,False
3912,50.98177783189282,0.750207112674969,False
3913,110.03564854437872,0.8341926914922826,False
3914,511.69287945758623,0.9887261352435052,True
3915,933.2359371823209,1.037582277097173,True
3916,959.6378916558583,1.0174716035607059,True
3917,93.6504647628757,1.4767007518106183,False
3918,365.1083683445263,1.0325235602420564,True
3919,692.9847308743708,0.9296130793436067,True
3920,306.80729232791066,1.0090344105028894,True
3921,656.2009703678553,1.0620666709944868,True
3922,105.29888785121521,1.6872734749335396,False
3923,774.373326164992,1.0333027961037293,True
3924,194.16096220129617,0.8713806786992628,False
3925,351.67358871032513,1.0313608384436606,True
3926,539.1147878932367,0.9747910120574783,True
3927,875.0901659769024,1.052607294963209,True
3928,790.4433560659198,0.9601815448635225,True
3929,787.3892029284116,1.1338082922772776,True
3930,248.53297068403,1.126206028324716,False
3931,535.7566050810716,1.013212648042019,True
3932,625.7467337471696,1.0816650964256977,True
3933,131.50022062643586,0.8682525351151555,False
3934,821.9279990433078,1.0427318947015984,True
3935,851.4275497255575,1.0164834816937287,True
3936,963.0542999830615,1.0084765794067427,True
3937,438.34957119686436,0.9807428315520472,True
3938,641.3949933855599,0.9041706715338872,True
3939,182.49270970776507,1.0654009350844278,False
3940,870.3361298545723,0.926794452535054,True
3941,313.8136064587885,0.9870020089388536,True
3942,971.2742750649707,0.9718977629593913,True
3943,845.5755437494682,1.0055354281530398,True
3944,435.34890164383944,0.9794778604188707,True
3945,879.1882497918623,1.066683120290608,True
3946,542.6258702120942,0.9606607588613896,True
3947,814.9301088139437,1.0381927897510854,True
3948,264.98131830484004,0.8812823125504121,False
3949,310.213065601629,0.9806707593725024,True
3950,602.6732496474474,1.1268528879340924,True
3951,824.1639643105553,1.036670177701618,True
3952,112.58480234813959,1.564111183254345,False
3953,301.71965776113564,0.9635997904855853,True
3954,695.8348533113273,0.9636892822915807,True
3955,203.00545745611151,1.1795725203014948,False
3956,107.2099357115323,0.8617433188107921,False
3957,955.6378467294385,0.9911386137318561,True
3958,421.32018917109093,1.0251288713739517,True
3959,795.7487672178326,0.9595498323292528,True
3960,731.6139612524977,0.9924308662781071,True
3961,518.6326243577995,1.0795244548503045,True
3962,293.07564913905185,0.9657475926512188,False
3963,661.248999792404,0.9421434279767953,True
3964,466.1195459720416,0.9460521096653354,True
3965,955.8062328892283,0.9132406353210105,True
3966,747.5383418097466,1.0033151751136038,True
3967,981.7167739431303,1.0158893452089985,True
3968,421.6645567053365,1.0496174983706863,True
3969,153.64241079704016,1.1703526367555097,False
3970,439.8149114622852,1.016277062556121,True
3971,213.00488376170085,1.270968914426581,False
3972,594.8011646257112,0.9984211877525162,True
3973,583.5526716105752,0.9235728325671585,True
3974,261.15847709611984,0.9161011401771899,False
3975,839.4025271706572,0.9503045511891941,True
3976,718.9188215435533,1.0145057091607614,True
3977,259.30989739398854,1.2941959122730686,False
3978,543.9044904936804,0.9849224618586783,True
3979,725.0076261867649,1.0000530648179329,True
3980,287.21835932901456,1.405635628852679,False
3981,143.54514980099924,1.4957687378173654,False
3982,605.4449899170282,0.9783099298147194,True
3983,930.3109574683634,1.1060588751695786,True
3984,820.8760010200542,1.0936638975856117,True
3985,312.5345986533793,0.928672520203892,True
3986,207.9718852804669,1.0646340977732258,False
3987,400.246820411667,0.9717893673988139,True
3988,52.71155405208582,1.6857496391459197,False
3989,973.672950733109,0.9655310652056774,True
3990,255.45956660762423,1.5109419469956231,False
3991,492.0416485264277,1.047220061368921,True
3992,142.15981280182623,1.3848368763372063,False
3993,978.6162496417418,1.0403287574602107,True
3994,853.1548292898142,0.9288561920292795,True
3995,665.3676760434142,1.0042431751724832,True
3996,239.42983750806093,1.7836774188809377,False
3997,690.4302721239661,1.0085719144449798,True
3998,441.2885849584377,1.0588683179200689,True
3999,759.2915918631473,0.9472185457948158,True
4000,694.7216494997018,0.9904310265487007,True
4001,914.4888757707315,0.8680250397889822,True
4002,987.8794542799899,0.9792301145672082,True
4003,842.1480703380997,1.021278132503894,True
4004,669.5767745816777,0.9786647058717024,True
4005,260.60669107435604,1.2552266769659515,False
4006,260.4154541469632,0.7178800845192345,False
4007,476.6673915837775,1.0403661360564407,True
4008,736.2585757791413,1.0248222360300305,True
4009,978.5245605783056,0.8935155351899732,True
4010,272.5274188931021,1.2099048129022854,False
4011,728.0611937410936,1.0411980282740534,True
4012,287.32639432743053,1.3917843980598112,False
4013,120.40668190516709,1.2138604477796457,False
4014,483.59777089442264,0.9903265157576014,True
4015,857.9914062554964,0.9937061548161527,True
4016,396.30200345161774,0.9863496799182765,True
4017,427.4665119313339,0.9678508276764377,True
4018,747.0158737936039,1.0758274170409226,True
4019,93.37005402444126,-0.05141667558914609,False
4020,702.1087121432307,0.9590728548817181,True
4021,760.9299447816725,0.9968088719024769,True
4022,120.99755391894865,0.4668875158007906,False
4023,75.60148857461401,0.5808706622830666,False
4024,597.2374415697793,1.0222612683977237,True
4025,129.10376082645237,1.3302849144826874,False
4026,391.1903249496591,0.9022647786156328,True
4027,637.1877671984283,0.9903284678669949,True
4028,819.2773281155729,1.0368854655627229,True
4029,133.7560439349478,0.9420098307279015,False
4030,812.5457800135922,1.0526725028385076,True
4031,207.61223130933573,0.796858551744953,False
4032,891.6589970622442,1.0092400666228967,True
4033,602.7104969985768,1.052652981446438,True
4034,903.056949466773,0.9495177393032243,True
4035,55.43981942905401,0.9308925556115197,False
4036,634.0511963922058,1.0688963724274445,True
4037,573.041597320049,1.140001599141339,True
4038,136.4533340434056,1.527638162589968,False
4039,325.81026752663337,0.8929893226157734,True
4040,876.5291526446343,0.9968394317197703,True
4041,570.6631859909646,0.8889042902348181,True
4042,686.1413136761423,0.8965262987114977,True
4043,579.1585044245519,0.9511157038659089,True
4044,767.7088141785425,0.979786842780806,True
4045,430.69613547629706,0.9725334850756907,True
4046,145.21500242421783,1.696070214678218,False
4047,885.9882189830669,1.0783579265955687,True
4048,872.905817655516,0.9756126846614436,True
4049,84.31732942784706,1.2707842417041397,False
4050,443.80451568179166,1.0234524336070372,True
4051,588.3841161582181,1.0604695306291778,True
4052,699.2287754455187,1.0397565701967837,True
4053,740.8142215564384,1.0696422001767603,True
4054,752.6078003675747,1.0411251975463958,True
4055,605.9706671855276,0.9641346696242279,True
4056,295.0448789727153,0.7048927349322939,False
4057,392.30852786637485,1.040828399530322,True
4058,338.7599563394636,1.0313747269824658,True
4059,213.1287943918184,0.8672050081846496,False
4060,160.385817398489,0.9754763319236476,False
4061,619.6028173662825,1.1306588378926248,True
4062,776.2264343310994,0.9506451428306595,True
4063,584.4945929530131,0.9836073459980419,True
4064,263.9045328823786,1.246935017394096,False
4065,135.7872467942401,0.648786985866686,False
4066,925.3198407879222,1.0194170768574955,True
4067,577.8042840782299,1.012032174212554,True
4068,138.40349065534417,0.6196687591994094,False
4069,325.4330322757779,1.0363258041841679,True
4070,116.92967254248853,1.1801884565167542,False
4071,563.590642436994,1.0530877476944738,True
4072,360.65321516674237,1.058466672803999,True
4073,553.3089176839221,0.994324550081164,True
4074,706.0644454985379,1.040252306638909,True
4075,412.99576772440446,1.0105732007775938,True
4076,268.04415897959746,0.9826764441022893,False
4077,938.7513879578192,1.0051097754897926,True
4078,486.97038160835643,0.9865161947992293,True
4079,768.7937984358615,0.9499377066331296,True
4080,756.3363827875091,1.0172183544316222,True
4081,665.5098843407214,0.926590198412474,True
4082,639.5221379433802,1.0616898863028852,True
4083,698.0089978650285,0.9453123107262644,True
4084,234.1889684488659,1.2368310635801991,False
4085,395.0399842074423,0.9409825847675222,True
4086,653.2653702084053,0.9377346189192325,True
4087,546.8151690186792,0.9993766357819891,True
4088,755.3360544571713,0.9005843087776616,True
4089,729.7942326099492,1.021192435848694,True
4090,843.5044920834639,1.0071487128077607,True
4091,366.1970929655161,0.9712653934174363,True
4092,171.31247571546584,1.114023644036756,False
4093,600.9540247838528,1.024967700550321,True
4094,401.5964152605676,1.02456144777583,True
4095,173.16808369995147,0.804925572206575,False
4096,618.9804881597307,0.9945616930665433,True
4097,945.7938990779754,0.980267572067915,True
4098,341.4752611212809,0.9580005943039368,True
4099,371.87506251488804,0.9956138399969772,True
4100,989.00760912649,1.0076782833626214,True
4101,989.5361162406339,0.962187363136934,True
4102,641.4882159871286,1.034657370895163,True
4103,755.3001590423943,0.9918668544897489,True
4104,614.3092516519099,0.9849695819076008,True
4105,951.262945505034,1.0137338221582008,True
4106,354.6528319516609,1.0189826738895864,True
4107,510.4066900851651,1.0526028358196144,True
4108,824.6463053990658,0.9773982739589884,True
4109,584.2696376746784,1.0268003360287483,True
4110,76.83270658857649,0.9476391450734729,False
4111,719.8545454942702,0.9524908311231759,True
4112,175.05815000129093,1.2277585295602604,False
4113,63.069358755489326,2.1611358013241615,False
4114,749.6177613904904,1.0000293321715232,True
4115,417.1713383008751,1.034526556809967,True
4116,598.3973115418236,1.0459547821563584,True
4117,709.9532353951032,1.0003737495871967,True
4118,384.63601066715387,1.1382212775681628,True
4119,206.80739835561405,0.9357954992677525,False
4120,286.9810121366751,1.2869522828722424,False
4121,469.3854928390667,1.0628303748274073,True
4122,797.0089903031819,1.0057147772156823,True
4123,170.26498538422766,1.109850822671941,False
4124,375.9830746440739,0.9889551790372679,True
4125,683.9964107976514,1.002013105052772,True
4126,296.0500249757132,1.562414606806609,False
4127,741.7373144607609,0.9897371750018106,True
4128,252.4255876554995,1.3614917165577582,False
4129,957.9096407650892,0.9736375028263715,True
4130,875.2277472780756,0.9989015445615159,True
4131,819.1670507373682,1.0678059145050496,True
4132,344.7953321941047,1.0476383147160337,True
4133,509.09436147178326,0.9532582188278079,True
4134,67.12748662155168,1.1136331420451464,False
4135,342.1871772658432,0.9704147442528023,True
4136,145.62774697187115,1.0221311524740448,False
4137,993.0847360183039,0.9879881900362509,True
4138,226.15228300889694,1.4183100625770828,False
4139,738.1451328712916,1.022998158850367,True
4140,567.2798267393023,1.0091857594610698,True
4141,97.12585129384652,0.8811945163667417,False
4142,601.453704565771,0.9223504757560035,True
4143,679.0668688487735,1.034776961338775,True
4144,416.9800321659452,1.0491058662200605,True
4145,91.11474289480782,1.2640088325199796,False
4146,856.5963932804631,1.0640831814097345,True
4147,105.63638778911205,1.0565205700501519,False
4148,331.49432702315073,1.0445057128048763,True
4149,109.80449572305432,1.4966197802632362,False
4150,899.5798381354977,1.0141601249751566,True
4151,237.30450026330823,0.8304586068199256,False
4152,760.3256621958606,0.9875040863294223,True
4153,695.6362334847084,0.9446734904817822,True
4154,238.87834239725677,0.8147483251434255,False
4155,118.97150636230815,1.061028878777564,False
4156,191.68803868841235,1.1731608338776591,False
4157,870.8388825582442,0.9416354445549778,True
4158,219.76679032005825,0.8439832554126633,False
4159,625.261132081898,0.9728080836139475,True
4160,812.3366834487525,0.948102826328719,True
4161,944.1633300285407,1.111896961733065,True
4162,622.151993242575,0.9574421273724226,True
4163,884.9829845893528,0.9983714337531331,True
4164,432.3320391312655,0.9952729791751728,True
4165,557.2935012477435,1.0181670207081268,True
4166,910.2467819036365,0.9340973406477321,True
4167,313.0196273588673,1.0282670731054728,True
4168,924.0354794055445,1.0014942486660996,True
4169,512.1241929234883,1.0784925201576032,True
4170,356.60735255551225,0.9839587929578817,True
4171,690.0870408074308,1.0352074649417422,True
4172,208.5985328527161,1.7148522790418999,False
4173,694.1782122834052,1.0087164500222423,True
4174,374.8045121397524,1.0419792207794725,True
4175,55.26545080707186,1.2792343368847592,False
4176,688.3407386254785,0.9238468429347697,True
4177,477.66342894073597,1.0020704136091674,True
4178,488.73455362184785,0.9980766191006428,True
4179,264.5402611641794,0.9875421180906041,False
4180,962.0848073601733,1.037514794422116,True
4181,847.4857885987802,1.0285174542428026,True
4182,958.0999952263779,0.949628966089832,True
4183,507.0538383429795,0.9664273675292275,True
4184,182.84154339936705,0.7854345610243181,False
4185,641.1541624633586,1.0098523245366935,True
4186,496.684462410169,0.9865035911245331,True
4187,78.00424917048588,2.526030584538956,False
4188,672.1715365990484,1.014210433713761,True
4189,768.621239441306,1.0605932574605057,True
4190,211.75973297499417,0.9441926618832985,False
4191,722.3839670613191,1.033232012662775,True
4192,851.7941687156656,1.0143754660111928,True
4193,508.00337476539835,1.0172689037440263,True
4194,682.3658368023288,1.0756564196664644,True
4195,800.4993311746017,0.9588676973421972,True
4196,234.18841131807233,1.455243672659095,False
4197,500.7546031271708,1.0333226470065713,True
4198,758.0272241284507,0.9564199793902947,True
4199,287.01647587042055,1.295826397588999,False
4200,569.6949073496789,1.012566197295223,True
4201,581.3251931805504,1.0219406912198024,True
4202,238.37266865992174,1.3203837545868637,False
4203,432.60574257669714,1.0440420443525127,True
4204,675.4855473234911,1.041409318819608,True
4205,256.8778014002713,1.188709946888355,False
4206,237.6110151220655,1.2562051780727042,False
4207,562.86393992342,1.049598095364228,True
4208,739.2897712020334,0.9886722954591322,True
4209,582.2781474000046,0.9924937152519936,True
4210,746.3129814164637,1.0837128168212034,True
4211,222.77676668484398,1.5259148667556046,False
4212,895.5581824454385,0.9916265672489588,True
4213,349.98049847886705,0.9572336215049393,True
4214,121.00569201714286,1.3704288182726285,False
4215,491.8379009507531,0.9944741435002485,True
4216,258.7391759334609,1.418112721877071,False
4217,939.6550154285469,0.9768540859962817,True
4218,982.1998731785379,0.9315407300820593,True
4219,248.522604969612,0.8986329713489043,False
4220,376.59616763297186,0.980150349579103,True
4221,146.400352233825,1.4107027353512016,False
4222,899.2604727980024,0.9217280703078408,True
4223,937.1330313348108,1.0206346145825542,True
4224,525.9120838345857,0.8923640460965878,True
4225,372.5589543280917,1.0340889377826994,True
4226,828.0431364877135,1.0250097136385723,True
4227,735.8230492505922,0.9554789257052746,True
4228,821.460794357233,1.0039876286333118,True
4229,157.58425115818238,0.8614633823666484,False
4230,575.0722876095581,1.046389738192998,True
4231,364.46102135639455,1.0178136122057269,True
4232,710.1231422397843,1.045424706126416,True
4233,77.72686083407244,1.1470111054708951,False
4234,198.96846384910953,1.2795477010046243,False
4235,209.1905764623091,1.262263564799343,False
4236,722.2782228174526,0.8880727899616446,True
4237,438.3185093274901,1.0406457885956875,True
4238,967.9435900309426,0.8662417743592605,True
4239,800.4103141229914,0.9929065156725447,True
4240,637.1069238944042,0.9514731068121169,True
4241,101.10667014076196,1.9781182495800307,False
4242,324.10225052008616,0.9013292016539296,True
4243,528.660837268352,0.9924536836015133,True
4244,984.3815881587013,0.9539257583573734,True
4245,200.23447485398103,0.6654752948132812,False
4246,191.67697932292901,0.47056905595238085,False
4247,496.4353410121912,0.9811951262578715,True
4248,862.8514220104831,1.0600789150461076,True
4249,471.58264587249494,0.9651433291418808,True
4250,55.983508068573244,0.7572819902163803,False
4251,354.5897272281994,0.9015882828620059,True
4252,282.06049605664055,1.4308842358022504,False
4253,72.96196978311356,1.1910105692379866,False
4254,161.5519468967408,1.35468488914745,False
4255,928.4085346255358,1.068860077396777,True
4256,891.3729926473968,0.9635865537655958,True
4257,646.2781246402143,0.9742244170382673,True
4258,507.16707568443695,1.1316868113656955,True
4259,193.82033141815046,1.3888350573182513,False
4260,926.085673759295,0.9959108089509899,True
4261,256.45922988021044,1.3434072937064083,False
4262,754.0547830362343,0.9272909330955639,True
4263,785.6821433844184,0.9447664894370646,True
4264,295.7450432487666,1.0463739564502608,False
4265,612.5519756444801,1.0799564549618872,True
4266,342.9514241357338,0.998860428634682,True
4267,923.9224393254043,0.9475270023314495,True
4268,403.9203619708352,1.09998412563713,True
4269,725.7592151556146,0.9342579139502812,True
4270,299.86783136794264,0.8408301343885842,False
4271,889.3705024585389,1.0654843404561227,True
4272,128.1571063088797,1.3195016946884863,False
4273,549.340522487841,0.9721347607995292,True
4274,986.1149717228684,0.9269370033577807,True
4275,507.0866821817472,0.9974170641562606,True
4276,93.203201483875,0.9419939643798503,False
4277,355.47153521145805,0.9428591823422053,True
4278,324.88105665677625,0.9654717951341243,True
4279,559.5824874314242,0.9739024179180142,True
4280,281.18184082318606,1.1916462333267899,False
4281,188.57311704291695,1.1646697700372142,False
4282,917.2450006370442,1.0664823523608078,True
4283,710.179782074572,0.972336930537409,True
4284,540.9081106203389,0.9879062051065159,True
4285,429.51060168304883,1.002622180838299,True
4286,788.0406068765162,0.9967855321789252,True
4287,791.1060763202323,1.029141482562107,True
4288,262.08086646084644,1.388893014126587,False
4289,808.5102958972798,0.9394138236486947,True
4290,94.21337010440246,1.5546996238078081,False
4291,573.6268776195203,1.0331253023250637,True
4292,721.6395134872604,1.043844810902715,True
4293,971.3065894036206,1.1085354288830942,True
4294,878.7035235274715,0.9771611931103094,True
4295,942.383168863037,1.0325053176668963,True
4296,598.1824576047188,1.0340860137155305,True
4297,908.7486142951105,1.0382172935566212,True
4298,532.0159289095407,0.9750000395906405,True
4299,850.9472380364293,1.0449550581322022,True
4300,388.3679080703997,1.0143614480037773,True
4301,436.24398275593825,0.8860674468958133,True
4302,318.66794477843973,0.9880838715317256,True
4303,744.4928358937952,0.986167148788369,True
4304,661.4775040682238,1.080177620956445,True
4305,314.03273904808844,0.9964336817786287,True
4306,836.8383836920108,0.9789695949909365,True
4307,570.8639746901928,0.9938975832019773,True
4308,823.2568453518551,0.995996147297299,True
4309,369.93735684226266,0.9695983525079976,True
4310,454.3487153822877,0.95922297418429,True
4311,954.9553329169373,0.9889253420510128,True
4312,324.45311671348696,1.0144070788840103,True
4313,84.41520145778627,1.8485696295167118,False
4314,676.9866949318624,0.9267591675461222,True
4315,943.4253997641312,1.0021864050561802,True
4316,992.9143783190972,1.0082208189433677,True
4317,797.1230702177975,1.0825157741154268,True
4318,419.984976701127,1.0336227862602136,True
4319,192.99895312653075,1.2571964639167879,False
4320,296.7501609174702,1.1881785277461832,False
4321,458.8490222927002,1.0897857487310643,True
4322,758.2093471211498,0.9991524384318083,True
4323,676.6437869516689,0.9793640404238128,True
4324,860.0336423075943,1.067617248438644,True
4325,281.4263001061671,1.3873596213636912,False
4326,220.86352178089012,0.9404401846386437,False
4327,271.26193553047574,0.8259050229114697,False
4328,269.949674378176,0.9305341116049746,False
4329,152.1857999048982,0.8249481205376379,False
4330,804.3163089988922,0.9922649957612082,True
4331,496.12434875942233,1.0405029978098068,True
4332,817.5806833431467,0.9900793560946203,True
4333,295.32851970009256,1.1860960461113736,False
4334,143.9285280697835,1.0165117375710724,False
4335,477.12543386809256,0.9135433512533385,True
4336,515.1312989518451,0.9913633144448325,True
4337,181.5171236244171,0.6949227245128975,False
4338,570.5268512304808,1.0172993870725147,True
4339,210.18818629578507,1.1243393368780326,False
4340,533.0911788791914,1.0478738189839671,True
4341,326.71578036147696,0.9385694160795808,True
4342,651.3881631806312,0.9163397402702197,True
4343,246.9597084286344,1.030242984353241,False
4344,808.3505484207012,0.9231130053432652,True
4345,702.8289493215378,1.0453580988323012,True
4346,494.31742167768846,1.0556991703009055,True
4347,516.8295868394177,0.9931068240772766,True
4348,293.3346797005448,1.2281180614803846,False
4349,221.53179389016435,1.1143878222724586,False
4350,806.5253648956354,1.0507758011706814,True
4351,711.2910413194834,1.0120215046994634,True
4352,827.992786807495,0.9212494458236127,True
4353,264.2730469131427,0.9501851455966203,False
4354,471.8549910033246,1.030069469480894,True
4355,339.99812221800556,0.9621929497469749,True
4356,413.0265997303316,1.014603648202226,True
4357,375.9113968232771,0.9613540645391677,True
4358,577.7457507680444,0.9531584847047735,True
4359,491.61718964060964,1.0136313280299638,True
4360,768.193298520897,0.9988996867132562,True
4361,484.6033256927497,1.054117935568517,True
4362,443.4187013639149,1.0190658483001738,True
4363,716.6657535371485,0.9874288362236293,True
4364,306.4899676521281,1.0236809003897456,True
4365,980.9420994576445,1.0158114065945778,True
4366,712.8487130099587,1.0554373660513323,True
4367,438.96608311376167,1.021940829251852,True
4368,790.0383689649399,1.0045143139790673,True
4369,684.2897386355403,1.0418874576379724,True
4370,450.9969405945112,0.9895474859547801,True
4371,524.3154272802369,0.9179022789493728,True
4372,731.1661144167672,0.969722675579232,True
4373,364.6339463011231,1.0203399753509528,True
4374,322.31492987242143,1.0031841489756022,True
4375,822.1860921460371,1.0064351705166399,True
4376,849.675769287075,0.893602431848068,True
4377,885.6373342988893,0.9472053893034972,True
4378,767.285395111433,1.0485762630012982,True
4379,508.414876937416,0.9697357627552099,True
4380,808.7658347426069,1.0194446513627153,True
4381,384.9083875413487,0.933807661413071,True
4382,944.4506109661334,0.9484732510728912,True
4383,468.54733210345296,0.984732914173042,True
4384,884.9826171797216,1.0475536337733133,True
4385,943.425935949324,1.0474709002512108,True
4386,464.10752781693867,0.9624011589090898,True
4387,938.9005612174319,0.9471551006371243,True
4388,152.69147283090922,1.263957087372477,False
4389,96.52197695303236,1.0985714626978607,False
4390,344.3737388162697,1.0284224664146746,True
4391,635.0814202488241,0.9681687487086879,True
4392,799.5070881291147,0.9509653486987906,True
4393,55.36201807986937,1.5109021512967764,False
4394,172.35788420521027,0.8121666478782736,False
4395,382.9180667985578,0.9752724616885335,True
4396,732.5856593855802,1.0366333288581884,True
4397,515.263358943165,1.0274519852092479,True
4398,346.92516631761885,0.9986396085927065,True
4399,637.5463431910885,0.9851270416628833,True
4400,491.87424378987805,0.9596705816940397,True
4401,741.3718882013903,1.0312812339728623,True
4402,79.98521539806448,1.109598697966527,False
4403,308.38329885612575,0.9261035108436195,True
4404,845.3340528172962,1.019817529980983,True
4405,563.5503979726714,0.999310895126673,True
4406,326.96525494962685,1.0470198621570952,True
4407,478.37020888557436,1.0565511603002482,True
4408,617.863253524203,0.9743092095598754,True
4409,211.06309274486304,1.4213555159298426,False
4410,525.0546987218793,1.067029978920686,True
4411,317.6675712224017,0.9682262002928321,True
4412,498.77385952906377,1.0142131702669164,True
4413,54.86321686185389,0.42500807394870976,False
4414,810.739627159492,0.9881937128113134,True
4415,645.1453441247307,0.9877061682219608,True
4416,542.1160012845462,1.0081068913774474,True
4417,981.8186660497202,1.0077610251003704,True
4418,827.1648548388939,0.9968085653100534,True
4419,683.3031219304161,0.9951430456532644,True
4420,792.7875102102084,1.1010635584488617,True
4421,72.80117582155098,1.6095297650056126,False
4422,284.5200352537481,1.3876112043741406,False
4423,412.1178511249992,0.9994614280760874,True
4424,684.1032978872685,1.0120666976688424,True
4425,425.58133573742913,1.103436585225552,True
4426,790.5753248633774,0.9011172610988647,True
4427,960.5381554864668,1.0514846881339175,True
4428,805.6176426010292,0.9647007963673211,True
4429,403.051793924,1.0223368859247504,True
4430,126.80273636658207,1.1966879234004577,False
4431,282.68588594877315,1.3099930278734466,False
4432,659.6198042655287,0.994447469066634,True
4433,103.98119455582952,1.7870397339110435,False
4434,904.2834311830617,0.9749213746587858,True
4435,311.27712417415125,1.0006862348959995,True
4436,540.4421234331714,0.9938816868644391,True
4437,577.5015360686131,1.0191823301247678,True
4438,60.98564686824437,1.2158375143137312,False
4439,509.99686368472464,1.0330288432852635,True
4440,208.04080821241746,1.7383677529458197,False
4441,339.23690430940053,1.0222236354450687,True
4442,99.06533165149318,1.3539537280251759,False
4443,817.5795716992852,1.0068263542624825,True
4444,445.0392581861381,0.9714781176464585,True
4445,146.79799286634832,1.4002944682756497,False
4446,733.6694727286896,1.018326157240948,True
4447,958.0068397478404,1.007089139303578,True
4448,302.67650549976906,1.0200270690000017,True
4449,907.0040653142426,1.087753704545714,True
4450,309.3693440672961,1.0850005438438213,True
4451,488.3197714468946,0.9597769506949516,True
4452,771.8314373674649,1.0017409955810008,True
4453,744.7870109012665,1.0421073516597261,True
4454,412.16263406960394,1.0930494781381492,True
4455,590.9752600269111,1.0545605683177628,True
4456,549.559447689128,1.0535564421998966,True
4457,941.8601878861066,1.024629184905679,True
4458,861.9682841478094,1.0623697595040793,True
4459,87.78343357452887,1.599259985361826,False
4460,210.1793442568377,0.9983491081759053,False
4461,969.5601989322168,1.0756338434938184,True
4462,605.9721287836206,1.0223532679989562,True
4463,958.106216766914,1.024052297119653,True
4464,458.6933217914401,0.9978373133043119,True
4465,329.7577574912585,1.0269813946997453,True
4466,220.56835304688283,1.0585298152744205,False
4467,71.10560437268869,0.973477991317983,False
4468,165.75550999489226,1.6265906035500994,False
4469,390.870084008909,0.9718374086333691,True
4470,837.9887596793479,0.9599334728561995,True
4471,733.2109987748913,1.0062497357170193,True
4472,293.06814998958,1.3198887238359174,False
4473,957.9188911482684,0.93743811098037,True
4474,237.0479887056052,1.0042778365790044,False
4475,959.0353897171925,0.9972273544244047,True
4476,356.20671538339354,1.035393157080644,True
4477,53.33570007673567,1.2654115378643636,False
4478,634.4054707989548,1.021149342185315,True
4479,638.648007676625,1.0368710848387719,True
4480,655.444582154827,1.0223129586678532,True
4481,838.122708698443,0.9447340644021422,True
4482,891.406810488338,0.9877298756667044,True
4483,799.7115251105489,1.0088346269201391,True
4484,506.6238558404141,0.9980272648841272,True
4485,371.60883633999794,1.0116640802128667,True
4486,929.1557507657016,1.0310485855861866,True
4487,686.0273640392543,1.0388731219983776,True
4488,376.1675093455007,0.9916614851149795,True
4489,644.7836250945588,1.1402374239589312,True
4490,614.4510648597355,0.9792759391168554,True
4491,574.2544837273916,1.011835325945691,True
4492,352.55984231820037,1.0114301443228726,True
4493,251.9836632117906,1.1858090389897533,False
4494,313.8632095160263,0.8975828062090249,True
4495,379.74424403568605,0.9117042735131351,True
4496,605.2219703389493,0.9305687144697423,True
4497,950.8043309318144,1.0529020751557343,True
4498,338.92207472594305,1.0113986640517874,True
4499,308.8668423829857,0.9393266064467419,True
4500,813.1996209800919,1.013830862347911,True
4501,164.1053355353465,1.4341767519289257,False
4502,109.96482117164308,0.9687022647864193,False
4503,140.9245167424838,1.8734116683149136,False
4504,363.96110325449604,1.0289519692552451,True
4505,909.8070818795406,1.0094614509432502,True
4506,430.79748783019784,1.0421325322750747,True
4507,834.0549590237102,1.0209018190540107,True
4508,138.07386082710468,1.0537789554305417,False
4509,837.4133429371897,1.0248390720702067,True
4510,51.603846454325826,0.2768091848861348,False
4511,541.8251898337934,1.039792243987943,True
4512,557.8874757280839,1.0127241611139755,True
4513,111.3512382583985,1.2923638464512843,False
4514,405.2012058980834,0.9811313425561281,True
4515,844.347936572072,0.9132385319022626,True
4516,337.39163719775286,0.9609601493751153,True
4517,183.5113198258711,1.0812578712910936,False
4518,219.73380298417047,0.8631956056640903,False
4519,943.8730327440294,0.8696172436346303,True
4520,846.9372311035496,1.0947135081156434,True
4521,547.6527021042814,1.0295087032471635,True
4522,693.9620787780581,0.9766647802438001,True
4523,52.184573014066395,2.0228126685270715,False
4524,580.5707190814383,0.9963340799096108,True
4525,783.2078383138536,1.0313650319742533,True
4526,549.7406916154277,0.9830444146440531,True
4527,842.8845513795911,1.0534661371475302,True
4528,806.9212030719741,0.9310328887245286,True
4529,248.2200087628239,0.9418687525603299,False
4530,330.51011223889566,1.1177604574498614,True
4531,604.3955872196492,1.101708382566486,True
4532,795.5364301867615,0.9680657362147437,True
4533,733.9382391518051,0.9443873975203654,True
4534,292.45041680473867,1.5999605993231112,False
4535,678.5999168460713,0.984828815279404,True
4536,717.9421263418599,0.936121655855277,True
4537,864.2056761308187,1.0761395888052365,True
4538,55.155864709689325,0.8377758514785176,False
4539,342.4184427926719,0.945836350291743,True
4540,106.13399163904499,1.8143365544397856,False
4541,326.3964606756295,1.0201898976671893,True
4542,696.3037899019298,1.0018396543466843,True
4543,858.5077030746071,0.9303306940725411,True
4544,284.4440746385424,0.8738723153477138,False
4545,972.8469122603594,1.0070327171823827,True
4546,766.739666578994,0.9412483572484103,True
4547,83.19788447434337,0.5982930806884452,False
4548,967.3148177006682,0.991555669116089,True
4549,881.4513772695747,1.033411901811874,True
4550,461.8093656101294,0.984172342478436,True
4551,727.5689291520927,0.9809328389614008,True
4552,614.9105732818766,1.0207358910207973,True
4553,378.7606024241948,1.0864725518672356,True
4554,350.63011541144874,1.0807057917869356,True
4555,341.9980852570922,1.100304896556086,True
4556,947.9365869140274,1.0790683692365532,True
4557,319.53215745369,0.9852115513007493,True
4558,453.940141158368,0.9683325379633774,True
4559,735.6875724401781,0.998640149752924,True
4560,584.3668120445919,0.9294521614605498,True
4561,180.5824856919026,1.0315307919419423,False
4562,343.9667183575926,0.9851497413867831,True
4563,118.77046135909588,1.0977751390586945,False
4564,252.08267719046222,1.0382791978378487,False
4565,709.2086883856249,0.9482761789854741,True
4566,729.8925074229638,1.0010739862450806,True
4567,915.5970728612522,0.94722190111323,True
4568,462.7218859052709,0.9736764510036048,True
4569,155.73574653057892,0.8823907712243846,False
4570,954.3243874940896,0.9842172028146023,True
4571,275.08494185798315,1.1746128358222296,False
4572,677.2278779372047,0.9463032006587573,True
4573,129.2098382100985,1.3697584032649852,False
4574,728.5073112439438,1.048776338571078,True
4575,869.2865806309117,1.0481309456799088,True
4576,873.6282381232254,0.9817596005563881,True
4577,671.8336057551538,0.9920417398840466,True
4578,569.5075824095035,0.9623084337852909,True
4579,831.2665975658906,0.9865932448240394,True
4580,161.8223292096834,1.1696306137059778,False
4581,309.10153681392194,0.9751905284397636,True
4582,545.2015394825421,0.944828316350186,True
4583,419.7119696404492,1.0350491011744603,True
4584,741.4744377032157,1.0133416705267233,True
4585,466.24712950715735,0.9620900784003725,True
4586,79.09679553696415,1.5163185740847869,False
4587,50.46262501789967,1.0980326452978744,False
4588,544.5122400914652,0.9552990014188284,True
4589,51.931367172379915,1.2676072607015012,False
4590,612.0107075624096,0.9906493184730953,True
4591,66.88812969486604,0.4466912995216573,False
4592,935.9710523637107,0.9773511693980117,True
4593,842.8695567961419,1.0345498914482083,True
4594,453.1926339019093,1.1030559147538401,True
4595,337.0039432412301,0.9753306116274878,True
4596,415.9368631487006,0.9983791893805901,True
4597,177.10121813180257,0.9771701281956303,False
4598,592.2849852029591,0.963435921381662,True
4599,557.6789688675481,0.9856708779369758,True
4600,334.35567859843127,1.066742248909348,True
4601,314.82738656220806,0.9659353689974995,True
4602,66.25237996088488,1.1211957452958703,False
4603,557.7242963258441,1.0356663979292715,True
4604,726.3240470984301,1.0715914460571745,True
4605,852.3081968404338,1.1143348473699866,True
4606,683.1675414192839,0.9033896772572986,True
4607,899.4445882715112,0.9611926171324541,True
4608,205.1984517745887,1.0862815277761477,False
4609,67.90440369098138,1.6372156534724052,False
4610,181.48678078546376,1.320198546881473,False
4611,664.3047246230776,0.9339335095675425,True
4612,554.5319055277057,0.9992694422874923,True
4613,452.2616833734464,0.9572432031783819,True
4614,597.4074383358777,0.9320471275878777,True
4615,891.8413582976624,1.0501321403577453,True
4616,798.1650449526359,1.111841991697407,True
4617,911.657053980117,0.9239181838002799,True
4618,924.3516852510395,0.99223675838377,True
4619,194.5807171763505,1.0753699110502168,False
4620,954.5418480359872,0.945279290482208,True
4621,763.1497593509011,1.017604993087597,True
4622,215.67670538908493,1.6281654941397734,False
4623,714.8414737907557,0.9317475341439504,True
4624,928.9743512325176,0.9980692179671101,True
4625,140.62607956637854,1.4559603541222814,False
4626,821.1957704130257,0.8974553432988827,True
4627,308.5752531912823,0.928261617238064,True
4628,432.710969645448,0.8673047421147914,True
4629,612.9068788056103,1.0048620112523514,True
4630,720.1793115810518,0.9516544301261792,True
4631,91.15462692344849,0.45312265608606817,False
4632,873.2717079991802,0.949085120386596,True
4633,286.0543938937286,1.1619279902955473,False
4634,789.8226982958635,0.9815133307825972,True
4635,450.27177293386046,1.025160063527824,True
4636,614.5420902315453,1.0599856993281256,True
4637,849.5072746693764,0.9721028146634364,True
4638,461.5304545310896,1.0914242927858164,True
4639,899.1287312019314,0.9921826062735907,True
4640,467.7524365046467,1.030696895574303,True
4641,480.4083482973185,1.029906130841633,True
4642,521.1960650696856,0.9330696359724278,True
4643,836.7402885578183,1.0742691794063517,True
4644,206.8420849631633,1.4871718351121261,False
4645,756.3911174910487,0.9781516445792344,True
4646,481.8552269281968,1.1379757751735868,True
4647,810.7597940694237,0.9989988081658041,True
4648,689.9626786417012,1.0209140644755998,True
4649,792.9705443767618,0.9820504390130154,True
4650,495.2040027831719,1.0290308179674996,True
4651,563.9599605458424,0.9094517819835416,True
4652,963.6419840969016,1.0122598879488713,True
4653,122.2428681399009,1.154071581737935,False
4654,249.69342496140297,1.0109247897916107,False
4655,99.22909204494553,1.3259661244962138,False
4656,698.1800597429574,0.9247750258900005,True
4657,553.4761996335237,0.9826996325498213,True
4658,700.5886651347151,1.0004657396096113,True
4659,651.3984174458404,0.8999776918299551,True
4660,386.463031299312,0.9682661637491368,True
4661,472.48691387889215,0.935052051740459,True
4662,431.4894273063018,0.9859775360537353,True
4663,941.237545451816,0.9764097500211292,True
4664,935.5667871535417,1.0354678543466433,True
4665,361.26261461042435,1.0097562276573377,True
4666,837.2899350678267,0.9981063497605356,True
4667,880.2295703463654,0.9257651841220611,True
4668,518.2234652864976,0.923183288692956,True
4669,214.57210278643166,1.2278959798708402,False
4670,467.83469370336576,1.0217445591322527,True
4671,370.1390425272249,1.0615763720466458,True
4672,905.5344492333348,0.9827308666709984,True
4673,84.36755993618058,1.3073808039940609,False
4674,623.2162359592044,1.0407488860213077,True
4675,365.64660603612293,0.9646762085601541,True
4676,401.87675737508744,1.0333503080374464,True
4677,261.6626859171215,1.3016127752093618,False
4678,242.49743426599863,1.478357986812382,False
4679,984.6260863915805,1.0063008294499607,True
4680,423.44035699836223,1.0589034670933968,True
4681,179.68623733605372,1.1387978888265273,False
4682,447.19700143258837,0.9381486181541734,True
4683,503.799774264521,0.8385265813767696,True
4684,712.865131397569,1.0557246080325047,True
4685,553.1680681804286,0.9606648825848849,True
4686,566.0360804437665,0.956147147668571,True
4687,393.5198400092454,1.0533339826131123,True
4688,834.9737763663547,0.9108367214164242,True
4689,827.5593031456071,1.049701082789657,True
4690,983.0326579362467,0.9939836524462798,True
4691,269.639874675502,1.1331987772347256,False
4692,283.3994834866701,0.9021553729345116,False
4693,222.5467159666889,1.3421266204249507,False
4694,782.179869674654,0.9694588136658637,True
4695,816.55979056596,0.9908990432635224,True
4696,185.98515170949636,0.7124450896993892,False
4697,901.2099851053765,1.1132527258743226,True
4698,654.830875832309,1.0867229239498803,True
4699,900.2330316755517,0.9929924842353892,True
4700,92.27785392801192,1.0623577477363133,False
4701,593.5401349642947,1.0498503785774165,True
4702,823.6480647902022,0.9567101580045911,True
4703,843.4708728393416,1.0607975450944247,True
4704,462.9076312101076,0.8929144909152945,True
4705,925.2423657434789,1.0231085183615607,True
4706,290.88471333279386,0.9162470269830212,False
4707,723.3181060105463,1.0532551391387792,True
4708,209.081406411157,1.347957041298867,False
4709,121.99824897852625,0.7828033523147508,False
4710,544.8737672575328,0.9142044892242658,True
4711,459.85453738917755,1.0220189365508028,True
4712,747.3413127074086,0.9813929859701465,True
4713,829.2752799539429,0.9702334535924285,True
4714,449.86246033341087,0.9503046271654934,True
4715,71.23865686437932,0.9672858008450114,False
4716,162.6924617056994,0.9537923238333014,False
4717,161.274526983128,1.1766185565859077,False
4718,849.4376249648726,1.0692704393255819,True
4719,234.28093311634424,0.9906314096066696,False
4720,102.47279371264582,1.7862013328182158,False
4721,833.243662247813,0.9871440038871374,True
4722,294.2224832016069,1.1517379972639914,False
4723,913.113065419693,0.9856519172600667,True
4724,833.5171373009084,0.9338198860308812,True
4725,603.430920904142,1.0214333521983832,True
4726,733.8137348962591,1.043079750399376,True
4727,127.36636408625101,1.1430819980723148,False
4728,556.1667390108182,0.9558686396654841,True
4729,755.9041819920709,1.0201116433510344,True
4730,666.173108176114,0.9692434484194019,True
4731,114.93688625386118,1.1033791018208132,False
4732,497.3138335218674,0.9564995159554928,True
4733,778.9964562228815,0.8813232673254645,True
4734,155.0013794223447,0.9454872490295805,False
4735,381.0281200686087,1.04046943505985,True
4736,978.1086441852291,1.021103814920404,True
4737,889.5756552711141,1.0458178611171474,True
4738,270.85297641383005,1.1092539787582458,False
4739,216.79219930193068,1.2141748739756433,False
4740,392.54567740901956,1.021845974986075,True
4741,724.6584015478039,1.0714900253090165,True
4742,739.9707215885651,1.0007855713239384,True
4743,373.2329209880587,1.0414745932366434,True
4744,814.7636646790221,1.0480689428014556,True
4745,445.58811548377344,1.0470723712883863,True
4746,836.0513284736907,1.0362789955816822,True
4747,221.46055746151492,1.4271247286122826,False
4748,131.86710420355234,1.687799665180996,False
4749,873.0023877193246,0.944953512392921,True
4750,150.05509431812771,1.4599691379180126,False
4751,557.2222203406303,1.0298574650602383,True
4752,449.70101493263536,1.0115522927618599,True
4753,317.6183422091811,0.9967926026136658,True
4754,629.6313907355861,1.0140993835063437,True
4755,215.43947741745055,1.2981147669905475,False
4756,730.0079153984572,0.9948961550586485,True
4757,319.3792166168191,0.8887136456080105,True
4758,164.37160533580322,1.0252159521761057,False
4759,899.6616472127421,0.9892252918393354,True
4760,279.5920217973679,0.9665888595525769,False
4761,161.3016782413214,0.9470770452066506,False
4762,192.05417946938547,0.6696610829546326,False
4763,339.9565383998611,0.9774219669096098,True
4764,389.73819508076406,0.9877142501517807,True
4765,71.96665805151969,1.628124859423228,False
4766,219.14603955597923,0.7730899806921936,False
4767,367.87562036102634,0.9898046920525404,True
4768,544.205550914492,1.0247042934558477,True
4769,481.1835910439958,1.0267839022476233,True
4770,336.1321044200723,0.975568319402456,True
4771,372.7219001463199,0.927074776069879,True
4772,432.038176524872,1.0736162332134744,True
4773,629.4998190713873,1.0366416668406029,True
4774,870.194769743487,1.0717569811260241,True
4775,412.37458261211134,1.0429682425452675,True
4776,357.47623048793037,1.1327300345598228,True
4777,550.9735946353985,1.0197681291076894,True
4778,356.0531457829455,1.0374073796682364,True
4779,51.81419014073141,2.134710069811667,False
4780,311.8071219532802,0.9495953266863932,True
4781,177.4587020183564,1.1500566318387313,False
4782,591.6600379372392,1.0065580577097688,True
4783,899.1962212049094,1.053085914887222,True
4784,794.3813775916306,1.0346214878722784,True
4785,62.66760129501865,0.7757153644671966,False
4786,623.2019757765376,0.9647492055087298,True
4787,274.57835646658043,1.4695679378875715,False
4788,116.70109928381588,1.1424971125448316,False
4789,574.7813194346612,1.1319304131004844,True
4790,260.83324242570893,1.3592417021962229,False
4791,959.323014412563,1.0008128822647187,True
4792,661.2764429835177,0.9764209521883159,True
4793,183.9259243665546,1.5123719646184641,False
4794,628.4250265503373,0.9966831485325526,True
4795,709.9329849756001,0.9500224132177878,True
4796,180.19941423523147,1.2612677256754097,False
4797,58.23006368431808,1.2199550478686683,False
4798,648.7652036147248,1.0067753321806852,True
4799,148.2616112689633,1.0462541902754514,False
4800,85.10922025766358,0.9456312900289912,False
4801,132.61126289191984,0.8256257127509973,False
4802,344.8400184050162,0.9560493146606046,True
4803,549.9144909174962,0.9658744053263544,True
4804,275.02705248271855,1.2434542800736987,False
4805,862.8286672339667,1.0489379746591454,True
4806,79.60747205884705,1.6113582598040475,False
4807,781.6410183964119,0.978295870838231,True
4808,697.719908189321,0.997234314587841,True
4809,707.0601727379875,1.010033396450387,True
4810,958.4438075765217,1.0577928217554047,True
4811,379.4293924483679,1.0300714680963405,True
4812,943.0648071683125,0.9721644480839289,True
4813,94.00368569333013,1.171831719529619,False
4814,123.3454796977274,1.6017137678650661,False
4815,478.6967059954932,1.0337248944364519,True
4816,873.5470892711758,1.0419777498650116,True
4817,676.04049087084,1.0430806289299033,True
4818,841.9216139789659,0.9362076548176274,True
4819,635.8992493410805,1.01262286559372,True
4820,717.8179077815786,1.0710911302432433,True
4821,522.5875290986562,1.0460964488314908,True
4822,552.2815226958837,0.9584288079185399,True
4823,362.10044979668993,0.9707458220654881,True
4824,601.248406662054,1.0472367591784397,True
4825,756.6908423495394,1.0552771261219953,True
4826,330.8880902278875,0.9475241157490306,True
4827,386.5830385253544,0.931374301023665,True
4828,56.6081980121595,1.3273945478091314,False
4829,763.8063880556973,0.9066245907359478,True
4830,991.5767357536333,1.025442942680354,True
4831,993.6590595905412,1.0630929306455648,True
4832,270.66033340158265,0.9599622721373744,False
4833,386.49651749470775,0.9814533230568779,True
4834,924.0659610036247,0.939177265453091,True
4835,427.9822840492842,0.960545665631865,True
4836,966.932698944797,1.0309051000423368,True
4837,892.536469109401,0.9619033958052938,True
4838,897.38621570794,0.9608178044619289,True
4839,828.9633116916604,0.9577348284389956,True
4840,782.5586418706081,1.0633377732128328,True
4841,646.8197968891096,0.9571914650468452,True
4842,465.4293541556536,0.9708583347815354,True
4843,691.3545258840384,0.9408363356758576,True
4844,600.2289738694014,0.9869324118338911,True
4845,729.9995667183829,0.9731013528390399,True
4846,703.1956609989807,1.0071144595322157,True
4847,432.419876886393,1.0077004803191603,True
4848,884.6773884731715,0.9824888242806118,True
4849,111.5490985334149,0.7775487974401037,False
4850,534.2697393034944,1.0266172066808177,True
4851,724.6668730132416,0.9294600744305592,True
4852,745.4976801760167,0.986484062736249,True
4853,127.53971291770442,0.8468403802030904,False
4854,907.2680986915316,1.0600188352449817,True
4855,245.6257238443103,1.2705560691474904,False
4856,615.1521431013806,0.9478585235727752,True
4857,550.7229410174956,1.0244443128447394,True
4858,748.694005232164,1.0355478878185342,True
4859,888.1106893236908,1.0454651196485578,True
4860,879.0667944477918,0.9177726476171099,True
4861,700.6264970702332,0.9726878535097728,True
4862,51.439321693389935,1.1480367605931585,False
4863,593.1037540006733,0.9374527888161732,True
4864,872.074475470779,1.0698016607325074,True
4865,866.5972421368034,1.0791251521894647,True
4866,902.5803822051819,1.0047907054002347,True
4867,390.7633724760404,1.028792632779237,True
4868,92.1823271073508,1.959512759382379,False
4869,533.7054989882511,1.0647523712248765,True
4870,766.0106581048075,1.0292727899974636,True
4871,809.4895437699597,0.9657238715831198,True
4872,114.33270582297328,1.2186349278316537,False
4873,831.0108617708781,1.0189600269553625,True
4874,230.74275167743517,0.36543656689641124,False
4875,130.0275040670877,1.1506827842633915,False
4876,90.73267069925443,1.062769123381325,False
4877,778.6725570535779,1.0542454740011105,True
4878,926.7402028710513,1.0135710185334394,True
4879,684.4047560100639,0.9828051330480009,True
4880,859.3473943310956,0.9809226435171281,True
4881,63.36626405344492,0.39754624414602024,False
4882,535.4225114879719,0.9674184851261686,True
4883,500.6751405618365,0.8780592836131421,True
4884,742.7396670535444,0.9307579451830204,True
4885,527.6646828993762,0.9569790863336597,True
4886,957.9868010240425,1.022445417241799,True
4887,406.53659956491896,1.0598587557285823,True
4888,219.4671736953518,1.5906431273266366,False
4889,768.5309210963126,1.0118825390114352,True
4890,939.8268002392541,0.9669324406452015,True
4891,483.10927680662076,0.9832617043392993,True
4892,471.5838713739127,0.9813938651913992,True
4893,935.415625227847,0.969027033037014,True
4894,921.6623482906296,0.992026514268618,True
4895,165.22978054117655,1.4856118150254431,False
4896,352.0796817292996,0.94221393407011,True
4897,872.7200096761393,0.9534956238979286,True
4898,598.1944506876298,1.027238430633026,True
4899,297.8786602392911,1.1043983275642062,False
4900,133.35980764651006,1.398510088045232,False
4901,696.8826645091234,0.8848384462255693,True
4902,664.8329068720338,0.9652479175723623,True
4903,142.52790282896376,0.47346116865586385,False
4904,966.2075841370252,0.9570806271715578,True
4905,497.9173208834463,1.0453369264598047,True
4906,586.5313576922143,0.9358903385660116,True
4907,460.49708491874475,1.014344282495912,True
4908,785.2714982049191,1.046408764661435,True
4909,892.6828530647527,1.0836376041792501,True
4910,633.2737613886784,0.9904721843206765,True
4911,499.2845737568321,0.8912339189470483,True
4912,85.41839592630983,1.395351906702886,False
4913,735.6093807522119,0.9259602245003336,True
4914,639.8123260296885,1.0264687779978385,True
4915,63.338061489207185,1.8500210147286427,False
4916,365.31725016136244,1.0724197777370992,True
4917,970.0987380563189,0.9373766115359425,True
4918,364.1929939701138,1.041532112846601,True
4919,654.3358341860298,0.9930518006183511,True
4920,345.9743407818122,1.0039392257436452,True
4921,385.64421744227377,0.9781518023907358,True
4922,911.342059991628,1.1124922390589647,True
4923,389.34383675401784,0.9375660237835352,True
4924,956.2860529563443,1.062440618063533,True
4925,363.88962677653245,0.9361291693377772,True
4926,311.1683444151037,1.0880370524705618,True
4927,497.584074825258,1.0218708568427295,True
4928,271.29557182727456,1.3106319639832666,False
4929,669.7246828257056,1.0062802394195407,True
4930,553.7001935316905,0.9656717674535555,True
4931,808.0745831157872,1.0282790535614692,True
4932,957.9066098856828,1.098293467189437,True
4933,104.7455373578936,1.3085930453527481,False
4934,195.2239803020803,1.0506043467855382,False
4935,396.4982533218987,0.8733176017743285,True
4936,629.1617869207715,1.1439150752055918,True
4937,263.2442926992014,1.0920774369289448,False
4938,834.6546881375908,1.0094015050782388,True
4939,544.9841546121529,0.953991263227399,True
4940,629.396917526939,1.0242428364836889,True
4941,604.8543391326949,1.0911226681992903,True
4942,463.1029691462923,0.9733303163122564,True
4943,480.57927669517136,1.0070494953130078,True
4944,393.3838681739456,1.0549817337796352,True
4945,863.2697952011112,1.0068813862918162,True
4946,673.4303839630015,1.0699079960027547,True
4947,775.0054777096709,0.9705326654468238,True
4948,874.1631793434677,0.9842652531700649,True
4949,639.6608895718448,0.9475443325711123,True
4950,134.35227221518215,1.6613033062393547,False
4951,849.6766492248004,0.9944696994984149,True
4952,225.27531559227444,1.0416904670382967,False
4953,379.9599412007538,1.1206599477538897,True
4954,668.398194794323,0.9815463666374407,True
4955,614.278680006867,0.987523103031311,True
4956,114.08728230670624,0.7961339880776264,False
4957,255.05859997537618,1.495918705639379,False
4958,992.3982019479625,0.9235692733496484,True
4959,300.0801728890037,0.9787694197308446,True
4960,309.0119195697531,0.9912204772217373,True
4961,169.15497386521943,1.186205410789231,False
4962,453.2188420149419,1.0283673273816103,True
4963,690.3878742487269,1.073289188224358,True
4964,954.5020656508626,1.029830640141978,True
4965,926.1012563972579,0.9637779157558011,True
4966,669.1722982172877,0.9058069386924463,True
4967,164.32924909277304,1.2138972019415408,False
4968,954.8816849999973,1.0205410767134675,True
4969,497.8657418243756,1.0037898971184323,True
4970,360.86034586828885,1.0745663573769335,True
4971,755.4695241162522,1.1159736364631725,True
4972,864.2208805675316,0.9435309181835305,True
4973,131.537067890844,1.0001022775172985,False
4974,729.3470788713478,1.0746280784720632,True
4975,250.13460703626376,1.3510190099727524,False
4976,858.2976546547802,0.8647692439647763,True
4977,242.31173740515294,0.8443174537641038,False
4978,541.5676351764398,0.9957479794316701,True
4979,84.5311260117265,1.5208331630621146,False
4980,365.07002968545606,1.025641840588739,True
4981,963.8972679664371,0.9624274905410879,True
4982,124.58774728220085,1.1262502858104675,False
4983,704.780478609237,0.9086862148193118,True
4984,411.3524143770936,0.9856023925787726,True
4985,935.1822274002805,0.8702049166553597,True
4986,891.5779077391683,1.0395989268334163,True
4987,106.04805851496408,1.1487187652018176,False
4988,759.8009380073565,0.9789597211691794,True
4989,97.32622610105918,1.4514014567604698,False
4990,231.60114431342657,0.9381040980773441,False
4991,799.2939250865883,1.0478845754365904,True
4992,978.8564361386827,1.0399133953461561,True
4993,635.4956023450706,0.9766082395684887,True
4994,549.1127877557317,0.95903696959551,True
4995,186.25183421346352,1.25471905379223,False
4996,398.0418086031723,1.0018223461335003,True
4997,172.6421487287345,1.5054312550716857,False
4998,379.8148888974062,0.9860101944166959,True
4999,251.64065387723772,0.5723140818075914,False
5000,166.85430477746303,1.15410042730022,False
5001,367.66086846770656,1.0012042396073784,True
5002,645.479972128578,1.0192810534549592,True
5003,55.93491213811422,1.154440375122244,False
5004,585.1238900791955,1.058695897023071,True
5005,562.3477992975465,0.9854701702739509,True
5006,765.2899602212588,0.996461081972413,True
5007,833.3482096975009,1.0304905172783718,True
5008,440.9834997085939,1.0824360106799162,True
5009,210.3841836309622,0.8649808858713912,False
5010,372.0975721926834,1.0024826915115386,True
5011,864.0005208208232,1.0013141897565931,True
5012,726.0804048166377,1.0454309131075998,True
5013,366.52069933317966,1.009675350585224,True
5014,853.4410813401402,0.9831657791966811,True
5015,923.2067834401151,1.0103655801924543,True
5016,691.6054543501738,0.8640896556901235,True
5017,764.2786011564515,1.0014559299331325,True
5018,986.851976338034,1.0219341243134323,True
5019,710.6888011011938,0.977489161678251,True
5020,827.4817482379107,0.9894086666209587,True
5021,570.3664744683249,0.9399881148466711,True
5022,658.9589482751566,1.0048971501654014,True
5023,490.3510207164813,0.9776013689648602,True
5024,875.6251126128449,1.0211860964293449,True
5025,123.58429505408192,1.688023370263766,False
5026,145.87392722514676,1.2337310217026751,False
5027,581.066218145593,1.0002405102811283,True
5028,614.3250352657536,0.9955735389358666,True
5029,51.02835790366348,0.8443689666159173,False
5030,469.0765266273913,1.0175093207332193,True
5031,999.6663258003676,1.00751611528269,True
5032,213.53775447973754,1.6065256267107668,False
5033,824.4317271066648,0.990928063846474,True
5034,372.95422624544824,1.0185322765264875,True
5035,904.0638680166757,0.99996997228075,True
5036,188.39563070304843,1.4841241746547682,False
5037,564.3755002361125,0.9557776594274572,True
5038,986.9237532932634,0.9826321949813032,True
5039,867.1407672180535,0.9353260583887758,True
5040,679.5403055319778,1.0203555798832677,True
5041,165.8895711088871,0.6794095795466643,False
5042,623.474140936411,0.9103548788941189,True
5043,936.5497568212037,1.0251903761066097,True
5044,652.2572709466489,0.9926693305833679,True
5045,838.9317997840907,0.9903089292549618,True
5046,543.737217451838,0.8814779885720292,True
5047,387.6061845897844,1.0386015732445757,True
5048,158.64926988005823,1.4725261420460687,False
5049,759.8637292965552,1.0507513576261256,True
5050,224.2284624268892,1.4154451420714382,False
5051,136.28840735331733,1.6387963781108508,False
5052,976.8190224708655,1.1109355312877573,True
5053,800.9470524225845,1.0130998914028455,True
5054,968.2661623900019,0.9843610670701879,True
5055,56.38384451459559,1.642090583907987,False
5056,422.32241475403185,0.9241671314151203,True
5057,716.5745346092867,0.9415431124978717,True
5058,482.28303254597563,0.9656022856419921,True
5059,663.7396762606517,1.0444296497559853,True
5060,874.038764033043,0.9996768398504643,True
5061,417.7806825915318,1.0442013500376057,True
5062,298.8606111494063,1.2110234812827285,False
5063,94.3458228740509,0.9908131759079117,False
5064,806.8831656017979,0.9725777790735192,True
5065,931.4202136783776,0.9971905297394368,True
5066,693.2514158437327,1.0237416637030876,True
5067,393.2945501853418,0.9775501794891881,True
5068,805.4072622704863,1.0306446080736498,True
5069,155.85630139218063,0.8552941666833342,False
5070,644.4721644040891,0.9546271870413429,True
5071,352.6110748402065,0.9790040033258443,True
5072,88.29752420439235,0.785884314671331,False
5073,409.55181836906223,1.0268885858371368,True
5074,154.01383079455826,1.4313354639955964,False
5075,846.1706277270152,1.0807754988547962,True
5076,295.424561468237,1.1512884130992935,False
5077,316.32459688291345,1.0445898625000476,True
5078,494.8660070616354,0.9911924494690089,True
5079,765.2229082447444,1.0128127186910243,True
5080,645.0978319519934,0.9834880283779724,True
5081,752.6311318725865,1.059942839580249,True
5082,701.4302494683587,0.9571967265625267,True
5083,143.6956324098954,0.8205968602115628,False
5084,528.607643453101,0.9887346651922698,True
5085,909.4721273110277,0.9951987721253326,True
5086,342.98022508756713,1.040575766169967,True
5087,184.11068460465364,1.4861034221046023,False
5088,740.5423552525087,1.0290096851958692,True
5089,319.074995163911,0.9767885998184798,True
5090,184.47414149231955,0.9331570356938659,False
5091,239.19504673412573,0.9117591600235533,False
5092,235.8711347699946,1.4482460096298326,False
5093,673.5941681782997,0.9858529214354921,True
5094,212.98723694921108,0.8659712046368346,False
5095,182.3723589492838,1.467146832789191,False
5096,897.5331500629346,1.0293509078172698,True
5097,76.5447221880205,1.6380715809823831,False
5098,614.801790362549,1.0548376572062859,True
5099,214.31381752325697,1.1160620250779814,False
5100,413.5197577840138,0.996339742516829,True
5101,264.5355593788911,1.4618698591632913,False
5102,183.451666337568,1.3133938175572721,False
5103,237.33349957349736,0.9429606190486406,False
5104,78.75917051786249,1.3470466268314172,False
5105,549.2602283570467,1.0218368574853403,True
5106,695.5812997092056,1.082704413995331,True
5107,495.35466777399824,0.9435478916672494,True
5108,682.4057400014852,1.0955072084029887,True
5109,267.59188256983947,1.2793292242042498,False
5110,783.6563305691992,0.9462209179911525,True
5111,645.8759876058856,1.0492016124260728,True
5112,649.042451745828,0.9967457630775954,True
5113,410.93854440405255,1.0731874645501458,True
5114,51.71360213053032,0.8464689134214365,False
5115,365.7842556267712,0.9759748314054859,True
5116,867.8114312520579,0.9452775591865348,True
5117,817.4503768115093,0.9651511499706302,True
5118,775.2858455458921,0.9460134504139384,True
5119,912.93978684771,0.9640148449287917,True
5120,380.38668037532796,1.0260787624502483,True
5121,113.06601193937942,0.9068617032394707,False
5122,894.6722313552191,1.023457307173695,True
5123,661.8711392192613,0.9672729843626533,True
5124,863.4221447990528,1.0360400499757265,True
5125,434.99927337109506,1.0478830852904908,True
5126,332.79224455807656,0.9405470836410584,True
5127,721.0927196190661,1.0136235893583765,True
5128,463.92840097593694,0.9872157616678934,True
5129,320.43479103287063,0.9452307143789747,True
5130,640.5750966648432,1.0285450388480921,True
5131,688.5415302317406,0.9853048056319915,True
5132,292.6030608802199,1.005951513875278,False
5133,354.7071238792923,0.9914465133155476,True
5134,488.0228250042438,0.9937890861290022,True
5135,341.23830857541117,1.146312507030803,True
5136,546.7720850802673,1.033004019587929,True
5137,462.10684984165675,0.971547840827726,True
5138,761.3532222165607,0.9867764500527553,True
5139,950.2518976887684,1.0566414413014629,True
5140,635.8479705589731,1.0622111787204633,True
5141,925.0395814940069,1.02160428647607,True
5142,934.1029054475127,1.0793599729598842,True
5143,635.4929468653007,0.9730408426044378,True
5144,864.5527062200885,0.9761190060033634,True
5145,416.2273351035672,0.9373119698080148,True
5146,900.630715888933,1.0480451879249777,True
5147,732.9083382605193,0.923643092320648,True
5148,591.801140964746,1.0329292559319097,True
5149,940.6509570252161,0.9571299526857884,True
5150,173.89482194138503,0.9942065902301196,False
5151,300.8224149587035,1.0633368525695241,True
5152,742.8579108468716,0.9406876733841588,True
5153,685.4507420434081,1.1004061385375303,True
5154,389.8394182267302,1.041806964823889,True
5155,414.5261160503641,1.0503379066012934,True
5156,194.86836769231917,0.7877444528804587,False
5157,393.9060631983142,1.009216150105785,True
5158,71.34919816779015,0.7295936025474237,False
5159,454.5649906425919,1.027247182138184,True
5160,361.0770003059595,0.9066831409506997,True
5161,752.2265815145828,1.0214395520296027,True
5162,284.1948677645113,1.0913696381287985,False
5163,796.6505913892636,1.0219247070027886,True
5164,441.9562287785839,1.0863975383596056,True
5165,651.7316628567725,0.9785245110060755,True
5166,587.7567142073129,1.0345699951775766,True
5167,832.6432203652289,1.0304966678737322,True
5168,708.1692338819222,0.9823828012580953,True
5169,462.3244720177332,1.0307514571797907,True
5170,118.2586990234588,0.7806948457857191,False
5171,403.4046472596525,0.9297660383867341,True
5172,358.52499579952644,0.9682878084683486,True
5173,992.8736587173055,1.0866299939223119,True
5174,208.04260661754395,0.7450990414221424,False
5175,290.8633818264163,1.113701209659806,False
5176,419.2088391142566,0.9268337212608886,True
5177,193.6033441120664,1.3068273809915452,False
5178,124.98973259615198,0.6980974797928843,False
5179,475.7307601905984,1.0723790492243457,True
5180,309.3002840332866,0.9427445320532676,True
5181,584.7515638644612,1.0102876986407148,True
5182,566.2103861535215,1.014070514507271,True
5183,169.36360483548486,1.2597835620864046,False
5184,224.51219678401372,1.2149603675000704,False
5185,525.5183993929134,0.9968661861359129,True
5186,754.8930219975211,0.9976537848602351,True
5187,957.231170573125,0.9085270071863878,True
5188,654.9100195284136,1.0613867463839597,True
5189,235.16798751602087,1.1984353581876424,False
5190,461.96764795255586,1.0830585955114933,True
5191,435.58045013141304,0.9634443832342601,True
5192,519.7078927682173,1.018789256479402,True
5193,505.3792220829347,0.9865940278965779,True
5194,224.69224170064615,1.1982871458539452,False
5195,567.6449297879136,0.9839295510351604,True
5196,309.0400706597073,1.0515430547609825,True
5197,954.9068185114836,0.9281914872779017,True
5198,292.26591109666026,1.3728177289078312,False
5199,504.3223935417977,1.0362471811860265,True
5200,647.4643697092506,0.92837286788033,True
5201,976.3531496981814,1.0151482835524035,True
5202,88.7602928600696,1.4062682107501767,False
5203,185.93616531121268,1.0233007233523068,False
5204,729.9900428836949,1.019698850519158,True
5205,375.010952426855,1.0388860647104723,True
5206,95.33335361727576,0.8657196974073667,False
5207,342.83852608397683,1.057044001096787,True
5208,213.762728099959,1.0697894227903135,False
5209,474.7500504755429,0.9989947251271083,True
5210,630.45413728697,1.0409305613948874,True
5211,723.4772341772948,0.8984337640591071,True
5212,532.2277676108108,1.0819950998019152,True
5213,891.9947135406948,0.9704415070585114,True
5214,708.4018778487225,1.0302577407877618,True
5215,174.48392912165508,0.904019715678488,False
5216,722.5440093615008,0.9612532521404462,True
5217,203.29445126940254,0.9942477265700993,False
5218,831.8613842977257,1.0025522474805981,True
5219,989.1414172861728,0.9299393389851781,True
5220,127.02670186394852,1.4344005224917953,False
5221,885.7921923077948,1.09694156109273,True
5222,304.9469354663413,0.9029428598269402,True
5223,452.39453278106646,0.9422747188808273,True
5224,983.1228747457767,0.9832344161109164,True
5225,319.5331510149492,0.9503924832434715,True
5226,905.6407327234466,1.0590222407546974,True
5227,179.80294115414688,0.9824691004349226,False
5228,962.8767644806527,1.010878859910827,True
5229,419.3857777300554,0.9298811522597811,True
5230,178.18559485650314,1.044263541898537,False
5231,634.2545133553397,1.1317480279653795,True
5232,868.0399980426847,0.9764839865433308,True
5233,616.3973540850772,1.0027818668345234,True
5234,505.8095358360271,1.0785196627377502,True
5235,234.23502938262695,0.6363733168378163,False
5236,540.1626712533191,0.974410127321109,True
5237,948.9750250870653,1.0187870222243662,True
5238,988.9345440608453,1.0136581037850556,True
5239,284.0381143635602,1.4469832859544507,False
5240,132.07750517475225,0.5860469650082547,False
5241,164.3461954850551,1.5734044217650824,False
5242,824.4094451303341,0.9922301141422704,True
5243,136.0437385776182,0.833821230027326,False
5244,217.01271680136315,1.086054946058264,False
5245,950.151077705748,1.045113931551144,True
5246,212.88566888406265,1.2478211845920917,False
5247,846.8710258196311,0.9938935917017344,True
5248,278.08961940543304,1.1264704009111175,False
5249,196.41901601990244,1.539871210133619,False
5250,699.3698474239663,1.0597709922362468,True
5251,607.0557481693926,1.0741540085457915,True
5252,479.7904676665665,1.0615903662419472,True
5253,276.09781672557654,1.1593393768282862,False
5254,616.3338630967689,0.9733269887498012,True
5255,95.42320729036427,0.5425379222255667,False
5256,290.1767810010829,1.0164442162509508,False
5257,479.6240083849043,1.0248794846185645,True
5258,708.8951285862832,0.9965232100548208,True
5259,727.8949711561935,0.9716190484701426,True
5260,374.6107179392891,1.0372206707250795,True
5261,332.22277778917766,1.07437632661087,True
5262,124.68201692148638,0.9594092885837558,False
5263,221.2383767677983,0.787155517831212,False
5264,863.7099024779889,0.9226699559293097,True
5265,716.9945647771044,1.0654433662265377,True
5266,770.0587790877652,0.8727824174055212,True
5267,508.17924959859045,1.0379997861338397,True
5268,467.8766873902971,1.0189480261547663,True
5269,393.97734681944206,1.0084646158134147,True
5270,876.3253373413561,0.9759461039762559,True
5271,854.1068085424242,0.9933170739490519,True
5272,495.10594402252576,0.9413475133774942,True
5273,692.002415092287,1.0054047903766379,True
5274,928.3399887270386,1.0310620663913104,True
5275,152.7870842780742,0.9591463360416568,False
5276,513.0262742174638,0.9849457042922092,True
5277,819.1919332160694,1.0435749253776827,True
5278,864.7877342404686,1.0139637238210764,True
5279,764.5279158972127,1.079942822119664,True
5280,263.29394840505927,0.9015500105017783,False
5281,575.8088061705215,0.9270921872103417,True
5282,735.0944244855625,1.0668662763973336,True
5283,976.5683912553369,0.9864069195923707,True
5284,178.22957535737066,1.043731415586388,False
5285,849.8390660485172,1.034106902361789,True
5286,265.3730348131252,1.264645664677662,False
5287,505.4372710582289,1.0087295399284548,True
5288,901.5678390788792,0.9320992626090805,True
5289,912.1336994580928,0.9916840046149824,True
5290,939.5703134820434,0.9551263244537603,True
5291,342.7873930746008,0.9652734272005398,True
5292,206.10422824343783,0.8898546251217032,False
5293,756.0713341906339,1.02224429586135,True
5294,338.1265221009161,0.9366020796904859,True
5295,951.397693567509,1.1064939034967844,True
5296,345.5051031434003,1.019843288541755,True
5297,243.87668575148797,1.4478056123409666,False
5298,355.79498912857633,1.0202511603098372,True
5299,895.2930442260746,1.0118103829027323,True
5300,686.5967024960044,0.9820505924728946,True
5301,905.40786898578,0.947764653570447,True
5302,837.154733704199,0.9080852569891315,True
5303,490.15946807945414,1.0735562799861351,True
5304,785.1611514422789,0.9461783046452364,True
5305,859.6801712694082,0.9283972320192156,True
5306,104.54413364344413,0.8604801789710479,False
5307,957.8109444860387,1.017537295833112,True
5308,847.4407281601046,1.0954755015744448,True
5309,904.2727919643472,1.0586552599728345,True
5310,621.3006112501374,0.9819753379647509,True
5311,807.5965784646007,1.0879894981224008,True
5312,633.7079153240696,1.0047844860338757,True
5313,79.70829858647241,0.8584463674991561,False
5314,954.7824508542833,1.0584653021886234,True
5315,795.9477522885663,0.9455137932760327,True
5316,325.93087873888413,1.0081504759943416,True
5317,920.3007482733576,0.9572335243092306,True
5318,127.26902478473637,1.675891065345241,False
5319,856.1987719021733,1.048475372950913,True
5320,875.4724294208056,1.064407461601807,True
5321,893.0292771293979,1.0290402647242654,True
5322,109.62531485050467,1.3534977503650678,False
5323,294.15774471409946,1.2751209950539175,False
5324,187.94804865549054,0.5417493377419769,False
5325,468.8787687835343,0.9890522579110601,True
5326,905.1494515105895,0.9356197370419972,True
5327,847.058432801033,1.042984484441769,True
5328,227.01208255884336,0.9370082145839791,False
5329,417.22670222969384,0.9981862749900141,True
5330,238.03458678357498,1.3422861742308814,False
5331,74.24771572001104,1.63016254095057,False
5332,191.59570776537282,1.2996667347919821,False
5333,135.92430293771093,1.4445249856161673,False
5334,740.5996326014039,1.0737854245851663,True
5335,933.9339603410074,0.9002230403795732,True
5336,558.1082334922473,1.0445636620563936,True
5337,871.9406078961006,1.0732938529045803,True
5338,152.6029757045368,1.4609350348068444,False
5339,719.5054362403127,1.034667756910316,True
5340,536.3297118528035,1.0305172671153797,True
5341,638.6592808618525,0.9402594849528733,True
5342,100.84526495360204,1.6607058919878326,False
5343,537.7684925234878,0.9939470513368635,True
5344,401.1642913750191,1.0326561037796402,True
5345,911.0784730025916,1.0149485868936243,True
5346,966.6542283586716,0.9235203253079362,True
5347,810.4475763685416,1.060430737804674,True
5348,917.5209952914964,1.0251897548520514,True
5349,664.2748157747004,1.0311586919861941,True
5350,674.2353789145982,1.0387571935296809,True
5351,952.8948346141804,1.0263249128376428,True
5352,431.97531989493115,0.9406295461858875,True
5353,855.8409336745316,0.9634584969958528,True
5354,564.9538147222464,0.9567439704000011,True
5355,390.3217411328821,0.9643627157138006,True
5356,337.24768570788734,1.0148842834000693,True
5357,480.84539973029007,0.9743600354895905,True
5358,402.0209966221477,0.92272480527473,True
5359,259.77982357857115,1.3610069600464272,False
5360,474.06205686585366,0.9780515287145418,True
5361,727.2260579604324,1.0590910664362911,True
5362,366.2158560583811,0.9896106547154679,True
5363,205.0360682238868,1.140188431482907,False
5364,178.19514923520984,1.0115230204897276,False
5365,621.6659104189982,1.005542580369707,True
5366,695.7513401461251,0.95294672679219,True
5367,603.9874068023099,1.0360554637702568,True
5368,385.7468057850341,1.0051653756702918,True
5369,576.7810445574706,0.9993579700471855,True
5370,474.59610694311317,1.0430533460988662,True
5371,579.7912990628001,1.027853359640106,True
5372,831.0653063958757,1.0464259504324014,True
5373,794.1298342640309,0.996303544776605,True
5374,668.7370816585865,1.0376396722136114,True
5375,162.87060768323374,1.1818440259390377,False
5376,770.9312524183292,0.9343336580960215,True
5377,362.65734120882865,1.0840632593632833,True
5378,239.93099050971819,1.0230971901250268,False
5379,435.9291802413944,1.0306258251467708,True
5380,936.3668009173136,0.98601098791291,True
5381,296.8721951928545,1.517594531195984,False
5382,458.1625357635457,0.972664196405255,True
5383,456.44609496763934,0.9802913161445457,True
5384,73.18568528903398,1.5051570963701835,False
5385,154.0287337008973,1.9956138523756755,False
5386,82.99815392093231,1.2186193663594016,False
5387,591.1621126836434,0.977183870306241,True
5388,446.1158571543393,1.0298503710374294,True
5389,189.03387863951676,1.70337004087845,False
5390,959.7321306526446,1.0482944988312837,True
5391,357.265273100209,0.957939151093494,True
5392,333.1537038839303,0.9445555877455998,True
5393,412.3573440128063,1.0054710101783642,True
5394,647.0528821136238,1.0522604125475157,True
5395,70.9120145532855,0.902870638998042,False
5396,540.0191548371838,0.8835102663996565,True
5397,206.26541543486414,1.2652771350797332,False
5398,997.738195977893,0.9826158798241102,True
5399,683.0199542826778,1.0565475561754691,True
5400,688.0820072048725,0.9483592067264395,True
5401,736.9245871066684,1.0191660020569524,True
5402,982.3278661475234,1.076835223121675,True
5403,305.1059730384034,1.0224833358249106,True
5404,187.7964059138705,1.509869108462737,False
5405,578.0182387294833,0.9117580135293408,True
5406,625.5812219164048,1.018210249000406,True
5407,645.9717214038764,0.9252502660965908,True
5408,732.2474113997533,1.0251353303534312,True
5409,978.1652067844534,0.9172450693823659,True
5410,917.1538698811032,0.9805952497287631,True
5411,58.27497338361868,1.455226679743382,False
5412,341.0903106523832,1.0464578749630529,True
5413,643.4694267336879,1.066216143164646,True
5414,990.1193403600665,1.0578457807897126,True
5415,307.8280232604085,0.9603439804071764,True
5416,286.614253803628,1.0394145476970467,False
5417,901.633344948602,1.0047070299229843,True
5418,335.44797528351427,1.013379742385736,True
5419,144.37669936274375,1.359838963036988,False
5420,968.2128935726312,1.0772378934535745,True
5421,777.6878068320644,1.0296265592018217,True
5422,740.6573958051381,1.0117112235963273,True
5423,866.2119849242155,0.9819672368192051,True
5424,586.4957869758314,0.9969753964021126,True
5425,473.19391737528326,1.0811541927331005,True
5426,79.04069473559866,0.6869543666700276,False
5427,847.7573768295506,1.007823449210866,True
5428,913.3133157443533,0.9789263988974861,True
5429,764.8599919387862,0.9989468345126292,True
5430,728.2493421278144,0.9636107898118326,True
5431,513.301554743068,0.9797904164339041,True
5432,661.4540257578936,0.9577869806132172,True
5433,552.1672435197588,0.9734331981831819,True
5434,480.3273453519914,0.9001057025025228,True
5435,871.8796569681132,0.88779184672317,True
5436,630.7721301241022,0.9992643730471897,True
5437,625.7383536167412,1.011171382718812,True
5438,105.54940395731114,1.9048582424081177,False
5439,896.0382739072803,1.0108651652938427,True
5440,663.1026148611074,0.9721001117188787,True
5441,582.9788949974824,0.9945574418326263,True
5442,372.8675648409558,0.9971593488385126,True
5443,767.1584174020254,0.997077419559895,True
5444,660.5955039979059,0.9474540427575291,True
5445,392.3752407043732,0.9828630489926796,True
5446,932.6223907144079,0.9431320128641527,True
5447,244.4464059043113,0.9440871093386085,False
5448,677.0762865149278,0.9847922994261314,True
5449,828.7314729030526,0.9752977363982858,True
5450,560.7742322433882,1.0103013754232706,True
5451,254.79729213915684,1.3413886104983432,False
5452,73.93718165252974,0.8221980369685654,False
5453,993.2907873977923,1.037599162861815,True
5454,503.0396579966926,1.0358178763562604,True
5455,640.3084620580104,1.100609479585942,True
5456,274.3803363393704,0.7260337607186398,False
5457,100.14293217894104,1.323659994955881,False
5458,861.8319996274981,1.07543418879431,True
5459,912.4389911576689,1.0459202328429085,True
5460,146.73525929135974,1.2720423571528034,False
5461,324.23864837623773,0.9442077702787314,True
5462,636.2498575124779,1.0251908860596448,True
5463,74.96651961858998,1.1760587970521055,False
5464,884.0183527572153,0.9542630756156003,True
5465,156.13109322730782,0.711636595233166,False
5466,241.34726301048266,0.950500891928924,False
5467,257.182806495748,1.3103410168564031,False
5468,827.3642899236324,0.8812796571622151,True
5469,586.1454677929561,0.9611578823043821,True
5470,604.643979946043,1.0143416610876768,True
5471,953.7983092687008,0.9756304281344673,True
5472,645.4425571715897,1.0051643397830057,True
5473,463.485434965456,1.010584671171616,True
5474,913.1420393301605,1.0102794860895246,True
5475,772.1212230645718,0.9395195852101267,True
5476,513.1318583786772,1.0884380177319297,True
5477,987.6682212702005,1.0816082246414622,True
5478,129.48177193557595,0.7705443788000683,False
5479,690.1478121249794,1.026586473366962,True
5480,56.8323668627011,1.4164451033700465,False
5481,336.4257271499736,0.9602060232210948,True
5482,540.218944074237,1.0134477641252033,True
5483,278.9142950341446,1.5647661963020152,False
5484,397.92749276569896,1.0273958292047043,True
5485,208.60904329046681,1.2302487585134276,False
5486,455.19787097984863,0.940393202603058,True
5487,660.433949706244,1.0012392702653123,True
5488,74.41289312446594,0.8694315282022016,False
5489,540.9503986104282,1.0076520183142408,True
5490,713.3033350725445,1.011436768211652,True
5491,866.1504140828993,1.0107328021259365,True
5492,840.3773647138601,1.003232588617774,True
5493,146.30828202076697,1.42833256667898,False
5494,974.2711395567212,0.9081720731278708,True
5495,782.2967347466063,0.9989048234760088,True
5496,861.2201894764439,1.0879226721328275,True
5497,603.6170990789508,1.0436646280914694,True
5498,318.5829028968525,0.9018830874375241,True
5499,450.9219605638107,1.0455745601098356,True
5500,157.75408319363356,1.2422369523470242,False
5501,188.59085519255495,1.4414346940227043,False
5502,714.0705194625858,1.0200489568699667,True
5503,569.1399409060501,1.0411075125539961,True
5504,781.3726409265289,0.9623103725309601,True
5505,154.14592896816563,1.1481691596861705,False
5506,588.361914767387,0.9942364429793294,True
5507,424.175716292707,0.9806560994577501,True
5508,653.6720872474376,0.9644839168080243,True
5509,624.7503858276921,1.0071041876823457,True
5510,314.5067000946443,0.9760868458787711,True
5511,341.4800492436185,1.0033197979877302,True
5512,903.6548254028651,0.9723306655354086,True
5513,967.7047298508409,1.0129225884876798,True
5514,881.4858354694188,0.9213714262954102,True
5515,504.9924830259367,0.9780512135369024,True
5516,514.5054465255372,1.0274096347344697,True
5517,546.1100214898592,1.0415506877865457,True
5518,345.24448720094006,0.9966200724474942,True
5519,352.1833527900378,1.0292169926462262,True
5520,885.3260784904796,0.9588079048263952,True
5521,757.5655580631708,1.0428628004881173,True
5522,608.5220545335194,0.989022240572239,True
5523,772.1066482742964,0.9827000911129964,True
5524,627.2877736111388,0.9936936092631706,True
5525,242.46920515117975,1.8597713114655416,False
5526,289.56487249904205,1.2923650181648392,False
5527,273.9246885849232,1.2429782061981314,False
5528,735.322165300773,0.9615378223813205,True
5529,363.9057930609461,0.99413730933626,True
5530,886.9090472486786,1.0703148126400364,True
5531,177.07604197101932,1.3877084108006974,False
5532,701.2454819770686,1.0392005867558134,True
5533,952.8747207215566,1.0892756245481814,True
5534,467.2728407433382,1.0650207482765792,True
5535,373.4753969692486,1.0003134674433918,True
5536,419.8866484055274,1.063401260438791,True
5537,899.4428671451434,1.0736565714708795,True
5538,536.8743292783295,0.9428769268840776,True
5539,538.8857309715461,0.9625887945617504,True
5540,978.6303760909132,1.0093238271885683,True
5541,941.8139474650935,0.951631579009659,True
5542,101.86753955346867,1.3384542348015658,False
5543,373.9687968174632,0.9335325129172491,True
5544,52.756432303860635,1.7542385915404441,False
5545,450.59017219989437,0.951329812176633,True
5546,100.03663478107615,1.3297707403810188,False
5547,836.5402581693152,1.0597517895443378,True
5548,762.3109186097766,0.9742914207072725,True
5549,877.6667308732827,0.9214897096360468,True
5550,944.2352435428066,0.9691556824665192,True
5551,450.9868962655901,1.0403967236815335,True
5552,551.841758778773,0.9151086593950434,True
5553,281.52614603471227,1.0610805646976136,False
5554,229.14473709375676,1.2964178491690215,False
5555,510.344477530158,0.9543291657124781,True
5556,435.3956451471952,1.0227107115242116,True
5557,114.91686458765801,1.512763199930118,False
5558,436.267148105794,0.997121184037822,True
5559,89.4208032330927,1.8268530125539193,False
5560,350.5013459374316,1.0786063965509807,True
5561,551.4875706405674,0.9768232153086899,True
5562,564.7842027832351,0.9602960648439681,True
5563,426.53618666917697,1.1075104341140876,True
5564,226.0739002915165,1.252505543773361,False
5565,84.69959808311188,1.4006275392954455,False
5566,224.57806027951946,0.9586646923812033,False
5567,758.7864455307773,1.0639619819042654,True
5568,502.8468191880116,1.0140821909626574,True
5569,456.1075411225271,1.0094144079926328,True
5570,632.2861706284011,0.9148722908144029,True
5571,279.27259091842564,1.7240048958573015,False
5572,90.9464616804563,0.716631171243983,False
5573,144.54735814906923,0.564252618252056,False
5574,328.7969492751882,0.9598047238177023,True
5575,184.67868494699837,0.9765990811274537,False
5576,968.5538708667859,1.002251023497105,True
5577,626.7471892599004,1.084869043010589,True
5578,261.39943272755227,1.3135586045503598,False
5579,835.0060619064474,0.9637579805405841,True
5580,351.21679125624837,0.9857043087189681,True
5581,653.6232165263806,1.0104855281091414,True
5582,693.339660397407,1.0216756331673396,True
5583,188.99156184726374,1.0605668316554024,False
5584,595.2198836554526,0.9916786039116784,True
5585,54.4285473537004,0.6749999562733509,False
5586,402.4919103861385,0.972534856078815,True
5587,581.271227863931,1.047332821464889,True
5588,106.42114801457808,1.2895712302211553,False
5589,851.2999787246104,0.9973974250805131,True
5590,61.50826331027255,1.5085715161453956,False
5591,179.1929701317292,1.4472051438160887,False
5592,55.684336094693734,1.095768944512558,False
5593,532.3309281770266,1.0658003497737363,True
5594,283.37021181812236,1.5202516429854667,False
5595,955.4962397316808,1.0242588183862609,True
5596,789.0291538792063,1.0796336178618628,True
5597,732.6463883180123,0.8963451697423228,True
5598,277.7138143326768,1.5340552577130435,False
5599,246.08126423811936,1.186918952562549,False
5600,594.1465744860443,1.0607648456347023,True
5601,335.386108083252,0.9784552294021117,True
5602,610.3270051692351,1.069809098575054,True
5603,998.4815053469115,0.9561064337938397,True
5604,979.2573706646012,1.0063749180094355,True
5605,592.2725291279737,0.9845744395115613,True
5606,152.40556592908644,0.9952863948597452,False
5607,88.59451898342203,0.6765718985875827,False
5608,565.8943648162464,1.0144107160584788,True
5609,368.6544228225981,0.9258908264056519,True
5610,425.1973165546064,0.9249132979198477,True
5611,709.1691461315503,0.9800407602703417,True
5612,977.8377884371757,0.9002744530440142,True
5613,972.0260914299479,0.9803527394225272,True
5614,87.78038067633716,0.7381419530274949,False
5615,320.0856515423276,0.9766728371850417,True
5616,944.6335049013124,1.0193010737511146,True
5617,375.3808707712027,0.9669270414035775,True
5618,315.6198816327397,1.08625883026025,True
5619,556.0957434513311,1.0756216600527313,True
5620,77.63994833221554,1.23886577290001,False
5621,332.3499798239311,0.9864730980753699,True
5622,196.85388827404927,0.5499455508203852,False
5623,849.8564836259259,1.0334155520822075,True
5624,666.1465511703118,0.9806646941597739,True
5625,758.2994394652236,1.0664107589404137,True
5626,899.8282191250094,0.9717970850691579,True
5627,526.883733610022,0.9673171734660672,True
5628,973.5220890726322,0.9934397990922805,True
5629,617.5956523884205,1.043050693441981,True
5630,107.09634840396308,1.2089537727159116,False
5631,236.284432481057,1.2435554310293808,False
5632,306.0772002275879,0.9608049090355084,True
5633,777.9874556686871,0.9126860219666826,True
5634,718.731137511653,1.0620347041423623,True
5635,125.81096792203131,0.9141727011657181,False
5636,940.1131489029559,0.9679246407683665,True
5637,65.19577513348727,1.276731316105945,False
5638,535.2650627389326,1.0706746609927829,True
5639,456.91658875219696,0.9696796244053464,True
5640,870.161457916543,0.9957768340760369,True
5641,766.1582911556571,1.0056661963905664,True
5642,112.22317485625801,0.9668691901630628,False
5643,583.0662190754178,0.9721561761775205,True
5644,69.90519041892509,2.4364719423700967,False
5645,747.9149902192204,1.104311183981341,True
5646,100.94517126590506,1.4417401617526906,False
5647,793.4741690007199,0.9980749633926811,True
5648,177.97766026273462,1.62569109495099,False
5649,737.7823412569594,0.9762812703430657,True
5650,215.39849889226673,1.555330324073241,False
5651,362.619918560201,0.9700527551270409,True
5652,742.7917349411343,0.9664775261658836,True
5653,918.7617077119749,0.9059346824116706,True
5654,490.7688922303635,1.0429756240901706,True
5655,857.0618295207557,0.9563601681472075,True
5656,279.9136970246186,1.5478897065760735,False
5657,127.48089814937,1.2803290356458277,False
5658,598.2869076014791,0.9372739230208658,True
5659,839.7464442063033,1.0582235071102624,True
5660,266.717618941805,1.6540277405759898,False
5661,347.47426102494614,1.0406983425011964,True
5662,586.7106881607039,0.9798614060821568,True
5663,563.9340457847328,0.9754319416930505,True
5664,239.2025174156222,1.4780384469865244,False
5665,334.2871589159334,1.084834448068926,True
5666,609.08120220324,1.0431370715018624,True
5667,431.94203836937675,0.9529160031025358,True
5668,877.989621597517,0.9834739108424243,True
5669,244.40216065869848,1.2376652466666376,False
5670,812.5893560257764,1.030473896669068,True
5671,334.13622436772175,0.9771986586028377,True
5672,245.30754372101185,1.2828805630385578,False
5673,527.7127650886041,0.9958714916375859,True
5674,382.59083213715667,0.9858668724484084,True
5675,136.98290036244487,0.878436084976233,False
5676,790.1174446159379,1.0115193168932342,True
5677,60.34851315676589,1.1219677473320262,False
5678,526.0405577002982,0.9713445533446458,True
5679,720.8104701568903,1.0306507462583567,True
5680,902.8353578495525,0.9807367018839244,True
5681,819.731590357744,0.9870806727174084,True
5682,998.8038354462851,0.8988309975042534,True
5683,984.6622531410952,1.0149267154227215,True
5684,422.0623002808368,1.0250330120772329,True
5685,887.9810844209708,0.9789744227232061,True
5686,117.67270424135967,0.46086134196294204,False
5687,554.4417823832092,1.0867691310511058,True
5688,500.25744787373463,0.9712109509069881,True
5689,157.23107711852725,1.682857936841293,False
5690,613.4858016195096,0.9567530655068865,True
5691,53.986188489460275,0.7500120239696378,False
5692,248.26503105551174,1.2084022362443727,False
5693,936.326713756178,0.91784986357345,True
5694,553.1588383794067,1.0384974967659844,True
5695,370.40389836040214,1.034122273340042,True
5696,360.01068319816477,1.0067856896506457,True
5697,188.64757600956696,1.1076160459984408,False
5698,362.83050967644675,1.0549034550363814,True
5699,472.4323812080123,1.0291460316629713,True
5700,688.9712216662946,0.9428705109943986,True
5701,670.9660152519236,1.022440549670859,True
5702,423.32166399548765,0.9761953489543143,True
5703,303.7921117176438,0.9146680720847488,True
5704,327.68190883608264,0.9936087134237885,True
5705,834.8590968496301,1.0441361413253065,True
5706,276.3868606945945,1.2670459196750168,False
5707,832.8668132369206,1.0280816626452722,True
5708,541.778337731323,1.0050241376892268,True
5709,153.49814912517814,0.9511480872939697,False
5710,68.27982757141663,0.4847970224861148,False
5711,95.81484277222637,1.505460113796978,False
5712,220.93752939196077,1.5687517850858779,False
5713,149.87815494890862,1.425814203628203,False
5714,474.20196985743416,0.9605120912722198,True
5715,609.4820897093038,0.9834657649888114,True
5716,84.36760300220217,1.3719581558159888,False
5717,760.5795280818082,0.9552137983906586,True
5718,989.7505593820237,1.048395696794535,True
5719,472.5879778302743,1.1204308191280876,True
5720,301.1450231378991,0.9093056967625881,True
5721,419.2811952792548,0.9950909086753607,True
5722,416.5395540656724,0.9967905644067312,True
5723,350.44778530169725,1.0019271845232023,True
5724,542.0915147952041,0.9985805637505355,True
5725,173.067579637744,1.2094183507335612,False
5726,142.69635040385828,0.8761939524350533,False
5727,792.3531011275828,0.990690678537881,True
5728,358.3103508557009,0.9709599642451199,True
5729,114.667616040593,1.394324726819122,False
5730,200.14931792659925,1.3583117984423219,False
5731,243.96511932476608,1.406534392865109,False
5732,768.5209361275774,0.9749479696239945,True
5733,997.2459291528615,1.0047140681921434,True
5734,637.1015012583845,0.9593024577959748,True
5735,411.683310685038,1.0094858231459152,True
5736,72.34457842801179,1.2366237829239113,False
5737,166.8151596669093,1.2567748268605807,False
5738,937.873889240482,0.9206655595621598,True
5739,272.1569637717845,1.2232280263727064,False
5740,225.7009407187002,1.0145067854614422,False
5741,425.9786775386498,1.0931724703974701,True
5742,295.66271579721274,1.2848444431752943,False
5743,633.7553475681592,1.1047855771786772,True
5744,563.5403788460808,1.0586192251832225,True
5745,268.93778425760337,1.3983954591391736,False
5746,903.3749033621554,0.9149542853530774,True
5747,867.3951784640976,1.0095600037962031,True
5748,304.6691505976878,0.9721809333075644,True
5749,432.29791765997516,1.001884532292545,True
5750,227.05520947053864,1.799448598508815,False
5751,55.9848994351497,0.8363990785335127,False
5752,532.247516763995,0.9601368916002396,True
5753,346.90482976684933,0.9676712574300439,True
5754,858.1952284927854,1.0461881706773433,True
5755,443.5772038647303,0.9917262657131894,True
5756,424.189138251464,1.0157210945855604,True
5757,451.27582994660355,1.0468497681115387,True
5758,815.8978791114899,1.0944543550467511,True
5759,689.1421181781568,0.9782115097858601,True
5760,537.3370034696343,1.094730553496463,True
5761,395.9550883396409,0.935792578372155,True
5762,285.2104507205977,1.227449912598435,False
5763,901.2033856679162,1.0189174179273945,True
5764,551.4288100882427,0.9678481345292578,True
5765,633.3259057837256,1.0014364471806414,True
5766,874.3750257361983,0.946346543440276,True
5767,593.3083523984924,0.9510447125255563,True
5768,218.32446274955888,1.619386616475292,False
5769,838.5639801163097,0.9448638579489957,True
5770,880.8088185646084,1.061842539624382,True
5771,892.1513759030523,1.0090804262335955,True
5772,275.52912364257463,1.0258551647501368,False
5773,349.92633400147446,0.9942076800692722,True
5774,116.15909831727961,1.313304432906234,False
5775,53.538857677746655,1.2949046637010995,False
5776,431.3499750930699,1.0601399527529316,True
5777,869.3013605766919,0.955830892751911,True
5778,235.2321924692525,1.2146434056452347,False
5779,738.7503597966237,1.00689806589368,True
5780,777.304711799173,0.9740496874707293,True
5781,111.30994353954819,1.0683120164242639,False
5782,605.3045524043649,0.9432635080177655,True
5783,397.5617480733143,1.0337845979863272,True
5784,620.3745323587468,0.9648658226473042,True
5785,627.1763327063978,1.0040762521202036,True
5786,763.0833530772171,1.0208992487467468,True
5787,176.77573890186773,1.6891563629735544,False
5788,345.0503290783239,1.0663268513760658,True
5789,838.6774217001196,1.016937244426909,True
5790,546.3370866653629,0.995973175734785,True
5791,180.70149824206052,1.50967050311881,False
5792,947.4695261814275,0.9322212072561462,True
5793,281.65781385646255,0.9821039828876326,False
5794,772.4281617658905,0.864050255510806,True
5795,802.5776031238905,1.0358866890905287,True
5796,397.2906196176696,0.9227992148642429,True
5797,392.28541919035945,0.9119212580686673,True
5798,107.19984655302622,1.3993888197740159,False
5799,525.6402047627987,0.9247404188810782,True
5800,561.8171266865536,1.0256150097350216,True
5801,530.0461253215127,0.9841502795824688,True
5802,418.75653572043655,1.016641190696947,True
5803,421.30342415904374,1.0123618371325014,True
5804,576.217317269256,1.059417950275336,True
5805,122.50489367238367,1.2365677211369208,False
5806,759.0149113386727,1.0171245218387193,True
5807,263.95481983864863,0.9953622954680874,False
5808,314.44417536865296,0.923446574534206,True
5809,261.56457745759076,0.7938415798225702,False
5810,756.8911280890228,0.9822549261393374,True
5811,432.5372226756257,0.9638225609832287,True
5812,439.5313617164039,1.0910799005188094,True
5813,596.724319331024,0.9303441326290055,True
5814,369.1589769727118,0.9876027577157103,True
5815,699.9529915250625,1.0663533198029693,True
5816,390.22136511713035,1.0005772376141828,True
5817,742.7874476624293,0.9688816662251072,True
5818,616.9787551814961,1.0287306450846496,True
5819,509.5988031578119,0.9326656428970894,True
5820,243.0173954083655,1.3090257822878546,False
5821,316.98339717632285,0.9768290840058742,True
5822,829.7254430901513,1.006698839366969,True
5823,549.4627299867161,1.0188582087410227,True
5824,274.3709493423719,1.4592099458403816,False
5825,365.1232585110137,1.0415909798475833,True
5826,107.34662824828177,1.1044295271370344,False
5827,84.92271431580147,1.6981942611856515,False
5828,138.4500956047779,0.8333498732320788,False
5829,963.162476666518,0.999228127686196,True
5830,231.89670305498925,0.8393575659643684,False
5831,919.1433297873066,0.9828261202663691,True
5832,136.72858524243057,0.5331441146021947,False
5833,464.5165795405274,0.9839561955631315,True
5834,689.4813856686488,1.0254185627123167,True
5835,625.867815699279,0.9271961164671533,True
5836,535.2716524914493,1.0155168857412342,True
5837,337.3809386160808,0.9724007448071698,True
5838,300.9070971300702,1.0444320229267738,True
5839,682.2040602641079,0.9805931131872628,True
5840,205.10674708692946,1.1214850937141814,False
5841,607.4605003235173,1.0807960933679013,True
5842,735.5615797462,0.9965955007492326,True
5843,772.1715972965513,0.9828983189504683,True
5844,216.70777143845834,0.9414097145575847,False
5845,570.6375195406416,0.9828650581750681,True
5846,433.2460069107577,1.0458703860998142,True
5847,825.1929928084509,0.9089069950214491,True
5848,917.7932719333505,0.9811033601207277,True
5849,315.43710452293755,1.0098827950922271,True
5850,908.3868165690071,0.987555311699327,True
5851,878.1491510741299,1.0309796605137138,True
5852,236.42155428351074,1.2388082586317897,False
5853,122.2844493824624,1.2719273397721955,False
5854,702.4451410680844,1.088263430076495,True
5855,649.0281625711814,1.084470729829526,True
5856,817.5804365061517,0.9445559835895991,True
5857,378.28907162963424,0.9212384277481678,True
5858,716.6261383675488,0.9781556083561439,True
5859,256.56373269553546,0.7279558433793907,False
5860,338.25452970875335,1.039069114496168,True
5861,254.76936656427344,1.130138389958439,False
5862,995.4471441689253,0.9944742514581759,True
5863,644.7598939603955,1.1283191053345871,True
5864,753.3414725148078,0.9778679913003272,True
5865,503.6460776216573,1.103211745728452,True
5866,141.85009447438085,0.3016165021950321,False
5867,125.17114849820028,1.328191933344251,False
5868,565.2305709869304,0.9713738210097214,True
5869,158.17665384693692,0.9154225445962677,False
5870,184.5159470055557,0.9735044575137471,False
5871,98.16416071342297,1.3614444021214727,False
5872,773.5122615933218,0.9342475046275573,True
5873,284.0008226314923,1.1292320721060636,False
5874,676.5892845921372,0.9915976709227866,True
5875,434.2143047875705,1.0209994171698835,True
5876,375.87941352953925,0.97133202473107,True
5877,68.23037313886218,1.0124077957761624,False
5878,564.0763442819645,1.0864046715412807,True
5879,185.67221561275448,1.4038413356986246,False
5880,464.23766084098366,1.0086353544766458,True
5881,450.89843127424854,0.9512511259061351,True
5882,895.5716839782333,0.9683570638645008,True
5883,586.2344150616652,0.9979850273208704,True
5884,438.19996279677264,1.0047824260381544,True
5885,72.12367884869971,1.1343918490144926,False
5886,665.2648339126671,1.0641530827264631,True
5887,405.96640128480175,1.0129406800616976,True
5888,815.0877910361517,1.0751972569225676,True
5889,107.3927601925439,1.705466428653705,False
5890,880.3810613245956,1.0784349881701565,True
5891,830.899212852737,1.0461276524928675,True
5892,631.645724456134,0.968233932329938,True
5893,144.16335680306156,1.1452665288874353,False
5894,863.4247500862477,1.0281978403670649,True
5895,125.56741609927829,1.5109042108092725,False
5896,561.7455220450136,1.0681789927350391,True
5897,533.2642813769857,1.0362098048583264,True
5898,945.4435314252563,1.0522414951710102,True
5899,873.0757442452002,1.0041411878564008,True
5900,372.6267391955115,1.0669042154414174,True
5901,262.36952910669766,1.3010806550858935,False
5902,795.4494041047614,1.003662085843506,True
5903,152.82036125145243,1.0525627246843254,False
5904,97.28739725302484,0.6803533172289548,False
5905,694.8592260838021,0.9685778047963203,True
5906,840.2008831867804,0.9540849097832997,True
5907,686.8672042312226,0.8459477088877663,True
5908,464.3930458170505,0.884358617195098,True
5909,544.0201255633219,0.9309693599350113,True
5910,752.3848942806029,1.0906912161858369,True
5911,702.3148734946335,0.9707870395383646,True
5912,805.4539592081956,0.9913301751480207,True
5913,305.67650039385614,1.0648693800910973,True
5914,954.620906393588,0.8952036087614805,True
5915,98.82012708952254,0.24511524124679762,False
5916,813.5008836328454,1.0362890537046456,True
5917,296.24579242592506,1.4970542302611765,False
5918,560.0257713640622,0.9774901850868104,True
5919,271.49697895028066,0.9794456888103928,False
5920,520.8489157613001,0.9992356861586815,True
5921,751.1330111995892,1.0203793534907837,True
5922,165.49263393188875,1.2354471060933052,False
5923,62.93814667280119,1.4634740391623637,False
5924,577.383130655164,0.9861695533711299,True
5925,108.42135053627067,0.9672040533346349,False
5926,375.64512800457925,1.0204220979680094,True
5927,844.3958104067414,0.9639149565501915,True
5928,445.2378517198272,0.9869520591894172,True
5929,520.8477929192909,0.9681644045302724,True
5930,449.12185160606947,0.9995892420443023,True
5931,501.2496051987701,1.020069862070271,True
5932,591.9659712715536,1.0316106468479929,True
5933,119.0343826901429,1.3372588787372377,False
5934,635.9533343959187,0.9936473811869286,True
5935,829.3497463783737,1.053253184209037,True
5936,926.2667098499281,1.0200786494247729,True
5937,58.29788754830684,2.11889350968817,False
5938,558.3358084557764,1.016878435150832,True
5939,174.9823149221698,0.9077377614504432,False
5940,752.1441371184688,0.9620140213605496,True
5941,326.2395289493549,0.9509740776164082,True
5942,702.1561353582978,0.9456176255443125,True
5943,171.37546722071832,1.9214183943934204,False
5944,119.41368209298055,0.7429027213909446,False
5945,573.6829954077375,1.0281970452972147,True
5946,965.7819818390157,1.0302671848644498,True
5947,297.1513825439123,1.204981727272835,False
5948,191.75113332698567,1.2516460721090557,False
5949,981.0299365141368,1.0402871989719202,True
5950,959.5796555623537,0.95271020286946,True
5951,392.76029154816723,1.0770939389780603,True
5952,190.03518077510464,1.6087671660193106,False
5953,659.8207973285341,0.9507394370611898,True
5954,685.1768553887524,1.0797046986509158,True
5955,992.5473457020813,1.0409151398085232,True
5956,88.75366969832046,1.5672945922591497,False
5957,648.3438609840825,0.9165762025517726,True
5958,854.850424636927,0.9834511216095394,True
5959,511.1322966763593,1.0835889529456342,True
5960,533.2080295644582,0.9414431134428817,True
5961,976.2356646585212,0.9956754916251065,True
5962,363.604469303786,1.146492629960673,True
5963,817.5867875726061,1.0237820451091506,True
5964,592.3158693551998,0.896009748713386,True
5965,953.4805275026739,0.9646569689153375,True
5966,731.5710835172331,1.0544713528063259,True
5967,391.22298847902147,1.0136193271837006,True
5968,596.5932824867041,0.9031705835077507,True
5969,123.46775425599277,0.8435347235325246,False
5970,671.0012424345238,1.0589457953531891,True
5971,116.92742993554057,1.3237414754080972,False
5972,600.602635273958,0.9714919380216058,True
5973,546.4155110783581,1.023207924667399,True
5974,267.0480964028475,1.2375432271975277,False
5975,650.663074517685,0.9591914194131496,True
5976,484.68957352674755,1.0115796086500386,True
5977,333.751697671899,1.0434433602300437,True
5978,78.63678377864652,1.2658685036155601,False
5979,223.97153297838153,1.5272616154617706,False
5980,796.547425334992,1.0180369098389666,True
5981,887.5855273353477,1.0631589094122496,True
5982,805.4157774408117,0.9105362580885243,True
5983,428.52788782227753,0.9064817016001214,True
5984,500.8568984290096,1.0918417013817332,True
5985,803.0407844764642,1.0224797287083358,True
5986,412.1109248843154,0.9385233436117698,True
5987,810.6072572998625,1.0133245743837096,True
5988,742.3597539217423,0.9894065676353604,True
5989,263.15124486920456,0.8362481379797686,False
5990,362.8311025302825,1.0802404993334611,True
5991,444.29729826926456,1.0559944981340958,True
5992,639.8094466406847,0.9923312079526663,True
5993,346.19986654322037,0.954251213337203,True
5994,573.1427086581879,0.9862373704899371,True
5995,537.5815086994279,0.9965361769724923,True
5996,534.1204670918187,0.9933028696067783,True
5997,471.71853330636503,0.965094750776295,True
5998,614.2627047073698,0.9562664561444142,True
5999,758.0170528987688,0.9067578724003651,True
6000,469.2094397869435,1.047407462062492,True
6001,110.01305782791741,1.4848744652183248,False
6002,483.34524899053963,0.9148184768991667,True
6003,247.13806475557638,1.4392200075837436,False
6004,962.6703683363991,0.9997125341854255,True
6005,801.5040259477578,1.0193121391579911,True
6006,808.1494417932105,1.028564358520852,True
6007,672.4281503209729,1.0471984799600202,True
6008,954.6224593899954,0.9449112235147212,True
6009,536.8223818404557,0.992527015332459,True
6010,68.54602845209186,1.6689057690582865,False
6011,904.7393276574646,0.955767855495607,True
6012,245.04230270946857,0.7608199565472898,False
6013,912.4328224881432,0.910497440413121,True
6014,149.529566729,1.709464249152188,False
6015,120.45132263056026,1.2237199131137628,False
6016,337.3427100464618,1.0464052700705795,True
6017,749.4877720541555,0.9322603883800479,True
6018,404.12277899727303,0.9902222504043668,True
6019,615.5034441085347,1.0441916412965981,True
6020,134.6363086229016,1.1215364656380413,False
6021,658.4683490990901,0.9455699351295663,True
6022,293.74263365545056,1.1559125717144794,False
6023,367.6216478244145,0.9650520117045357,True
6024,504.2167349882314,0.9632774580255802,True
6025,584.3336245003898,0.9764451644447086,True
6026,493.59394748511056,0.9530341711373691,True
6027,734.1771026030407,1.0179644978523532,True
6028,370.8530024653807,0.932266871729299,True
6029,920.4442585700854,0.9670953099969253,True
6030,661.3272036460294,1.0390249365129287,True
6031,183.15341843406816,1.2496521320204692,False
6032,404.07869648901084,0.9970549390055616,True
6033,691.0123755851497,1.1058175725994923,True
6034,152.2503955283354,1.006042973229027,False
6035,73.24645335568117,1.1774179517357684,False
6036,509.3153395909848,1.0199486116144834,True
6037,126.00498617546143,0.6308404616947477,False
6038,724.3551349091762,0.9512860879346008,True
6039,207.34324715319826,0.9196792771638488,False
6040,416.5219454746793,1.1021189316141342,True
6041,154.62002861005504,1.66077711635227,False
6042,678.7041426636384,1.0198255234971036,True
6043,356.7976675795734,1.046839715624537,True
6044,255.59523610833716,1.3764567038360214,False
6045,107.35452923884671,1.1193877261326932,False
6046,410.1703604067569,0.9859257273629867,True
6047,859.335612680808,1.035828541468672,True
6048,768.5820015922856,1.0697061469451292,True
6049,399.7919226699321,1.0527464108719233,True
6050,374.0333023093421,0.9497859338974636,True
6051,452.72728917012074,0.9511517461874693,True
6052,632.1212042487397,1.0078703979716037,True
6053,172.38188169361857,1.8280158060704248,False
6054,175.85428604447884,1.2618599730894984,False
6055,871.2838278260762,0.9274192860343313,True
6056,144.30475096398737,1.0146493937954657,False
6057,357.04946989021283,0.9045608524238116,True
6058,920.1917214033239,1.025064810611015,True
6059,908.5371402394845,1.0379558830805242,True
6060,756.444313324542,1.061431441433238,True
6061,262.23621724996724,1.492424614657816,False
6062,363.3137833117679,0.9771863524616748,True
6063,518.5737262212258,1.0031858398621907,True
6064,581.9587041878493,0.9746675536188663,True
6065,748.2300804406808,0.961304006670187,True
6066,624.9971988613412,1.009561128099108,True
6067,228.6013670263273,1.2445633132204577,False
6068,521.4532158257161,0.983197254596388,True
6069,734.3280796324142,1.0013135678858036,True
6070,782.4915061557002,1.0025782514617658,True
6071,978.5798770685293,0.9605226086307286,True
6072,641.0789918879233,0.9458889690730691,True
6073,600.2989900842643,1.0564768781538434,True
6074,976.4960624377699,1.0331900228717845,True
6075,863.9261411960722,0.9459061054596921,True
6076,502.870991996902,1.0316137383619812,True
6077,855.212646027843,1.0051085765476317,True
6078,838.3702202594262,1.0129685817801837,True
6079,339.90861041002995,1.0769931923376819,True
6080,204.59128718860154,1.0920745489058956,False
6081,229.14591021945216,0.9444428156654749,False
6082,483.23824782258134,0.9945255940451305,True
6083,247.61276445684365,1.4299139311701359,False
6084,985.0216016045413,1.0343680931689112,True
6085,835.5417243058822,1.0810588459376302,True
6086,300.5515447897165,1.061847370807177,True
6087,249.64336868122788,1.217858369163421,False
6088,892.4571263761126,0.9804099412744223,True
6089,611.9305640892293,1.0388413582835483,True
6090,482.29386860368646,1.0154273316194737,True
6091,966.0654452810924,1.0311792259943495,True
6092,141.34769996863298,0.9065905911908863,False
6093,703.3705721182945,0.944027358942332,True
6094,976.0522351751671,1.001235532792785,True
6095,944.124662012431,0.9610307820795705,True
6096,175.7374321186225,1.2810177772472287,False
6097,186.8597017741408,1.143093672419654,False
6098,760.5368755025214,0.9569356548274762,True
6099,251.00782420592108,1.1300560646456268,False
6100,787.6745935722341,1.0214988651589292,True
6101,344.43994850506044,0.9909984353660052,True
6102,283.9302548255473,1.2793339918258901,False
6103,651.8984655779226,0.8969609773239007,True
6104,964.9283729340395,0.9656071368142353,True
6105,99.34937196080928,1.113736074810916,False
6106,663.5930435040286,1.0492767191017052,True
6107,732.2014820992644,0.9011005584009979,True
6108,687.7740257883826,0.9786785103183904,True
6109,202.44454091050628,1.2125194232801657,False
6110,728.909091128459,0.9624682398659098,True
6111,728.854175845213,1.0229342441558475,True
6112,983.4906156105391,1.066288568595126,True
6113,212.3981739906372,1.4584471088505353,False
6114,50.875280747264874,0.7126440463340163,False
6115,219.07438472871632,1.0333885937246055,False
6116,618.0469417877644,1.016810683100406,True
6117,434.6533942524409,1.0239052591580282,True
6118,183.69206097281474,1.0818691389976762,False
6119,909.7548046587044,1.0066885701513726,True
6120,682.5921656122525,0.9639924990701277,True
6121,825.7927831219922,0.9862007240529093,True
6122,160.39205019528657,0.6634727834468216,False
6123,785.6888810323194,1.005455284935851,True
6124,389.03730553410986,1.0799606869652378,True
6125,829.2952860116864,0.9694283351333662,True
6126,51.75677911731902,1.7626966557782962,False
6127,345.17310485722686,1.0496774143117868,True
6128,957.086354362455,1.0380325228595018,True
6129,436.57463152098734,1.0224153975725343,True
6130,279.8314754120116,0.7823842339495599,False
6131,894.4789425773861,0.9894448607134819,True
6132,271.3398340258435,1.1232300780718267,False
6133,466.9227074461308,0.9486080486810112,True
6134,536.199843037006,1.0248164188033821,True
6135,65.07188106224754,1.3656576059616374,False
6136,846.3921790984687,1.005087425624828,True
6137,722.2217147886453,1.0307433341042895,True
6138,242.15770805545776,1.1567554940412113,False
6139,890.8920343435361,0.9776317919781669,True
6140,186.13273942282558,1.1537162515905828,False
6141,939.9825777898648,0.9711973489503655,True
6142,667.6706248741688,0.9649201068482627,True
6143,966.0363238360272,0.9660721938689546,True
6144,673.0001492042803,0.9719083710805436,True
6145,94.44199787156211,1.5323358174364974,False
6146,313.5592624462262,1.020311332230507,True
6147,931.5410437585974,1.05245739670192,True
6148,822.8420568388277,1.0359059938246666,True
6149,427.32115192491705,0.8808708772400322,True
6150,111.8388940819556,1.5724156447678121,False
6151,146.70195564232355,1.3337806203880032,False
6152,109.35028181038126,1.0763561887078579,False
6153,166.44804886728258,1.0462041638646937,False
6154,253.73390361012608,1.2868023586326616,False
6155,277.17268174185506,0.6096549065220567,False
6156,331.9635689775302,0.9928640108923056,True
6157,501.1388296272355,1.0168251011777392,True
6158,305.2104224102273,0.9550520925766512,True
6159,416.8414359082723,1.05626940618767,True
6160,181.40280981474095,0.7748147751429093,False
6161,534.1125181776388,1.0544668612341925,True
6162,835.8684898473091,0.9891262424173363,True
6163,707.4024854050559,1.0003768409617126,True
6164,781.595267802284,0.9466056405443241,True
6165,116.92751352989771,1.3061853978856568,False
6166,952.8347402705646,0.9411798218314888,True
6167,663.8196507375482,0.9994367937105163,True
6168,601.9098723483911,1.0557721534448128,True
6169,176.8093283837979,1.2853875912619686,False
6170,838.91220037031,1.0506394881243817,True
6171,145.0201781298051,0.846357675956234,False
6172,188.70602347363473,1.2709992187113837,False
6173,916.9967473542413,1.0538450706624745,True
6174,468.96039282653254,0.9647445806871753,True
6175,684.7284427169868,1.0531124531458693,True
6176,245.8577162870553,1.3546804472231317,False
6177,156.05140184282772,1.250085661671232,False
6178,433.50624061960724,0.9606570460473239,True
6179,554.4170217979562,0.9097326549938005,True
6180,63.41758526934404,1.0520118793887705,False
6181,149.57295687784503,0.5284261623511677,False
6182,175.00200900232505,1.3778292312710565,False
6183,900.7954340165569,0.971161033870776,True
6184,804.7298739644106,1.039068669712783,True
6185,563.1562818702452,1.083274533820143,True
6186,123.4190495667499,0.8822509607784684,False
6187,272.1841490040313,1.2702152602593917,False
6188,555.1139353462484,0.9694127584620795,True
6189,621.1219270914992,1.1125709342040455,True
6190,459.596613304107,0.9295587020501215,True
6191,851.0680846425531,0.9402549430208577,True
6192,811.1738481919843,1.0636484116032707,True
6193,786.6767556447645,1.0716243903274107,True
6194,276.483188559061,0.9732168592844831,False
6195,939.9962032832275,1.0151306928087325,True
6196,197.12440187873491,1.3152487121844625,False
6197,684.6588958628432,1.05051223591252,True
6198,214.42946920076574,0.9211714606035151,False
6199,937.8382367355662,1.0342640514051857,True
6200,300.97209837040145,0.9741396511325523,True
6201,368.45325310748837,1.0346027080685016,True
6202,423.74192001310644,0.9580990866050305,True
6203,546.8917783980546,1.0426909841770307,True
6204,848.7763485578477,0.9825830157844724,True
6205,222.33580111959745,1.3641444171428756,False
6206,843.8875260708984,0.9746430213122556,True
6207,963.7076142133122,1.001602478603394,True
6208,971.7439495653655,1.0577743889311042,True
6209,309.49839739377364,0.9861979793750645,True
6210,161.58370003065312,1.2706710422572882,False
6211,425.3143578608667,1.0554409860213894,True
6212,437.4412306640755,1.0771883989204691,True
6213,205.41994279597125,0.6823908465102242,False
6214,316.2203938803682,1.0553358091462088,True
6215,502.0445422423852,1.0695129792672227,True
6216,482.9430597969048,1.0637252249690659,True
6217,957.5638053802385,1.0413292365351583,True
6218,183.2580036548228,1.667601305840758,False
6219,643.1684830067511,1.0570883690904362,True
6220,699.0581081636869,0.9803886669452284,True
6221,366.71931086169116,1.0102198576256358,True
6222,84.90099655242045,1.3854636615824105,False
6223,758.8714502307206,0.9868431869949267,True
6224,811.5210164909664,0.9647789969772468,True
6225,876.3159231206794,1.0534421327931223,True
6226,151.03327410459846,1.1278018090052728,False
6227,720.8920298369519,0.9446481600445988,True
6228,479.7212117836914,0.9626463669531018,True
6229,697.0812922455025,1.0385028854098521,True
6230,705.8241903933672,1.0741523849881836,True
6231,629.403438368664,1.0411034397696854,True
6232,252.0433632912967,1.2157207446035676,False
6233,292.8068218836819,1.1317795277457947,False
6234,513.1935891459673,0.9917388907745044,True
6235,175.69289669195854,1.482874001001444,False
6236,372.24977784029966,1.0625447066491862,True
6237,326.13362313114993,0.9803810251455461,True
6238,381.75393111085873,0.9007675731605274,True
6239,604.5619846873713,1.0095123439114537,True
6240,487.2203898345357,0.9289757731875795,True
6241,593.7767567531354,0.9754695114748008,True
6242,399.83582328143257,0.9602941831356872,True
6243,964.6397430590062,1.019329521553308,True
6244,67.18572835040737,1.324379885577683,False
6245,666.9593269489322,1.0030182086973427,True
6246,365.85434771346354,0.9569667128152912,True
6247,852.0641981431725,1.0146475758148716,True
6248,287.2844334085742,0.7319762461610585,False
6249,403.9745462315158,0.9635207416218775,True
6250,643.4476577119983,0.999719951983063,True
6251,646.5720338681402,0.997757108097877,True
6252,772.3364867211762,1.0617697067284761,True
6253,463.284550025745,0.9731895743475832,True
6254,167.52802430445905,0.9564769182439028,False
6255,269.13899933481866,1.3131001602728802,False
6256,829.580179895495,0.9355878774792437,True
6257,834.9898851684972,0.9914874805505246,True
6258,155.08268866863568,1.123825653632003,False
6259,544.996420809759,1.0907943118740815,True
6260,831.2306908221262,1.0455929444858543,True
6261,507.523322739343,0.9818919027020142,True
6262,136.69518868912792,1.0152704125892904,False
6263,882.0556547801598,0.9813890975145972,True
6264,53.14122160194977,0.8785449675671131,False
6265,433.4690696356557,0.9392928490784769,True
6266,500.138545405722,0.9775900652763448,True
6267,380.18665899192587,1.0172222469489918,True
6268,994.1649667278642,1.0150049174463045,True
6269,734.4008483282031,1.0563462110665454,True
6270,711.0905560290771,0.9697072524160457,True
6271,166.49880165896633,0.3507329344553699,False
6272,213.9696448981715,1.3686154738164924,False
6273,635.0388592035846,0.9470596699786906,True
6274,696.4133287995494,1.0110815219765643,True
6275,455.09625575748726,0.8934345629515228,True
6276,801.2691379645812,0.9640349598369271,True
6277,122.85862143086425,1.7096550416336238,False
6278,623.000324357803,1.063849617592784,True
6279,950.6591419711463,0.9776315884880774,True
6280,797.4192980652371,1.0391883102313617,True
6281,171.56788813801813,1.241564582325781,False
6282,585.3299120717405,0.9966534746790829,True
6283,593.8161825220427,1.0250462917090781,True
6284,951.2252254855326,0.9272206774708038,True
6285,354.8880733090524,0.9866707884562661,True
6286,236.85456975761693,0.9346119338210014,False
6287,686.9655922421871,0.9582753175603279,True
6288,390.8462796154756,0.9881754760139743,True
6289,571.7039654565692,0.9131076123230604,True
6290,798.125322848981,0.9229467399740225,True
6291,102.31768521520965,1.0876411304431268,False
6292,873.2985357011617,0.9751902681905509,True
6293,753.1542363963114,1.020287043573986,True
6294,54.78871156019512,1.267780933618587,False
6295,940.566716125635,1.0145392815054048,True
6296,815.566142019651,0.9698911540081905,True
6297,100.5089366713415,1.3435957896736215,False
6298,406.21455135652445,1.0072032442905632,True
6299,264.84389143118807,1.3634615877076421,False
6300,51.09454473594246,1.2786738275047924,False
6301,288.76501644683316,1.1222735234385537,False
6302,115.35621805768831,1.0563663861847048,False
6303,966.2474395990788,1.0557000662141809,True
6304,932.562708954349,1.051482512901696,True
6305,494.47250051246675,1.0106008828707242,True
6306,248.53284121487033,1.5138390058717663,False
6307,470.4685463325806,1.1125777164708932,True
6308,122.25815152649892,1.6053325415978823,False
6309,91.44466375611444,0.8601697781274431,False
6310,263.81457151336144,1.2035121688665713,False
6311,773.9185787578429,1.0798556093963991,True
6312,85.69912701991264,1.1763314697335023,False
6313,223.01240205643282,0.9513354317829144,False
6314,227.455189753425,1.5788428779816854,False
6315,945.1535127833228,1.10106351611362,True
6316,529.6232384880317,0.926714391368878,True
6317,878.9950262335352,0.9895440203956879,True
6318,360.7504864730892,1.0233508167170975,True
6319,768.690084515919,1.0161124156181445,True
6320,836.9011380979831,0.9672621617140116,True
6321,144.3606643628341,0.9105586540066531,False
6322,541.454407693046,0.943913117107433,True
6323,67.88370027595982,1.007169389840283,False
6324,265.27983696576194,1.213192498813494,False
6325,508.80624075071233,0.9999624677220907,True
6326,208.48182186616012,0.8598930327965846,False
6327,345.81984342920634,0.9783140415160886,True
6328,796.6270950910176,0.9839136750438174,True
6329,213.05260070065023,1.072140769030187,False
6330,61.43572187450702,0.6276451917123924,False
6331,258.6892277385292,1.2122226868677597,False
6332,59.55408292404955,1.938702490703751,False
6333,702.3634777914382,0.9202171361041491,True
6334,492.31602945637803,0.9684574805081992,True
6335,156.7611872088218,1.4985041639448557,False
6336,967.6527415165178,0.8720001031775508,True
6337,349.692690488667,0.963816651461208,True
6338,287.0160809621002,1.3441609905325993,False
6339,274.09656112689504,1.2644469432592995,False
6340,787.1011520330336,1.0235251894839754,True
6341,604.3565580097552,0.9379704865338762,True
6342,463.17809808966183,0.9573258985255619,True
6343,222.9492017552275,1.1394978719854465,False
6344,919.3800711398669,0.946889372695497,True
6345,428.3149775877392,0.9864742402593616,True
6346,97.61583939246648,1.6608677612066771,False
6347,101.32514778139418,1.00073096246912,False
6348,790.6672670550196,1.0285835480338363,True
6349,278.95240022068754,0.891621946682003,False
6350,971.7394969234876,1.0301944733778938,True
6351,279.5884915263216,0.7232354921906078,False
6352,600.8449101307922,0.9527410481687029,True
6353,341.1043133768977,0.9923011302398077,True
6354,444.98994573214145,0.9885631730269077,True
6355,177.78645821531762,1.4198649381635682,False
6356,868.6463037566118,0.9376954032578669,True
6357,525.8740550725199,1.0540853884606096,True
6358,989.1783422225452,1.013126001729791,True
6359,382.70855634433826,0.8893871585410821,True
6360,234.61856076702767,0.4803272247739836,False
6361,881.5451600281157,0.9399262553537738,True
6362,792.3786025368393,1.03452334469361,True
6363,968.1731067571258,0.8946372516521574,True
6364,838.368161736073,0.9752867289908427,True
6365,78.29678412286702,1.0398473450742185,False
6366,441.23049668839485,0.94839168891122,True
6367,461.2845022149198,1.0225236614621136,True
6368,548.1704634061948,1.065532467225951,True
6369,383.9668070674672,1.0136468584321017,True
6370,223.66003049321242,0.9244290083720128,False
6371,517.0043057708733,0.9999970231593424,True
6372,403.67323265419515,0.8846670306498899,True
6373,830.5801972511991,0.948001781200984,True
6374,905.3439740391834,0.9537194438772862,True
6375,845.6350694813666,0.9703213885949148,True
6376,771.86758585075,1.0481977141022667,True
6377,640.8390309390311,0.8907768553141325,True
6378,767.3512224066388,0.9256672029846371,True
6379,501.8270852458315,1.0992724577290605,True
6380,109.42854229324848,1.3039419770086087,False
6381,138.6616133625941,0.9333548459646486,False
6382,682.438253242067,1.0672393644188982,True
6383,118.83858342009403,1.2972626620015326,False
6384,962.5858670602221,0.9645995237092193,True
6385,862.8980470644572,1.059571858193487,True
6386,598.8429674221313,0.9699140764044453,True
6387,585.0229216450101,1.0117935496765473,True
6388,316.71103729204674,1.0329896242165444,True
6389,321.21553184544814,0.9531489423765639,True
6390,886.5338459978641,1.074156591739473,True
6391,860.5772043875842,0.944711222982407,True
6392,575.0937680759628,0.9701362070604547,True
6393,987.0063948750243,0.9727472912700628,True
6394,392.41233573592103,0.975320624411253,True
6395,330.96602910278864,1.033488062447077,True
6396,889.6375943986641,0.9379115086618797,True
6397,144.83441032911324,0.6001615065728279,False
6398,252.30386664876252,1.1064410482218066,False
6399,192.7855850365073,1.3598847960810836,False
6400,870.2661162058947,0.9880282009688093,True
6401,355.6175583782018,1.0644445629747004,True
6402,424.0396766968412,1.1098265373877751,True
6403,783.0949389330091,1.0153691384285262,True
6404,591.0048488838546,1.127747352742481,True
6405,624.0250724862735,1.0684511528711533,True
6406,330.9553214129891,1.0234375025560725,True
6407,719.2614038124275,0.8915026683494003,True
6408,287.62165009971966,1.1735912481552173,False
6409,89.81765290770878,2.0680079021952293,False
6410,600.4575959010411,0.950827887119001,True
6411,475.34470616786746,1.0615906833728268,True
6412,317.6851576808681,0.9763721162014136,True
6413,550.1330888939356,0.9169461347686538,True
6414,297.02349400483376,1.092531993905708,False
6415,237.70316956116324,1.3143468221186039,False
6416,827.9709574810275,0.9667698798483451,True
6417,941.4389654900397,0.9860741829807386,True
6418,985.215143277891,0.983028958631672,True
6419,629.7934761319874,1.1066211493026619,True
6420,695.0750531775235,0.9519913662394958,True
6421,532.3763699776975,1.0100740543361804,True
6422,231.55177836740302,1.2151989197384983,False
6423,984.0176532420742,1.025892617399929,True
6424,515.7516351741322,1.064522479030014,True
6425,553.4872863444662,0.9507467442608453,True
6426,464.7005491057686,1.13544822684278,True
6427,420.36716180236,1.0145517082033522,True
6428,93.80498577819698,0.7412754760422686,False
6429,229.14486472889797,1.342882421326911,False
6430,432.1378928658317,1.0527259187134204,True
6431,672.4404831496997,0.9254706010919088,True
6432,989.0080895417175,1.034825045546106,True
6433,376.49289259364633,1.0186413523449014,True
6434,923.2994113950563,1.00227894519207,True
6435,133.53534242249657,0.7683929100696925,False
6436,962.1298148279121,1.1003200733101886,True
6437,204.8948152823994,1.7279858551272946,False
6438,89.98241916876415,2.2786539777128487,False
6439,567.6877766094078,1.0118947521525636,True
6440,761.0329084646223,0.9616850233225199,True
6441,503.31123821843056,0.9257052978096882,True
6442,208.291938271236,1.1999932108033227,False
6443,533.607799250409,1.0886155486084113,True
6444,667.7256162366547,1.059152669634533,True
6445,780.1345101389107,1.0099148681202323,True
6446,567.1265909672509,0.8949823493539575,True
6447,908.6391723674864,0.9888100112727585,True
6448,987.6237139240798,1.0473878268457686,True
6449,59.515921981661364,0.8240210433962079,False
6450,69.29855438984161,1.0562962952428632,False
6451,571.1742632718151,0.9715539861497103,True
6452,985.0641625435871,0.964304187678328,True
6453,855.3878826614841,0.9419714089864529,True
6454,731.6662077248627,1.0549415156993236,True
6455,277.1536562484401,1.1096552745988213,False
6456,782.3372131431822,1.0102483847190646,True
6457,854.1435518926429,0.9973740114638202,True
6458,384.63195436998706,0.9712515607479856,True
6459,346.63503968166253,0.9066748930120013,True
6460,186.11648275285563,0.9658129796623811,False
6461,431.48972462117786,1.003382112842493,True
6462,848.3284873645453,0.9719783828901056,True
6463,421.6621712519602,0.9252885034827765,True
6464,351.7611297877317,0.9720216341566685,True
6465,305.72664096221973,0.9449332818670639,True
6466,198.98665349493714,1.349436941618996,False
6467,274.45910757922775,1.210047038656975,False
6468,782.6508836576056,1.0508556944214111,True
6469,801.4382010394027,0.966900349534207,True
6470,538.3110131500049,0.9850690145049752,True
6471,606.011615510131,0.9947397145220227,True
6472,903.6352920218931,1.0355405442696808,True
6473,186.51594328636097,1.4037181037681408,False
6474,613.839538454033,0.9370755211683337,True
6475,715.5262328914846,1.1044652113749787,True
6476,591.7469519886043,1.011650520373692,True
6477,226.06330938697656,1.507681277047731,False
6478,986.7575091686261,0.9670176577586531,True
6479,595.14756988818,1.0028834573042111,True
6480,817.2251678954442,1.0157897986222688,True
6481,384.7405636240752,0.9886413669405862,True
6482,957.9520100166995,0.9979776157235896,True
6483,476.1669546901148,0.9640968934961853,True
6484,412.59368705360464,0.9700859251600683,True
6485,249.31945949148326,1.068120256266453,False
6486,630.3273237582406,1.0237928598342052,True
6487,396.0921546735236,0.9693832053953839,True
6488,457.07491121266264,0.9670342198208111,True
6489,841.6447844608292,0.9785949359663566,True
6490,249.3589316080865,1.194794723718849,False
6491,413.0148517723622,0.9601300031605092,True
6492,508.8553318838365,1.0564732596193298,True
6493,844.8252612103561,0.9707099206186895,True
6494,641.2980133972594,0.9853053094406182,True
6495,629.3782985854524,1.0440614657918088,True
6496,615.9166555620424,1.0327831360438764,True
6497,609.8057243918045,0.9972337618152829,True
6498,914.9819428731972,1.0251587912791122,True
6499,777.1623085999913,0.9134414820915652,True
6500,929.9579660901102,0.9750551500308133,True
6501,696.6031165859843,0.9676305836630068,True
6502,766.8706009866422,0.9833678056084434,True
6503,356.8881484850026,0.9699487999701505,True
6504,120.9557590479056,0.7063559437453012,False
6505,896.6697181527775,0.9986645406275776,True
6506,270.4508425888471,1.2428771121283704,False
6507,895.7344811916302,1.0988841053777056,True
6508,995.7602983821016,0.9902960159424903,True
6509,738.8795808412422,0.9940044469354111,True
6510,433.67220268649237,0.998663303214884,True
6511,358.2397841560622,0.9309314679713262,True
6512,218.6743489142702,1.579349852545147,False
6513,982.8554120167571,0.9722310983197497,True
6514,830.5950503484378,1.0256675573933351,True
6515,796.1305875470407,1.066312069285701,True
6516,244.4176931175319,1.2883945610756555,False
6517,822.9152025427704,1.0025283102128335,True
6518,355.7086600009042,0.9546553099650581,True
6519,951.5086479457987,1.0878745119541462,True
6520,539.003412037951,1.0591990318297206,True
6521,130.1661659383985,1.1182040994312423,False
6522,550.1343664000077,1.060672454588983,True
6523,307.2528706759529,1.0252467816008917,True
6524,165.5792255810765,1.2807738183473352,False
6525,100.08023780010707,0.8967474979417445,False
6526,240.59170617998222,0.9774571454539969,False
6527,638.131143385102,0.95346069316238,True
6528,896.2220663007345,1.0012453129291854,True
6529,745.0676900904895,0.9819420837894286,True
6530,758.4134979421352,0.8550147910010082,True
6531,709.5510576257184,0.9715367136588506,True
6532,999.8547031662542,0.9975859156606837,True
6533,221.9655694982234,0.6884026049736643,False
6534,712.6686623004534,1.0907503482072034,True
6535,442.5284025128783,1.12584963802689,True
6536,375.9664587905765,0.9777074503524618,True
6537,374.68824661833844,0.9906430205028455,True
6538,359.64824070832753,0.9220904138137171,True
6539,118.66156490438068,1.4974924517033683,False
6540,102.26992583205536,1.1290382179413805,False
6541,930.3360884177597,0.9389658941930455,True
6542,935.0398159997563,1.0326997380594511,True
6543,631.9732011334206,0.9169030805590683,True
6544,441.8357240972609,1.0041829716705013,True
6545,827.8514433233048,1.0039757779689238,True
6546,622.2336390948811,0.9462809957895861,True
6547,546.9233779479291,1.0221954808304181,True
6548,582.673191737668,0.9088019643760482,True
6549,347.36944223451104,0.9984414949971592,True
6550,99.29019031685272,1.6649702529649875,False
6551,132.6172647884359,1.4614529006698065,False
6552,149.1728825735708,1.428463451810097,False
6553,603.8340834905439,0.9304935633679012,True
6554,306.3894875141905,0.9332626543526968,True
6555,469.0977915386273,0.9400407374833082,True
6556,299.6749193719176,0.8503123652716493,False
6557,907.9773208627968,0.9845359547288053,True
6558,319.334387213166,0.9734436273575756,True
6559,772.8134178317745,0.9631769661745728,True
6560,201.25050000123045,1.0016067661947163,False
6561,775.2943227935527,1.0842890910243281,True
6562,937.8308417694145,0.9768222806424275,True
6563,444.4478673747666,0.9986921798055435,True
6564,491.1919251397234,0.9763831832047948,True
6565,378.5095819697707,0.9387457221115473,True
6566,893.3135878406554,0.9562527957223471,True
6567,553.0297293636662,0.9778182053316066,True
6568,321.2794717370347,0.9873045155967928,True
6569,812.6705192195333,1.0554853844351575,True
6570,725.4367710906986,0.92721053974674,True
6571,633.4797843283442,1.1150228786393708,True
6572,696.551231870109,0.9515030568213849,True
6573,342.72118270211314,1.067678140687057,True
6574,136.4444125665919,0.8628361821080668,False
6575,854.2144804954589,0.9771560233331136,True
6576,895.1407570419517,0.9323358570710508,True
6577,361.3694124422779,1.0361227147746537,True
6578,630.0622681073644,0.9956655890287576,True
6579,891.3267325624828,1.0707932931152588,True
6580,198.29013265173347,1.6393877464322641,False
6581,285.13531365296626,1.0418426898488407,False
6582,602.8610602430074,0.9838248353462393,True
6583,589.9865355355993,1.0270957033703219,True
6584,299.18885587649186,1.0048538778604559,False
6585,135.43281939701075,1.229101831924881,False
6586,419.6352523094047,1.0508497652351216,True
6587,802.6208867155253,0.9999010920880715,True
6588,607.6428209290268,0.9404154114682203,True
6589,369.63505219678734,1.0221708456181566,True
6590,803.587837179452,0.9984595683578567,True
6591,753.4492617034599,1.0374021376749654,True
6592,379.5864460300318,1.123961719053113,True
6593,80.9250403263476,0.8535291227501354,False
6594,147.2429407724754,1.4219235824794818,False
6595,866.0350723365526,1.0017701159344916,True
6596,512.4011934631206,0.966531135114722,True
6597,459.49270859250186,0.8993430879711611,True
6598,427.42548556263426,0.9842371972300147,True
6599,992.8405080071617,1.0539457851540703,True
6600,878.4801354793924,1.0404341935477839,True
6601,397.4577832166967,0.9953445143693227,True
6602,814.6572872914298,0.9518797233236421,True
6603,365.13082287789456,1.0087959829787538,True
6604,414.45527955709946,0.9451375203327667,True
6605,774.7749606582429,0.9937329808884428,True
6606,756.2942602331899,1.0418668573609071,True
6607,91.75358010391255,1.6968768190596017,False
6608,458.5388372317157,0.9708414256932398,True
6609,603.9215904433977,0.9689186227438509,True
6610,935.4299024557245,1.0201500697840342,True
6611,62.50244902049589,0.8596428994525556,False
6612,329.1760907691082,1.0133323330098105,True
6613,207.0638159853166,1.6491862980146255,False
6614,196.9548356138316,1.1256853649818226,False
6615,959.4456377665365,0.9932699503282117,True
6616,563.7495378172232,1.067329685070997,True
6617,394.11967231681456,0.940661074179127,True
6618,484.0304063067826,0.9559798997661179,True
6619,443.14315393713787,1.0485070165885333,True
6620,650.4939691876642,0.9927919070706666,True
6621,556.1319467919868,0.9699346495380118,True
6622,823.7015596930629,1.0333365371018441,True
6623,283.8892520553079,1.191327249600986,False
6624,750.0534864999767,0.9541601293600904,True
6625,899.2336861906763,1.061478730981258,True
6626,155.55742998288142,1.0684820551305296,False
6627,755.8425538331568,1.0194331717069274,True
6628,840.670286043871,1.0814801995805883,True
6629,479.1745569582047,0.946073108614947,True
6630,820.646181418561,0.9923097281111906,True
6631,848.2095362863446,1.0189667728778886,True
6632,391.1069484358559,1.0874849067899195,True
6633,367.49915171438363,0.967106405379768,True
6634,475.831103994784,0.9914859865541371,True
6635,614.6029242596887,1.0200891760464192,True
6636,425.642469688531,0.9955100567144265,True
6637,81.08031299824712,0.032355346531870666,False
6638,992.7002650238666,0.9965103453462588,True
6639,183.85641269411042,1.1186467992356324,False
6640,535.0650727634786,0.9667208712487456,True
6641,814.1716959279698,1.0326724025620606,True
6642,354.7189381934582,0.9974813516969144,True
6643,522.4854548223411,1.0265647593186886,True
6644,403.6997730555227,0.9915675770902991,True
6645,674.1319709698969,1.0603138926047389,True
6646,159.25258963106725,0.8671402767898815,False
6647,289.7010505314223,1.1583762030178322,False
6648,946.0031767181356,1.074624702711123,True
6649,669.698265480977,1.091206272619679,True
6650,208.34319648676666,1.1644291415400967,False
6651,218.39380243729576,1.039849093228355,False
6652,478.4316979360747,0.9522525184965502,True
6653,304.2067373014504,0.953215304839518,True
6654,808.0696148998938,0.9379191599866378,True
6655,694.9509955108973,1.0469008028891198,True
6656,792.1400863335109,0.9739682603481726,True
6657,792.125217713101,0.8843728701953636,True
6658,983.0488351425139,0.9505875378111438,True
6659,831.6203607585742,1.0375655643868882,True
6660,791.7064150716404,0.971762464599359,True
6661,755.6744945550953,1.0142106753008286,True
6662,995.8623170724346,0.9331673343315916,True
6663,642.4406807099783,0.9520504162696696,True
6664,679.2698730075522,1.0403555436062475,True
6665,556.409627532818,0.9740676202954935,True
6666,402.24923140075606,1.0071482781231471,True
6667,209.14940200937437,1.1443804631028924,False
6668,546.7296990724436,0.9979108007055834,True
6669,954.7399221944544,0.9436871879971351,True
6670,917.4316494762629,0.9631451412136922,True
6671,461.942079190765,1.0040464925245771,True
6672,209.4638109243107,0.7522902128380368,False
6673,287.51557748364405,1.4814556832218164,False
6674,844.930413369993,0.9537771163561258,True
6675,136.5857236668167,1.6417324958583024,False
6676,789.1421459803996,1.0498741908894527,True
6677,391.400241528429,0.9544646851694115,True
6678,450.2767037369044,0.9776949261221888,True
6679,104.14913439263208,0.9082057849270376,False
6680,796.4353312936728,1.0458098214743696,True
6681,219.5589379834435,1.3241070500330678,False
6682,392.00194291667634,0.9366370353915576,True
6683,730.2461863231046,0.9451376331839664,True
6684,454.5204449381604,1.062967049524166,True
6685,427.0253598264865,0.9681604616254768,True
6686,274.9395460121719,1.0012696778493653,False
6687,915.0489130521802,1.0912242286260243,True
6688,112.54980240279448,1.7182583430298888,False
6689,965.3685134490505,1.1095535477228522,True
6690,229.4522022769948,0.9966593904139647,False
6691,530.6372534212578,0.9476137655139125,True
6692,629.577406055965,0.980371418847954,True
6693,953.1214772282818,1.0446386688611917,True
6694,580.3399750267914,0.9842634885814618,True
6695,576.0094245039102,1.052749898109912,True
6696,323.9704924676475,0.9702142486682066,True
6697,121.44786637625076,1.7876825058518606,False
6698,872.6344121970949,0.9850629976576832,True
6699,298.58030335000126,1.2806379285465381,False
6700,893.790262131332,1.004720207410862,True
6701,535.4547584046038,0.9761956686917931,True
6702,985.3701743263628,0.9934153487693622,True
6703,602.0836896774045,0.9741402660831282,True
6704,797.3794192930536,1.060066659909891,True
6705,860.1603937401568,0.9379369746251813,True
6706,310.96180726638454,1.0394388081056756,True
6707,452.7294201968765,0.9735997020549606,True
6708,451.6408525919451,1.030396626192827,True
6709,598.9081721066708,1.0291857688543582,True
6710,658.1529034487702,0.923475483618206,True
6711,460.762863625092,0.9607350611594283,True
6712,215.68663480423223,1.1344132059399104,False
6713,923.8012543535895,1.0051722957165468,True
6714,629.3583797960637,1.0636780179298533,True
6715,279.409033767416,1.3381485159114306,False
6716,395.39009054328085,0.9814415915887712,True
6717,662.4582275553852,1.0682665137757328,True
6718,483.3414126358135,0.946391042036696,True
6719,334.74702724074257,1.004100425362403,True
6720,155.51977031162485,1.409701450964852,False
6721,994.1173608443945,0.9886224628318414,True
6722,898.0354101287062,0.9523003223828018,True
6723,132.30215890730648,1.1430307684492467,False
6724,556.2537505556447,0.9348388676835484,True
6725,643.5064564939089,1.0487561698534549,True
6726,672.1349057582503,0.9962311557479537,True
6727,391.6585220781079,1.1134557672152767,True
6728,305.6555468738227,1.0112660105337548,True
6729,221.63857874067045,1.3511023837325382,False
6730,143.10980841629123,1.0925586742360902,False
6731,824.8073775111878,0.9503688054434306,True
6732,672.7873287352504,0.9674265461825547,True
6733,490.2642228868775,1.0724267897896078,True
6734,226.87372979908073,1.328211699052336,False
6735,129.72973771569804,0.7215201502549069,False
6736,128.040848308892,0.7509167459391262,False
6737,145.02735573031174,1.1504930068016903,False
6738,199.7736252841775,1.005215810290299,False
6739,749.8312976475428,0.9697812285614484,True
6740,815.3129083346286,1.0251924193579598,True
6741,306.1791524099437,1.0164990878872848,True
6742,371.36198243729666,1.090665525256033,True
6743,905.3637055858385,0.9303834148547853,True
6744,219.30621992944575,1.1024995920215852,False
6745,766.2371034132544,0.9309953542182241,True
6746,781.6799411343759,1.0315219097512527,True
6747,51.43603596390402,1.4400766294875769,False
6748,355.0062485843365,1.0107255867706553,True
6749,430.0539102109492,1.0387483782000233,True
6750,341.3308025706394,0.9504576691968591,True
6751,998.1088657565994,0.9702196078854347,True
6752,545.6507327104632,1.0312743053049398,True
6753,756.7790593308941,1.1317313939331854,True
6754,80.34640573835688,1.0417861532375043,False
6755,587.4047966385946,0.9783421109940336,True
6756,308.1125103487458,0.9310421969862362,True
6757,759.8723371567621,1.0199141915096444,True
6758,549.4383372795172,0.9316422471094112,True
6759,238.85351587748298,0.979288774949832,False
6760,322.3055107203173,0.934194158073737,True
6761,989.2442718256651,1.120332472298407,True
6762,893.7827736388837,0.9901991966765877,True
6763,698.7266497617742,0.9747592492201376,True
6764,138.34150824262062,1.555917949049285,False
6765,250.00202589562807,0.9139856594746694,False
6766,458.3066734544048,1.042287906751665,True
6767,439.70556116654456,0.9946458166214776,True
6768,599.2712571618805,0.9788846215101472,True
6769,134.07417244563914,1.0832810809256412,False
6770,610.254705188279,0.9885239156207863,True
6771,162.68767143502876,1.7167648941608595,False
6772,359.5810308865672,1.0931392006311382,True
6773,811.1818925271205,0.9864680084107378,True
6774,197.08681617417258,1.0092980567470167,False
6775,521.3241904990208,1.022869942990676,True
6776,480.1792827930907,1.0383248919552424,True
6777,862.0697323398239,1.0675010475682776,True
6778,221.71318302877577,1.7947596853118628,False
6779,256.08338975510117,1.0271908882915597,False
6780,693.3008920064209,1.04015152062751,True
6781,369.96670650829367,0.9867524331140403,True
6782,642.0845962437922,1.0130637756880096,True
6783,697.6160965297928,1.0282004472503297,True
6784,902.5400758673642,0.946697299489951,True
6785,237.62398979006838,0.6984734468807622,False
6786,183.9794645911528,1.5514733567103085,False
6787,665.0359305146162,0.9206842256089882,True
6788,309.6846874240268,0.9867532170522931,True
6789,650.6752227097309,0.9934138228203038,True
6790,277.7319266814246,1.467369814479419,False
6791,73.34279576408045,1.2571502810393613,False
6792,698.736687427455,1.0089779672073764,True
6793,514.2957588636748,0.9971228669102624,True
6794,388.9371846330278,0.9651124507038633,True
6795,447.53998542374063,0.9827444997064402,True
6796,366.9157923377964,0.994222954650489,True
6797,577.9661468536838,1.0217215359324547,True
6798,178.30305088241917,1.2769190681513283,False
6799,598.2456044570497,0.9589139229078844,True
6800,749.6892096433052,0.8858467591705655,True
6801,454.1544374137494,1.0143590251911205,True
6802,135.46126124894295,1.4384600502754903,False
6803,697.2212479628724,1.0071174218081407,True
6804,442.22334250535727,0.9420083332978072,True
6805,533.9147542065516,1.0579685174447584,True
6806,823.8196975124894,0.9331328649496609,True
6807,412.56691773791357,0.9742224617869024,True
6808,208.5530828029945,0.975100040722559,False
6809,184.83708748162368,0.7872838076996564,False
6810,999.5589975912344,1.013216770248333,True
6811,718.5302234433875,0.9908091517252546,True
6812,475.37678138024603,0.9218564480448812,True
6813,73.34019880666253,1.1424916213114285,False
6814,887.995642227555,0.9364762436135574,True
6815,255.70643172003707,1.2345007512290793,False
6816,603.4447286995918,1.00923441794411,True
6817,547.7209793945804,0.964291772578393,True
6818,664.6719136809369,0.9908358311259848,True
6819,510.3855641496448,1.0255587721559745,True
6820,698.0824152059993,0.988613457116734,True
6821,720.1025450554912,0.9558057461379218,True
6822,898.0036274393434,0.987163048301305,True
6823,568.5447104623173,1.0716294022761912,True
6824,456.2071787786659,1.05429726182449,True
6825,508.7630579981646,1.0161302726175288,True
6826,112.83500428291703,1.2678630657665133,False
6827,194.5633743702845,1.5759024748385047,False
6828,861.6213393403234,0.9718745915440913,True
6829,193.59014846802125,0.9604950700547297,False
6830,952.2153534526128,1.0419776824316296,True
6831,157.12013045426545,0.9741192331103761,False
6832,753.5159625052149,0.9592006780836974,True
6833,814.7472588500635,1.0477187716371603,True
6834,918.6541462260127,1.028543428916596,True
6835,317.82945036825396,0.8987770638863455,True
6836,806.2708492012566,0.9754498527657657,True
6837,551.6690310688857,1.0743977169257024,True
6838,797.5563412506265,1.018579883698345,True
6839,944.7238894978309,0.9299653135055653,True
6840,224.97108012449854,1.1379846501842632,False
6841,381.9266234490603,1.011795957690218,True
6842,641.4399569605272,1.0264504538124772,True
6843,58.6521950816149,0.2993636888179404,False
6844,688.9840936162229,1.0211994780476568,True
6845,473.4203531647208,1.0233861156382358,True
6846,852.9584654735406,1.0228738675013027,True
6847,602.2567172763589,0.9994184501954163,True
6848,372.1686219471167,0.9170784888596906,True
6849,979.1579856993657,0.9147978956592016,True
6850,220.58366295137847,1.0358338230529807,False
6851,696.9907583071391,1.003504259806653,True
6852,462.7980124312041,0.975070570480255,True
6853,419.66517046453794,1.0150539399838232,True
6854,356.3016841010461,1.035849340191654,True
6855,690.503682506196,0.9697503537912517,True
6856,557.3516180587947,0.9275024955991893,True
6857,346.66690214675134,1.0134185111787672,True
6858,527.016297484708,1.055812363199107,True
6859,674.104135528022,1.0984451175156424,True
6860,702.1928265393955,0.9765744137166578,True
6861,231.60125567096458,1.024147735315997,False
6862,999.614443084452,0.9303060413404962,True
6863,594.3336505425788,1.0410743770307538,True
6864,842.2134345977057,0.9700204222554776,True
6865,932.3558566078981,0.9863810611685693,True
6866,58.080123887644945,1.0811009506812164,False
6867,702.2827842450714,0.9489720769436516,True
6868,964.9745355818382,1.053994804111652,True
6869,477.614318394448,0.9302037904720537,True
6870,276.82305576553836,0.9532668686144684,False
6871,417.26046306052524,1.075021113902259,True
6872,182.1346431642092,1.303455573158146,False
6873,965.2816620551948,1.0358898029860129,True
6874,620.8358072139908,1.0414753068636995,True
6875,291.5265795922747,1.2910818111391276,False
6876,112.82969374054777,1.1634911302222846,False
6877,219.06400847096643,0.7011410609361373,False
6878,773.2126869635251,1.0708657276732825,True
6879,241.98409189653506,1.319509083153961,False
6880,639.4305142407101,1.0454172439256473,True
6881,837.9172632704307,1.0422573384072815,True
6882,522.8426085266101,1.0312412885049982,True
6883,334.5065418133081,1.0197487019262683,True
6884,778.3497458360245,1.1162517633648814,True
6885,108.11393318633837,1.4180975154544362,False
6886,515.929884716488,0.9930435579773736,True
6887,503.7057515207891,1.071417220094332,True
6888,711.9798986088795,1.0618227409246035,True
6889,135.08367067744734,0.9707191719975375,False
6890,73.97687253163897,0.9618819740445917,False
6891,172.3628652242265,1.4356831456197152,False
6892,928.7011653146134,0.9574120232157847,True
6893,848.8673669179865,0.995781613349207,True
6894,752.3152924185889,1.0218462515355031,True
6895,467.6278139629559,1.020264774580833,True
6896,636.625098944046,1.0042544536586107,True
6897,371.6493077675311,1.0397981042363562,True
6898,373.4836372893407,0.9201987189566574,True
6899,140.3841468011986,1.38009193140919,False
6900,168.97841894601981,0.7304066677134315,False
6901,507.9988314223415,0.9498091245907779,True
6902,284.6356793711835,1.3013669365949267,False
6903,768.2297785654098,0.9906691070097485,True
6904,976.0955644883338,1.0641027412704076,True
6905,804.6706042792856,0.9356084899167673,True
6906,497.5152714992727,1.0058480173478297,True
6907,396.8479952602324,1.0445403750334448,True
6908,439.15092770735384,0.9850634834850756,True
6909,712.9557419900445,0.9710981594260792,True
6910,351.40920343586583,0.9968020690388394,True
6911,873.8513694873942,0.9946181264896263,True
6912,79.05097351111385,0.8465731192443555,False
6913,619.1593400501121,0.9022791750776908,True
6914,600.2945790062176,0.9777845424782491,True
6915,258.752617922809,1.5699431412098275,False
6916,293.8425160967105,0.9726803309309637,False
6917,883.050027320591,0.9532206848602593,True
6918,759.4093678511028,1.0313230047384034,True
6919,472.9058218062227,1.0371003043702456,True
6920,853.995658998442,1.095557709982962,True
6921,101.06787445175641,0.793941540286508,False
6922,855.3988106136359,1.0165937519252872,True
6923,257.42651183307714,1.3050048861552805,False
6924,948.6540440739365,0.9659897004039986,True
6925,383.62865741524286,0.9668520992220572,True
6926,345.4802958101189,1.009035716199454,True
6927,537.0088175146275,0.9528701706956767,True
6928,114.48195058256807,0.6598266000186898,False
6929,450.1403935987165,1.0520173357250404,True
6930,768.4974101172523,1.0322405414467803,True
6931,249.40434749011783,0.724545221970848,False
6932,826.225855317004,0.9946598439406624,True
6933,988.2112472022357,0.9948702580196052,True
6934,685.6492668077167,0.999471342977681,True
6935,505.7776666633955,0.929884972742699,True
6936,692.1604574084478,0.9732450629266289,True
6937,121.31329500312106,1.748158854358151,False
6938,297.9844440418158,1.2808806148134058,False
6939,343.3674414869053,0.9223733412354276,True
6940,510.0449563242457,0.997066795738123,True
6941,560.4919332578389,0.9106029063631489,True
6942,262.4332665150975,1.797026068736541,False
6943,536.1487961115276,1.0401239581475963,True
6944,139.85889999814825,1.1586086384522736,False
6945,874.2789312569734,0.9565488767286044,True
6946,911.235270817667,0.9909878297347661,True
6947,591.9077752528543,1.0148257422033402,True
6948,175.34077750581912,1.1431502716393593,False
6949,346.17509018123206,1.0798452213786127,True
6950,458.0021019224487,0.9604543355261808,True
6951,910.4630275925449,0.9692589134935774,True
6952,498.473519619186,0.9031398144051691,True
6953,216.04467435926688,1.226884145596377,False
6954,769.7713680413743,1.0009041831607113,True
6955,802.2988989988809,0.9566845123541654,True
6956,368.7796112917426,0.9028041140665314,True
6957,991.2924128933331,1.053501230735447,True
6958,973.4388107672462,1.0453775640975311,True
6959,162.0550653295906,1.0230170784618693,False
6960,464.08474431587905,0.9946656434547262,True
6961,698.3297307635523,1.0183661989830624,True
6962,193.01500485658116,1.155263090679896,False
6963,222.0074974133758,1.1322513415039681,False
6964,116.87117009565534,0.9058953387204076,False
6965,565.5607832219013,0.9722170288027201,True
6966,369.4827114591944,0.9784413211559331,True
6967,831.1097919103543,0.9538560144300803,True
6968,519.565276398092,1.0004064275810916,True
6969,754.6935718853778,0.9829876248600504,True
6970,791.5043495985966,0.928050109426658,True
6971,955.0276805974701,1.1057824711451139,True
6972,551.3066954067345,0.9303744452677,True
6973,970.989337222081,1.0128501788902098,True
6974,451.4193141449682,0.9653142155698891,True
6975,438.81315938461677,0.9635334127441,True
6976,371.6909072157216,0.9872153913257412,True
6977,692.8532709073376,1.0078750470561406,True
6978,327.96873476466743,0.9336572251897685,True
6979,413.92203390898015,0.9272170006032583,True
6980,856.1661819166534,0.9854448505647044,True
6981,231.92155662265938,0.99784317856545,False
6982,824.9116559319251,0.9869791861457871,True
6983,849.5175820335611,0.9304509014205433,True
6984,374.37478651933725,1.0322513242452305,True
6985,76.87997800374288,1.1487278519724007,False
6986,499.71649611307913,0.9868710383965776,True
6987,896.5291147803134,1.1218952999597933,True
6988,133.6297070928744,0.9566659448252288,False
6989,556.6533728419956,1.0042658659367902,True
6990,188.58540958472486,1.34847721782978,False
6991,724.4843047870539,0.9213643461734764,True
6992,935.8978815378644,0.9654884682961906,True
6993,339.41743152971844,0.9219689634572978,True
6994,516.1310032459653,1.014392011579392,True
6995,365.5556652829995,1.0034048726527498,True
6996,575.3391120853943,0.9909994786480488,True
6997,811.0552263264319,0.9938296247082904,True
6998,643.6301316026094,0.9509274543696952,True
6999,977.0731279772233,0.9310973493024672,True
7000,557.333338274758,0.934979789317433,True
7001,571.3441767034926,0.9973311430255685,True
7002,595.0963577061675,0.9673730241509461,True
7003,985.127747890163,0.984026850671949,True
7004,663.7341834251666,0.9796082218133685,True
7005,525.5720897681442,0.9791767623957338,True
7006,820.3058231366722,0.9586388769786839,True
7007,707.1606217452776,1.0411162362833368,True
7008,904.4097787711094,0.9518138754630572,True
7009,846.744100276988,0.96299899810837,True
7010,543.0698004642227,0.9528404638492003,True
7011,938.77179546126,1.0294670573238331,True
7012,819.4110049348616,1.052883634248501,True
7013,273.47456395471005,1.5272342295855226,False
7014,409.93883335259915,0.9877236976205006,True
7015,737.1780956137594,0.969493793383455,True
7016,453.4363560121206,0.9925767411472797,True
7017,806.3371931877485,0.9687231714087846,True
7018,74.19603339802784,0.847095793389381,False
7019,461.6243748595404,0.9969690443634858,True
7020,280.44462787522525,1.400852265038499,False
7021,225.55652418910094,1.1249788860127978,False
7022,596.9435757766842,0.9387485506937153,True
7023,476.4575647802626,0.9976133555437275,True
7024,766.5217600692705,1.0296721387502625,True
7025,696.4345299898538,1.0437238413810723,True
7026,62.46068611096051,0.9909412082903527,False
7027,318.178468218179,1.041254073592889,True
7028,629.1347808707205,1.0667317217198748,True
7029,278.06877227942175,1.3340319350031307,False
7030,104.2668362542989,1.4330921850827176,False
7031,975.3570860509627,0.9647034292606333,True
7032,260.91755439719134,1.6769341855050903,False
7033,566.2282815644546,0.9631555304842607,True
7034,490.2244062790572,1.0761336014329825,True
7035,470.2681378139918,0.9589465181476278,True
7036,957.2598353213639,0.9905757833596851,True
7037,244.30961706153346,1.0589175926000032,False
7038,996.8942938605155,0.9512510001410412,True
7039,68.22307633677241,1.4705324833190647,False
7040,114.72722989823828,1.3070170177132872,False
7041,462.76857145023644,1.0234552359362965,True
7042,210.81595240130687,1.6329333105811947,False
7043,980.6254548391867,1.040965194252302,True
7044,119.97141630762809,0.6317674177243422,False
7045,240.6239722051209,1.1439305256702101,False
7046,77.38738031397891,1.225680130475523,False
7047,391.7249683219258,1.0331439054424207,True
7048,152.70765311328216,1.2915842981853993,False
7049,180.16006555697052,0.8695776184306706,False
7050,793.3045908306027,1.0504797677637614,True
7051,709.7539477714664,1.022695165474548,True
7052,131.5098136874231,1.422286849948409,False
7053,783.7649273221715,1.059634472899258,True
7054,897.6892647930036,1.0188233318018272,True
7055,999.2070582291032,1.0333423166338573,True
7056,669.5307426365146,1.095834741978313,True
7057,268.72458284474146,1.4458397451423335,False
7058,724.6175524140892,1.029644971183415,True
7059,637.4086319406192,1.0707974490118115,True
7060,961.4567766367812,0.9618922739152305,True
7061,234.31730200585795,0.9101226396692985,False
7062,649.2236400723631,0.9553372646113636,True
7063,236.69272924951412,1.5252311867241508,False
7064,510.3820903103849,1.0663355921455884,True
7065,932.0314001322869,0.9510537611503728,True
7066,294.4544376864091,1.2457361470617865,False
7067,214.17065413742256,1.3480192468669687,False
7068,747.5049874524952,0.9342985561174022,True
7069,112.08616173110128,1.4442771986317127,False
7070,665.2569293761024,0.9911928524069247,True
7071,818.267714343025,0.9765485149765426,True
7072,852.9602535273451,0.9870546563595585,True
7073,145.63125455636043,0.7845777724366944,False
7074,208.72128913659682,0.5075163837984497,False
7075,370.14606081634435,1.0026960855596674,True
7076,914.3370125532314,1.1312795550752868,True
7077,72.25018395696131,1.2413333949297614,False
7078,510.18719906109294,1.0248494946811697,True
7079,908.23069841854,1.0957330414208006,True
7080,270.45213880966475,1.305378965596358,False
7081,418.02969947484826,0.9552516292843735,True
7082,984.1068882728431,0.929396369924802,True
7083,166.16802729029212,1.1604077649276892,False
7084,75.91467583204053,0.4362489586072674,False
7085,472.76158770695343,1.0346367085122974,True
7086,174.01682368967644,0.7542576654432456,False
7087,327.2443909412291,1.0073169680370242,True
7088,638.5152649971953,0.9747258352635165,True
7089,503.994319009656,0.9898507639162114,True
7090,824.4631536800259,1.0611201093230638,True
7091,120.45542782683276,1.0108055519577213,False
7092,570.1302072939744,0.970999607301835,True
7093,864.0837906489429,0.9675947652680399,True
7094,337.22724555129327,1.0314447987159816,True
7095,272.86239275847856,1.1497938067532196,False
7096,128.5190236583921,0.8831466130940415,False
7097,327.74056958035237,1.0255806375181584,True
7098,696.4149477653027,1.067154170277299,True
7099,561.229548933542,0.955426860148667,True
7100,546.142681826853,0.944095100890641,True
7101,555.2963979376751,0.9957198113293287,True
7102,684.7647122877421,1.078699259423218,True
7103,52.83166028987304,1.1382617638391028,False
7104,721.9518151730789,1.056444346236992,True
7105,241.51401012286135,0.806650437027735,False
7106,675.7024205031839,1.0019700694253137,True
7107,930.5500744901786,0.9899074127189891,True
7108,557.7703391981895,0.9501245662778893,True
7109,266.2040781127555,1.5108525127079113,False
7110,514.4732065442288,0.9653458359597982,True
7111,829.6393416133618,0.9714891827952666,True
7112,298.54219825523865,1.352800564437782,False
7113,380.27304526909523,0.9817818839940902,True
7114,530.68303629195,0.9893547692438912,True
7115,188.1732284075283,1.4528394764209427,False
7116,134.13413768464278,1.7151526698318464,False
7117,835.2165146075196,0.9779327911261669,True
7118,535.9463247546753,1.0494385130491946,True
7119,905.6801925669209,0.8836014199096982,True
7120,936.4442040150375,0.934993240469095,True
7121,161.24985069900805,1.4625880444519044,False
7122,842.3738983901203,0.9951516654741653,True
7123,219.92170656258457,1.1024963909588865,False
7124,195.09422209065994,1.205626753866637,False
7125,446.86707019899427,0.941326733230887,True
7126,500.2492341571177,0.9254509355478634,True
7127,689.2030370531231,1.0266098469182465,True
7128,637.6102552016839,0.9864992161631713,True
7129,644.9417797159231,1.056322344764898,True
7130,906.0972685131578,1.0078567798640121,True
7131,694.1454261408451,0.9805446330112857,True
7132,999.5990461490766,1.024598325083629,True
7133,293.3900064276954,1.1673974810237937,False
7134,696.5781276351556,1.0215108131549449,True
7135,319.0814692409365,1.0607088224107968,True
7136,163.30394867780046,1.5254201864670363,False
7137,494.6336945009085,1.01742412400623,True
7138,732.7626522307967,0.925488545648071,True
7139,935.4909085528881,0.9935485145361541,True
7140,243.43350385161062,0.9933511608392306,False
7141,901.7315561670869,1.0651981245982025,True
7142,314.52291295121825,1.067085618258548,True
7143,412.1798996496368,1.0364996738195313,True
7144,703.5292985196312,0.9419286428621858,True
7145,535.9505894956454,0.9529576166758045,True
7146,228.83112337651605,1.0556967274715383,False
7147,370.51289317620376,1.125444638882128,True
7148,645.4781757095141,1.0013515988121071,True
7149,877.4374884992792,1.0189912042645932,True
7150,400.0501573902224,0.9698670933900891,True
7151,230.8232812636736,1.1730188092269251,False
7152,548.6654318208168,0.9850635624397496,True
7153,473.0221686631331,0.9714956562132516,True
7154,883.6556371380301,1.0585263080333258,True
7155,433.47628104479736,0.9371503250530135,True
7156,989.3599717881883,1.0345996002975604,True
7157,910.5056915467846,0.9644412389445122,True
7158,92.20948362402784,1.061719444290469,False
7159,708.7687733219466,0.9787825420673065,True
7160,838.6369076015582,0.928334321792108,True
7161,736.584893889423,0.9975629477823263,True
7162,860.2587253912629,1.0039935639878763,True
7163,712.3827854806253,1.064769353936696,True
7164,686.3821939395085,1.0394838901985546,True
7165,758.1514550691231,0.9890497949789833,True
7166,889.929492573807,0.9589253533271422,True
7167,401.3236611439282,0.9595886085896783,True
7168,902.5985155768374,0.9836716241626932,True
7169,521.2741231842679,1.110328364196394,True
7170,730.9985429230829,0.9907530987166441,True
7171,188.81757631152053,1.6814836878114006,False
7172,318.0995710926942,1.0381423599137194,True
7173,365.95122618693136,0.9744973717938697,True
7174,662.4415654000562,1.0770064846718883,True
7175,768.230741528631,1.0575003737212827,True
7176,642.4180480913185,0.9721176185757129,True
7177,73.27499347729554,0.8854231070168349,False
7178,844.2697448167502,0.9270771016943659,True
7179,292.6601268399467,1.2058638486724824,False
7180,439.8007894447333,1.0101070445789413,True
7181,809.0804590490479,1.062234065421984,True
7182,520.6290397863881,0.9679039076420412,True
7183,871.63879512008,1.0186756231816418,True
7184,369.4135945059936,1.0386333472592795,True
7185,105.81285263485188,1.5469206312646184,False
7186,710.4861358474528,1.038587508604257,True
7187,621.9764520002441,1.034940446052437,True
7188,460.7947081772146,0.9866957049018901,True
7189,536.3699818029726,1.019675337454477,True
7190,191.15843823659,1.1329542744116385,False
7191,137.87318925338826,1.386473609323619,False
7192,110.60263147654481,0.9381232893200304,False
7193,577.3434148813708,0.9820811827069195,True
7194,443.4076770482952,0.9935598008932054,True
7195,515.4971937611583,0.9959238371165722,True
7196,539.8214119721372,1.0178338114402985,True
7197,462.01503595857224,1.002964817538545,True
7198,466.2563612670704,0.9318422991898296,True
7199,398.63918056054035,1.015190697160671,True
7200,621.6090408385223,1.081417826423366,True
7201,307.8289291946234,0.9468712889010497,True
7202,421.2410332069782,0.9901949755573236,True
7203,619.3631340210857,0.9604299480741427,True
7204,114.90510269318881,1.3889041813680674,False
7205,888.6694078903625,0.9935658960731245,True
7206,304.9681139225087,1.0873486993368662,True
7207,383.8392534160459,0.9786174666048095,True
7208,373.06315286921307,0.9762782287288078,True
7209,146.92016243145457,1.2958873175532288,False
7210,417.7301079478705,1.0987094655778689,True
7211,371.0661783273371,1.045827323157328,True
7212,607.9877045899226,0.9817595748848548,True
7213,963.8026526825704,0.9900355269831461,True
7214,735.3811383497432,1.060654658744307,True
7215,597.949365545858,0.8849118376268286,True
7216,89.62302389538286,1.5217937490812576,False
7217,608.8036706525276,0.9776952834099778,True
7218,401.398831176173,1.0494072961664012,True
7219,739.3328027874309,1.0230902721687434,True
7220,232.19016745752415,1.2617610872647862,False
7221,587.4178748815324,1.0162373365055237,True
7222,334.56660791811504,1.009897622561047,True
7223,261.0074312924776,1.9273115613682767,False
7224,324.91568570950005,1.0283668678579474,True
7225,118.33737806615852,1.446366796553481,False
7226,145.0423269365993,1.3399602652495386,False
7227,230.24827671217133,1.0118310138752145,False
7228,528.9206541671153,1.0696761129078358,True
7229,341.3536120461521,0.9705497744160116,True
7230,758.5725094181778,0.9567893256534962,True
7231,610.5918761476872,1.0000280889956967,True
7232,836.2931942877716,1.0714541437627436,True
7233,544.3236113552048,1.0397965887666931,True
7234,122.75208168250164,0.5130279365693741,False
7235,945.1473990688382,1.0274782198174437,True
7236,374.79025147187684,0.9567032256526761,True
7237,827.0932514461643,0.9971511548874807,True
7238,810.136060925254,1.078768163668861,True
7239,372.07064119707206,1.0235510535969712,True
7240,722.2214642834876,1.0222882001199385,True
7241,52.46953037496061,1.1503252005191444,False
7242,967.6297163621796,0.9989692137072861,True
7243,544.3991761955704,1.002730763073406,True
7244,769.1172234736638,1.01108259182623,True
7245,494.47479036782596,0.9913778534923475,True
7246,511.01485326317896,0.9518984528704274,True
7247,915.2640876204321,0.9296399476965637,True
7248,601.6155129123865,0.9391796930432939,True
7249,978.5594167983736,0.990572642098828,True
7250,363.03666448011927,0.9645798600598177,True
7251,635.9478158374848,0.9368348791032284,True
7252,665.8063817868361,0.9559778811022849,True
7253,606.0629732454842,1.1132162490746431,True
7254,461.93521003126307,1.0241002328173041,True
7255,506.9882204417705,1.065546648537573,True
7256,236.22600259951787,1.6023685031747963,False
7257,393.42520688344024,0.9746926558512984,True
7258,902.2260230987056,1.0301763478835262,True
7259,607.9120738590045,1.0815141489724063,True
7260,804.6283754396238,0.9874020166089179,True
7261,67.56466693953116,1.1492951740162403,False
7262,667.3514548136626,1.001741845706314,True
7263,389.1990251043522,1.0269384391928946,True
7264,752.7859484791692,1.008773972553452,True
7265,300.8235141253713,0.9655019678831798,True
7266,228.49042387169467,1.684013851816927,False
7267,326.5514985550385,0.9596382231995519,True
7268,905.7257548429236,1.0525303477608114,True
7269,542.1665150862341,1.0386863814416474,True
7270,776.829217600023,1.0213697937907895,True
7271,392.2902554659309,0.9542973721081385,True
7272,774.6563847204835,0.9721899961781174,True
7273,773.1069513190813,1.100371983189718,True
7274,488.5915758602943,0.964944726610554,True
7275,346.19100229023843,1.0013856844649942,True
7276,804.7357429600195,0.930828532253261,True
7277,606.1468239076008,1.0251388024597416,True
7278,630.7984022586954,1.0734493541111811,True
7279,53.18652905698294,1.7073842686653533,False
7280,380.8350807936534,1.0087135270010825,True
7281,155.44747014521988,1.561434942983558,False
7282,614.9991078375881,0.9572827392835902,True
7283,178.48691159110015,1.2046057512590624,False
7284,236.47208077593126,1.255137447501893,False
7285,791.1017264109757,1.0435900177881146,True
7286,115.70704830722882,0.39030469353355157,False
7287,395.82362097983935,0.9333902041285695,True
7288,431.9554959072049,0.9647389997175587,True
7289,115.21537692614872,0.4130437194834464,False
7290,343.7653627018041,1.0607193490878055,True
7291,300.452713902001,1.015117520420306,True
7292,548.780809780493,1.0128355501975714,True
7293,277.6408865145445,1.252070630803916,False
7294,338.666029274484,0.9146489246021937,True
7295,973.7840522485108,0.9554470514608682,True
7296,449.95986960351826,0.9452596884051724,True
7297,339.2510040924564,0.9611269451157602,True
7298,303.55172928372315,1.074634999829562,True
7299,860.8519291834263,1.0940011324933518,True
7300,939.7727099403354,1.0967294043055318,True
7301,745.7936848733044,0.9883777109849987,True
7302,174.4769475038181,1.3424257017930321,False
7303,156.8775739279265,1.0001718733505693,False
7304,74.34423090347514,1.2969706536400523,False
7305,861.5113015139548,1.063688080138629,True
7306,328.40741764549085,1.1152374738286321,True
7307,944.5203276134376,1.0316280983475834,True
7308,626.258690987683,0.9739492945346674,True
7309,984.4226754693404,1.037466560770241,True
7310,119.5963195011141,1.5446187645920424,False
7311,531.897824876788,1.0147474916107357,True
7312,467.8389087048959,0.9753995957029941,True
7313,766.1313867145641,1.01749797882193,True
7314,742.7898476945783,0.8906787047150786,True
7315,766.7027479158321,1.0290550907782885,True
7316,847.1683364412106,1.0299772528244016,True
7317,447.74967485990135,1.0401779282648895,True
7318,771.1212606904938,1.093542844920937,True
7319,502.7927910790558,0.9322983265959438,True
7320,138.255567106294,1.2125832605914408,False
7321,78.56216212012032,1.1500013565011171,False
7322,832.3631323521942,0.9708684115417673,True
7323,827.7171072880614,1.0738060174595545,True
7324,555.0924052746707,0.9584175709115627,True
7325,571.4514485270812,1.0418990821044454,True
7326,147.02116237259074,1.5422892790697245,False
7327,641.6015113149753,0.9652117760339802,True
7328,234.95121868244226,0.681032753403888,False
7329,721.5607594815259,0.9832490236640091,True
7330,480.8762103986469,1.1184397746003758,True
7331,839.7235471142495,1.0408928086144893,True
7332,986.1626191633084,1.0662169505696617,True
7333,608.4319203989395,1.033603352571668,True
7334,102.37245557081664,1.9395012461591343,False
7335,839.2923389352169,0.9996516683737405,True
7336,826.5828592417473,0.9667642544981903,True
7337,526.8331015710452,0.9024424318126698,True
7338,881.7223067398658,0.9444625256574976,True
7339,828.8280182293239,0.9779070755775867,True
7340,318.19181164774744,1.0144834373012475,True
7341,715.0531546502954,0.9965967737776416,True
7342,743.532783942708,1.0785930251731566,True
7343,971.9899062466269,0.9695051082271152,True
7344,712.9757679591971,0.929660565610699,True
7345,229.21103239670848,0.8723052730272522,False
7346,500.5319944901427,1.0173018829156875,True
7347,151.01694893388344,1.1186893161035771,False
7348,954.546698518044,0.858127753351437,True
7349,931.058737933037,0.8929322910533287,True
7350,632.3041478115041,0.9241600344022283,True
7351,919.3260571429223,1.0329260249059877,True
7352,305.09858855134667,1.0457352535317692,True
7353,435.5144996794216,0.9846390100506603,True
7354,745.2587154098159,0.942939702885279,True
7355,850.9459487537785,0.9467396491419651,True
7356,270.68007775196514,1.0812391871661806,False
7357,925.6362289577434,1.0299015553113124,True
7358,630.1434707218946,1.088385324743572,True
7359,837.5555939037241,1.027443071959458,True
7360,298.6257458076108,1.1327286972161463,False
7361,108.45676313476552,1.4482915113208268,False
7362,277.1926897604112,1.1091116641153365,False
7363,579.9236768771203,0.9704075475099894,True
7364,144.68473202528656,0.5579788641496696,False
7365,923.679633471705,1.0025793581185676,True
7366,550.9737697617633,0.9794088361943918,True
7367,612.9500412664578,1.0654138800347597,True
7368,979.5030900952895,1.044103022674465,True
7369,279.979952355049,1.4249799003940213,False
7370,508.46909020525254,0.9925519505627957,True
7371,892.2422884407591,0.9458130741269923,True
7372,102.2075500153783,1.6870663914499915,False
7373,877.7516537541062,0.9906551519549619,True
7374,351.5546351074162,0.9666704978373506,True
7375,282.50239862085385,1.0066089576635933,False
7376,368.6050829031136,0.9717636308585041,True
7377,895.2086622898053,1.0444404723125786,True
7378,736.6322166625974,0.969641121353837,True
7379,413.3641373276227,1.0971875535780196,True
7380,474.5068767843823,0.9677051471611596,True
7381,917.3343645154677,0.9527914999026204,True
7382,407.21744022984217,1.0368764883787662,True
7383,217.01437168565494,1.507037816547797,False
7384,984.8624840319305,0.9713362427365361,True
7385,883.3380095368075,1.0072429649549322,True
7386,556.2919038610555,1.000652321390051,True
7387,781.1977784180046,0.9361780424082864,True
7388,911.7637546579897,0.9260458169149705,True
7389,959.0342066957429,1.0105698300437072,True
7390,718.5995690015097,1.0430352034479142,True
7391,623.3365096089066,1.0147605300841047,True
7392,117.34105578295649,0.9614972429315988,False
7393,578.5626973438335,0.992820800656885,True
7394,140.51627782674927,1.1254374554487276,False
7395,717.9914505621077,0.9958709376978545,True
7396,207.63101710276936,1.2457977726475995,False
7397,702.8454577544551,1.0022465334214137,True
7398,382.2815832946689,0.9631447460853335,True
7399,735.8099852380002,0.9610488949768626,True
7400,740.5304915635306,0.9411635928631491,True
7401,239.7094299170467,1.3417945272911118,False
7402,442.5951904501651,0.9548710987898369,True
7403,221.16568608687888,0.9709900833600977,False
7404,604.0879867820956,1.019453005508943,True
7405,718.624529448122,1.0023885934395804,True
7406,481.19117395124096,1.0634649769486648,True
7407,425.3114469777903,1.0367078494438804,True
7408,791.9157446684275,1.0215429876216375,True
7409,575.1945699093109,0.9925782823615829,True
7410,607.5853570466278,0.9665126677898261,True
7411,779.9885686071927,1.0479572510028397,True
7412,395.9571752239941,0.9125542542383811,True
7413,263.78094441667656,1.0821377480023293,False
7414,980.5231414998278,1.0122858325748918,True
7415,688.3883460006888,1.049235126343741,True
7416,595.7212602404487,0.9556492744754483,True
7417,665.1062338189993,1.072205397190094,True
7418,123.71718032700436,1.0568044830116095,False
7419,761.1977842378863,1.0359536253447645,True
7420,338.89390647669086,1.0476607522928039,True
7421,237.16074101713693,1.4617482243680204,False
7422,674.3611113961898,1.0792596169858704,True
7423,777.5317958055335,0.9892668601280573,True
7424,74.70195225043715,1.089287964127357,False
7425,969.4190428976714,0.9461302668983118,True
7426,94.57221287449065,1.0531785527837116,False
7427,455.3563200593748,1.0590189299620067,True
7428,278.2891019023323,1.2192996162427123,False
7429,264.7266608506702,0.893360912082256,False
7430,155.5720736083262,1.0741903846839402,False
7431,406.05558638958416,0.9838501495059108,True
7432,151.06523510541348,0.7686561932815568,False
7433,321.77492521601664,0.9408734357758879,True
7434,952.1888734629616,0.976982917910686,True
7435,92.83160420353065,1.5019144968108877,False
7436,747.5245197963577,1.0988685789619244,True
7437,142.7544547710395,1.3748330013890122,False
7438,996.0545460479477,1.0521588295845519,True
7439,464.80075354052946,0.9573493207483151,True
7440,470.5984617658183,1.0651971734611376,True
7441,951.2897942746381,1.002425192814103,True
7442,224.9610785645393,1.1150538542984043,False
7443,756.7504995641115,0.993254394961047,True
7444,201.01798972516067,0.8907170691060056,False
7445,303.983650227317,0.959562944895983,True
7446,996.4507232408289,0.9544704853451469,True
7447,902.7335760573972,1.072955297963834,True
7448,192.5222499302001,1.35467497153318,False
7449,54.12563423122306,1.2814665328450754,False
7450,535.1868802769811,0.9584374182539702,True
7451,141.34646215385453,0.9750664047199222,False
7452,952.6142939626416,1.0283014479612997,True
7453,531.7408378357297,0.9688684439475321,True
7454,705.7803991283025,1.0081044850229384,True
7455,486.8548816181826,1.0750376351432762,True
7456,857.2546243100833,0.9625619823559064,True
7457,845.5221674354433,1.0476826167682254,True
7458,930.5664560472803,1.0361375004563558,True
7459,840.9489742541014,0.969943145819202,True
7460,631.2354330712643,0.9617508979159787,True
7461,155.41405719044926,1.4625589451572503,False
7462,804.5785036949129,1.0654138954166419,True
7463,839.2861121279589,0.9034188073470064,True
7464,804.6637846204851,1.0036961948222585,True
7465,936.7041442539332,1.0109992141746937,True
7466,852.2975218317282,0.9611932165467644,True
7467,254.36231499857118,1.1089617444821367,False
7468,897.8227725453668,1.0231926747863211,True
7469,992.5301127400577,1.0516214832507045,True
7470,822.3237284090072,0.9006654115936645,True
7471,120.72068555858331,1.5227721332965674,False
7472,296.60226868193024,1.5703998957348175,False
7473,914.7922718726169,1.040091278612898,True
7474,309.86538499699424,1.0154903014623848,True
7475,916.7313899072362,0.9467427743681445,True
7476,443.55644428580035,1.0320605234924065,True
7477,689.71419297081,1.0398104401017132,True
7478,629.270242740472,0.9527479158974467,True
7479,845.940017755401,1.035233350655155,True
7480,775.0000272524469,1.0601768678886085,True
7481,626.6865475752116,1.077281523434532,True
7482,440.54872306412574,1.002002751725889,True
7483,861.3947110201865,0.98972938717133,True
7484,845.1749227260178,1.0351823243117402,True
7485,849.9761420087042,1.052537241879586,True
7486,250.18906751752635,0.9974898045419924,False
7487,944.9047971847594,1.027808000296171,True
7488,322.99713194168635,1.0234458221412168,True
7489,295.7266913334552,1.2826140975694582,False
7490,147.8006459588554,0.657430570548093,False
7491,856.6176084539113,0.9640891380069301,True
7492,686.4047483611578,1.0360820244608049,True
7493,293.6851249238016,1.2084110694075174,False
7494,782.4824325110397,1.0188248132139026,True
7495,831.3317902239,0.9327762018165221,True
7496,779.4459670053086,1.0126608721472654,True
7497,502.9620845026163,1.069363946041736,True
7498,54.856972604974764,1.621452048242934,False
7499,928.8840600159266,1.0153713635626027,True
7500,568.4893161603537,1.0182091935578923,True
7501,254.4076326472848,1.082368442146643,False
7502,960.3991876929636,1.0231177554347461,True
7503,735.3440967213356,0.9860159625440349,True
7504,102.00338854787127,1.5327432478525918,False
7505,208.51780255531693,1.558696720432391,False
7506,787.9776476571247,1.0182464854162585,True
7507,696.2722442829298,1.1214611820475915,True
7508,511.7705873187273,1.0691923366775646,True
7509,540.4394896565129,0.9510758373485105,True
7510,710.1602897104524,0.9579239157655638,True
7511,136.48433054021336,1.2506321313058943,False
7512,880.8715386251415,1.0105132769426273,True
7513,832.9699679719886,1.0044918814695158,True
7514,938.3361550097205,1.0603790047675936,True
7515,934.6919614285564,1.0610882283905647,True
7516,506.6756157254209,0.9400014190989009,True
7517,527.5441450827686,0.9103827754917094,True
7518,683.0989394691084,1.0710112228254642,True
7519,810.221504440568,1.0183096879687001,True
7520,513.2843559470691,0.9558610935866931,True
7521,143.70159220149566,0.9773370953492029,False
7522,732.9560875519469,0.9263467330246711,True
7523,244.46166434861303,1.3711148522803622,False
7524,516.3003593981223,0.9921374334433932,True
7525,665.7066091460025,1.0434304369008387,True
7526,920.3941133675486,1.0018574983911996,True
7527,124.86350753706427,1.1774819387469668,False
7528,448.42129265549454,1.0554841097700356,True
7529,795.1125114495604,1.0471362628344778,True
7530,800.0785117494502,1.0105093914108811,True
7531,937.4857521254581,1.1118716513339133,True
7532,742.9312433242791,1.0396797619605052,True
7533,76.28341943636343,1.3769013128123588,False
7534,871.4045716822801,1.0105142071710032,True
7535,329.79010612629395,0.9419535578466842,True
7536,795.9937004968245,1.0153237820502632,True
7537,759.9804428296901,1.0514981426921426,True
7538,884.1945842971047,0.9894223795323251,True
7539,258.0387650479434,1.1090565666970837,False
7540,265.46813898214583,1.652378630407345,False
7541,233.63752097819878,1.4524695420397098,False
7542,589.4410303469755,0.9570285025008598,True
7543,163.28163426728804,1.2908560562470568,False
7544,220.81876393174707,1.3425022976287424,False
7545,781.7615519226114,0.9727312296322195,True
7546,300.97415951812616,0.9281608305944142,True
7547,53.17332137461195,0.522761993411496,False
7548,343.6909024323907,1.0170119687850343,True
7549,681.8041151745227,0.9892188215734451,True
7550,758.3844438795047,0.9705339005443031,True
7551,776.8976250552884,1.0314626818232318,True
7552,801.3325226825636,1.065956856574245,True
7553,710.3777440993507,0.9617837350321418,True
7554,524.9094823360923,0.954551234915584,True
7555,247.5918487299804,1.0290929918066272,False
7556,478.7517874067184,1.0213709709363914,True
7557,118.29061038289205,1.6647114391834044,False
7558,619.2286776604344,1.0569386135401473,True
7559,465.54738647005615,0.9543501512288182,True
7560,653.4073672142737,1.0025605772459407,True
7561,128.12742326218074,0.9975555733822705,False
7562,658.5332706452313,1.0379877924919243,True
7563,947.4275877147164,0.9170874784263319,True
7564,198.56917285601082,1.1177350605439802,False
7565,755.1491163868195,0.8738908895935942,True
7566,672.8572342487779,1.0332670326367417,True
7567,838.8580193756351,0.9463215306215427,True
7568,208.24993874969257,0.8484329058355873,False
7569,663.394580709254,0.985314608309914,True
7570,570.3331737817116,0.9970665726522905,True
7571,175.0528143152207,0.6370908191732582,False
7572,992.4583237885263,1.0636034091614277,True
7573,824.8749911580343,0.9649226503869937,True
7574,494.16583592513484,0.9429713159664365,True
7575,831.5575655790019,0.9620635390467394,True
7576,155.27057755858127,1.1107960419748244,False
7577,538.3081078764706,0.8695886954950398,True
7578,586.2057236111464,1.0369049438002393,True
7579,63.39494442302341,1.1530180068521554,False
7580,263.4636412682912,1.0992482531572714,False
7581,866.0387972184014,0.9747072583411913,True
7582,478.8536581962441,1.007598059370841,True
7583,495.0849768295904,1.0623791602603667,True
7584,602.8162027334238,0.9146211543159432,True
7585,468.2270316995033,0.9032033705579394,True
7586,402.4473202488376,0.982812956595438,True
7587,823.0379960771157,1.0555157963518498,True
7588,803.4193830163715,1.0719561625503278,True
7589,967.119446122955,0.939016519831809,True
7590,923.102425548068,0.9500950845596191,True
7591,494.3994765629092,0.9583175003435448,True
7592,521.7077591042721,0.9714561465708965,True
7593,129.6406541218949,1.0746615802666308,False
7594,143.15055845697174,1.8741998863201943,False
7595,955.6170324616618,1.0764267484015866,True
7596,534.1095591232462,1.0608806019080654,True
7597,222.80884480686188,0.588476435982578,False
7598,675.2220013739209,1.010847255840856,True
7599,583.4447570098937,0.9507461303074114,True
7600,229.13011250744546,1.162454504887069,False
7601,215.84617001470798,0.9903711346625104,False
7602,126.61604937420637,0.7263168778565793,False
7603,208.24664522838054,0.9223053610714036,False
7604,994.0900169276501,0.9646636200989918,True
7605,717.4043553071405,1.0379886987363043,True
7606,576.9027313636411,1.0166574953831777,True
7607,728.8408996199431,0.933402112466624,True
7608,643.9579799179693,0.9894701917733121,True
7609,797.5208781498143,0.9255692536115812,True
7610,350.2635017369189,0.9683530073201765,True
7611,699.0465041215101,0.9760018986639483,True
7612,509.844676721589,1.0406225359427521,True
7613,262.22297863533345,1.2172800517034967,False
7614,52.237981504458666,1.1008285536706763,False
7615,436.4730787925557,0.9763843853899619,True
7616,269.61522993957925,1.2645048150959655,False
7617,126.0594187068848,1.9727932844361378,False
7618,618.110061914661,1.0511798433370194,True
7619,278.5660148238379,1.3224124727861333,False
7620,170.87401770238364,1.4336054836665308,False
7621,64.76400396539819,-0.08806278439702675,False
7622,229.79060247705863,0.3410579990224478,False
7623,816.5499639710819,1.0453488294249014,True
7624,741.2621332343225,1.0319283324113302,True
7625,151.72660142171856,1.010879606311549,False
7626,891.5800978128831,1.0425650609131467,True
7627,584.1044451448615,0.9676981027135244,True
7628,79.68611531591185,1.5097274391613893,False
7629,64.71687615106819,1.3285394802747892,False
7630,553.2505129680441,0.9371578596177139,True
7631,942.3549780025432,0.9775714657492726,True
7632,666.1211876803127,0.97288901641087,True
7633,59.0944964721867,0.572876805358018,False
7634,704.3146953218804,0.9863213058710111,True
7635,118.34387892422252,1.2060301216745843,False
7636,569.976194728377,1.0084458723045562,True
7637,475.61274723464845,1.0566072101243997,True
7638,763.9007554479076,1.0583124420869618,True
7639,418.258398421218,0.9419869581132535,True
7640,468.52414213063577,0.9646275869625585,True
7641,261.1442181404911,1.1237441432406063,False
7642,833.5353034411567,0.9956506682292242,True
7643,243.30696052813627,1.5929800679793669,False
7644,820.9611658304542,0.9363053416485444,True
7645,933.8450956084956,1.0244736617342212,True
7646,458.52257162965043,1.0625527078549628,True
7647,707.0365148954751,0.9848987162092879,True
7648,349.60146135052946,1.0019702181101704,True
7649,493.0183431077811,1.0170160207747145,True
7650,480.0789619675343,1.005025325396922,True
7651,904.5015944243833,1.0660342317965426,True
7652,262.2153389700094,1.3777408367068444,False
7653,146.17191788658326,1.429923654800394,False
7654,922.6776964561413,0.9818738524148357,True
7655,825.8160647980841,1.006328958766757,True
7656,155.60467096009856,1.3178447563478926,False
7657,371.2365624854458,0.9659018794258292,True
7658,414.4228434272309,1.0208887163737557,True
7659,399.3016707938695,1.0247252477229905,True
7660,450.4011742815881,1.0424233075163256,True
7661,689.579848929645,0.972474999020595,True
7662,399.45087924102114,1.044200823575477,True
7663,439.11264575501616,0.9623845014071714,True
7664,280.20979449323056,1.4497797207270329,False
7665,380.59715365049175,1.0101741391156636,True
7666,230.05279357522738,0.6723919418362324,False
7667,180.20099515436857,1.1369221962295477,False
7668,815.8248796821359,1.0042333593007913,True
7669,446.66264248628164,1.1065462001364903,True
7670,395.50954530194366,1.067572092886474,True
7671,53.904164023107896,0.7878349796799157,False
7672,435.68699909119914,1.0102861820510292,True
7673,412.18339724505046,1.0310545323729423,True
7674,197.83502648941666,1.9136264259576914,False
7675,280.8188781340957,1.1263793308406362,False
7676,851.5278784276595,1.0522906760224595,True
7677,440.3602770988378,1.0315647869904667,True
7678,516.8536943932743,0.9916113699420185,True
7679,901.3249302211591,1.0321998172853277,True
7680,365.58208154376285,0.8898993721621414,True
7681,826.659888713368,1.0172176474668768,True
7682,941.9556682572247,1.0040226185522225,True
7683,763.4452446636211,1.081654885941831,True
7684,742.9648129063439,1.0285587570673904,True
7685,788.1852597022461,0.9603774825465856,True
7686,735.6253712617234,1.0940865693872,True
7687,395.39917629542094,1.0685521205812063,True
7688,494.94805732914625,1.0205680308872054,True
7689,617.5479528378019,1.0264516222043276,True
7690,418.4763772414814,0.9652235446370192,True
7691,328.8997669481127,0.9919258097194633,True
7692,401.1182578675287,1.0155637202670411,True
7693,415.50448305577345,1.1342410607017093,True
7694,226.02951031818498,1.081777313111532,False
7695,848.5599695050919,1.0645716623308066,True
7696,528.8623821408845,0.9327596628358636,True
7697,816.7386136918328,1.00611303423918,True
7698,575.3303170201821,1.0502022939274243,True
7699,827.9848626973923,1.0155058992644408,True
7700,871.6399872386509,1.0562643662150755,True
7701,302.6910808332634,0.9653823437463189,True
7702,579.1381052065765,1.0141581259613048,True
7703,754.6111666536392,0.9783585687328791,True
7704,716.1783058062781,1.0195645136688785,True
7705,369.9674920790895,0.9180763005841557,True
7706,558.9542079588368,0.9540657321836823,True
7707,528.6741879501177,0.8863439124719048,True
7708,631.0989573474814,0.9700931525578737,True
7709,554.4683958389098,0.9443070066378396,True
7710,365.342985145132,1.0382177256130407,True
7711,411.0885109786352,0.9325659931588272,True
7712,437.2106483410423,0.9703215588961276,True
7713,850.1359487852584,1.0071016065637308,True
7714,212.73862740800863,0.9504982188914335,False
7715,434.20590575259354,0.9259466781204783,True
7716,90.82280198204947,1.2842048860947117,False
7717,721.765294386055,0.9240310569459833,True
7718,230.71390610010275,1.1557463966125054,False
7719,730.2390775913112,0.9759500076395208,True
7720,615.832701818167,1.0316859033151229,True
7721,144.75386950667905,0.8121388635066498,False
7722,570.3859043464065,0.9512579345813649,True
7723,879.9010243731395,0.9598624186317499,True
7724,930.0082868790876,0.983199113135647,True
7725,99.76880556318505,1.400572777329427,False
7726,598.7920405015807,0.9640012091758509,True
7727,416.2708814029321,0.9682120525159823,True
7728,616.2784708841785,0.994647697805864,True
7729,533.9253495410155,1.0529866478049563,True
7730,976.2060248014126,0.9611826742319153,True
7731,875.277265049732,1.0293964470011239,True
7732,637.348715769472,1.0537200521347132,True
7733,549.6936113639849,0.955870980829297,True
7734,643.3461632458135,1.0272120003498553,True
7735,572.8186316219469,1.046028200802737,True
7736,851.2178455141542,1.0242454623635524,True
7737,261.4218771769274,1.3540073383135272,False
7738,942.3497877620916,0.9396238920105057,True
7739,134.67832824729444,0.4539001187892101,False
7740,539.7189401806374,1.0156142646312545,True
7741,937.8974198986622,1.003194940163233,True
7742,945.8136552882197,0.9792134331557468,True
7743,202.55898902729797,1.294912912175949,False
7744,51.97549198424834,1.3485018787788912,False
7745,601.2801958547135,0.9334809762125866,True
7746,439.32119325671897,1.0026647887037068,True
7747,619.7223541087176,0.9510041730597644,True
7748,591.9315766885088,1.0159070469417841,True
7749,271.66985785475777,1.4411752201011532,False
7750,934.2529014242142,1.0030959575717844,True
7751,147.6405652424919,0.8962913162158946,False
7752,204.2302979974048,1.3656245401215032,False
7753,429.1639224571257,0.9574323117101453,True
7754,757.0526711184318,1.0507098705389775,True
7755,174.15655891697355,1.106702255415139,False
7756,143.7538416543195,0.86512086669221,False
7757,570.7202559699716,1.050761695222681,True
7758,173.70345433871734,0.7656560180202194,False
7759,766.7490293218691,1.0292022872947306,True
7760,614.4516392640762,0.9975279029724713,True
7761,404.88044707535295,1.0359394838311817,True
7762,774.3090395197927,0.9828894927550113,True
7763,480.2034633110586,0.9972941106307043,True
7764,283.83477873296476,0.998410955310876,False
7765,609.9950021021846,1.0251405651525247,True
7766,737.7441917893198,1.019998304416006,True
7767,782.2391849994746,0.9676125614757929,True
7768,530.5516594296026,0.9721826647708975,True
7769,92.53687163703218,1.491929219814191,False
7770,399.91095647100883,0.9825501081513869,True
7771,803.716398910737,1.0528357880019192,True
7772,650.6710805606782,1.0047472657242271,True
7773,570.8891218053698,1.1010357645796498,True
7774,878.8263943767494,1.0755711369536534,True
7775,177.99789351351578,1.6646566344809202,False
7776,124.3359743616007,1.4335883385918482,False
7777,987.3048297364217,0.9742346890934683,True
7778,925.8569815474984,0.9789712713524638,True
7779,434.41591842664184,1.1358312869670073,True
7780,799.1284097289425,1.100227654928446,True
7781,164.50577488283804,1.2474589297346435,False
7782,85.99661408023023,0.9973198406715335,False
7783,135.3744610390402,0.7782844794604029,False
7784,929.0559553053464,0.9500543601139717,True
7785,913.8993933993073,0.9654368839779596,True
7786,787.3419689546989,0.9799218401117393,True
7787,172.15190658472676,1.7713051180977035,False
7788,524.6178949439875,0.9976069255987223,True
7789,945.2886463831825,0.9833812987674461,True
7790,811.3846681603686,0.9931847239297588,True
7791,126.63558502110983,1.4332429279780747,False
7792,729.2591496478174,0.9800776268849878,True
7793,299.29596894313295,1.4580999709817657,False
7794,988.3969088807067,1.0286759305698219,True
7795,171.94641004678328,1.4144003937077425,False
7796,244.84512934392438,0.9273761035500045,False
7797,665.832090462305,1.0348001049284525,True
7798,875.8705041120497,0.9699033145058118,True
7799,395.4223093412475,1.0081474223264473,True
7800,798.0439473786112,0.9160454279412709,True
7801,231.81507778240663,0.7043308575052427,False
7802,601.4916441991289,1.0159874625435892,True
7803,188.0581152058023,1.107736047702582,False
7804,524.6590659929014,1.012642074016298,True
7805,211.2329565795984,1.4482687954256235,False
7806,425.6127491172072,0.9365891471685612,True
7807,447.21387175409257,1.0018780365909141,True
7808,177.51303915936822,0.7343916972371376,False
7809,877.9962655194872,0.9487395531172358,True
7810,694.7907585650651,1.0780254320865386,True
7811,916.029365443003,0.9662878797755821,True
7812,422.4287264734412,1.0663011151000947,True
7813,897.3294200170101,0.9781652469152281,True
7814,167.0970736098902,0.8623297340530187,False
7815,346.5065506992024,1.0251018350222396,True
7816,951.4689532171324,1.0010520839279562,True
7817,576.9259886064985,0.9537548490228122,True
7818,120.78841083993443,0.6922788849523023,False
7819,837.7134683240942,0.9936676780630487,True
7820,716.6111545939583,0.9930839198406761,True
7821,688.3690807281091,1.1130120709536453,True
7822,558.3603136213942,0.9853742926426143,True
7823,163.66794268398985,1.5874599743863997,False
7824,787.7509778028548,1.0108271005858172,True
7825,462.39894772172073,1.036389754805948,True
7826,704.5875829150807,1.0195951441498805,True
7827,830.4262679811965,0.8935708627480499,True
7828,171.82700483320278,1.1689926132027062,False
7829,682.5238692776035,1.0318466155469754,True
7830,516.8582550866277,0.9801406307501204,True
7831,366.74975254919656,1.0328790608509886,True
7832,765.7161901142291,1.1059008446725733,True
7833,642.8966252138349,0.9168866979562366,True
7834,64.5285327371239,1.6758865236171556,False
7835,647.1441417548814,0.9340713232268413,True
7836,200.13972260246794,1.5264298822745948,False
7837,650.6627713833577,1.0125697706391539,True
7838,455.14863847909714,1.0357899140677271,True
7839,431.6762223706162,1.0020691104447736,True
7840,710.1330055345328,0.9828224533626794,True
7841,713.6349734953076,0.9772693518157939,True
7842,584.9639000385838,0.962431491243372,True
7843,596.9978100770523,1.1145547764110493,True
7844,183.57737462589122,1.139582319973462,False
7845,845.2798109421155,0.9593939429849665,True
7846,313.3880503271352,0.9299043902782317,True
7847,69.3642340494971,2.2209067479045173,False
7848,649.6218438175872,0.9640477268956797,True
7849,167.50848286116383,1.27697754339817,False
7850,716.873135612145,1.046830589457043,True
7851,498.77464414802665,1.081197751564856,True
7852,365.2368904551477,0.9603609910050238,True
7853,915.6922227103952,1.03279387912913,True
7854,988.5902740446629,1.080575478189104,True
7855,980.9836044970446,0.9446457613455571,True
7856,897.870674840703,0.9700214387427604,True
7857,237.2003508313232,0.9741056403433458,False
7858,492.2446058833669,0.9682448060759601,True
7859,491.70072331577984,1.1198213223825702,True
7860,569.614558559391,0.9304251432213537,True
7861,943.2853559185403,1.001318998321661,True
7862,326.9065655854869,0.9557045544375086,True
7863,730.8623431061017,1.0483632386003996,True
7864,871.1814123434395,0.9941261951431738,True
7865,117.03512746711311,1.7399753915470106,False
7866,913.4288030393323,1.0280911254641814,True
7867,65.44765906446773,1.6418506285158563,False
7868,737.3336947648618,0.9384930159760742,True
7869,125.1296556391854,1.620024434427059,False
7870,512.2764516865435,0.9590870301241555,True
7871,875.3749486390006,0.9406631940353846,True
7872,567.0669438239759,1.05568171571033,True
7873,554.3700308449543,0.9571543104266232,True
7874,796.3137932863141,1.0981954848684499,True
7875,589.0806321975114,0.9745088781595932,True
7876,365.14280716625916,1.0871324866116578,True
7877,779.5350713327864,1.052279162103808,True
7878,488.61493666085875,1.0221235869382626,True
7879,324.9431148216054,0.9828851889607833,True
7880,665.359993316574,1.0661783597543542,True
7881,77.87978846680204,1.2816534419556496,False
7882,596.0268735074427,0.8596331853955649,True
7883,782.5022486915997,0.9613967464627549,True
7884,640.1698102932489,0.9341631237402672,True
7885,850.7496656387808,0.9717734762727784,True
7886,424.32398920522587,0.9565546537464589,True
7887,843.7211341953491,0.9892454744384747,True
7888,498.42508057436197,1.0058294160533152,True
7889,644.2358378403,1.0938378445399906,True
7890,694.5441464379138,1.0602924387194137,True
7891,871.5073691035678,0.9826216711486322,True
7892,822.0988829077031,1.0083663441917017,True
7893,811.5776102859871,0.9781799527908727,True
7894,107.16216641641088,1.6110424980319946,False
7895,431.7985684096269,0.9932869522315195,True
7896,480.429508442645,1.074655723589768,True
7897,376.4972840062988,1.055394262005077,True
7898,650.4044280800998,1.0025597308780143,True
7899,118.6718019637899,1.0609334138180324,False
7900,960.8145503330538,0.9862264355522883,True
7901,490.18469996272086,0.9948479276125387,True
7902,851.9256456258344,0.9420642559025084,True
7903,277.78851777501734,1.3738455977427089,False
7904,241.20546129563368,1.2083382442322659,False
7905,822.7744843380062,1.037794615539114,True
7906,738.8565619118987,1.016151185245989,True
7907,121.71301509499551,1.1097116389569996,False
7908,139.7834031797815,1.6234005821823045,False
7909,748.7430978628861,1.0171133132150585,True
7910,970.0134909911034,0.974982726083699,True
7911,578.5132261352342,0.9759800089700932,True
7912,985.1508063878435,0.9869595550884106,True
7913,278.2659182951072,1.2049042477415095,False
7914,869.4741073174038,0.9814701418787642,True
7915,901.8559627846188,1.0009090147202233,True
7916,504.64666870152826,0.9778895082402166,True
7917,103.2156067517191,1.5517495672388695,False
7918,716.274278902976,0.966848368565575,True
7919,581.2088314722466,0.9670802493205174,True
7920,784.6220101760497,0.9733907131074712,True
7921,126.03384894908253,1.6510903114566118,False
7922,391.92128762333687,0.9787110611952197,True
7923,166.99312365089816,1.2418894252306873,False
7924,161.4031386885747,0.8244274600372139,False
7925,50.850401947585254,1.089306211193084,False
7926,589.6844287100068,0.9957899157537227,True
7927,893.6555845132293,0.9979352604993346,True
7928,583.6215484345794,0.9814652032552837,True
7929,460.90726045043954,0.9836113302973309,True
7930,590.7637464242171,1.010661154743984,True
7931,729.615242049663,1.0889996565617657,True
7932,107.4160870513211,0.9042836879294112,False
7933,463.0178192397715,1.0762273885062212,True
7934,996.0108644773892,0.929511310903031,True
7935,382.20981682650006,0.9761314853821592,True
7936,442.1157864490239,0.9531359429582518,True
7937,187.31576810959632,0.9624705493450347,False
7938,447.45312796126194,1.0297553264511652,True
7939,89.69222352668478,1.888941070592359,False
7940,916.9270181719869,1.12143055389153,True
7941,316.46847995586614,0.9316638549680087,True
7942,372.75862869891125,1.0281615905458403,True
7943,281.4871435381669,0.8219724811005017,False
7944,993.4692929690925,1.0041034480960513,True
7945,602.7235891387714,1.0341190586600078,True
7946,72.7996528751915,0.18085195679341037,False
7947,982.2495126773133,1.032872556751657,True
7948,705.229403565359,0.9954572803725074,True
7949,186.92118508021318,1.597146517476089,False
7950,473.8866006438581,0.884290825993896,True
7951,313.0645318733175,1.0037053723388218,True
7952,392.24937932398313,0.8935238615022199,True
7953,400.9109665742904,0.9962022144434841,True
7954,682.318315292125,0.9830713870968185,True
7955,473.8392797526302,1.0651973053667836,True
7956,489.4588974185372,1.0235033735108108,True
7957,405.312090476496,0.9730756549965858,True
7958,851.6506280023385,0.9894879877354732,True
7959,722.11269026316,1.0076008123712836,True
7960,784.0499422205683,1.0197159671789258,True
7961,310.78363214962064,1.0081327250715777,True
7962,450.38992367227473,1.033752593535597,True
7963,80.8632010896202,1.2336862368700088,False
7964,570.5710615403409,1.056263780595196,True
7965,955.1330734746921,1.0206463192958632,True
7966,259.5110012748245,1.3600444445880617,False
7967,800.5205317617064,0.9309898667954987,True
7968,552.8962075717197,1.0019248001562129,True
7969,82.13752069130354,1.7927900999510966,False
7970,367.02783347370433,0.9537849529959439,True
7971,202.6644989147801,1.355124349216269,False
7972,939.8477651198945,0.9840706752709234,True
7973,175.96367613658887,1.6956551187506168,False
7974,339.8948550120851,0.9591587206087043,True
7975,702.8979570675134,1.0047169844640504,True
7976,718.6777132829494,1.0373769413188487,True
7977,660.0048554093974,1.0284242445414093,True
7978,720.6741678287112,1.005242581014527,True
7979,919.2699061040801,1.0037904154119346,True
7980,575.296819419121,0.9979905142038843,True
7981,544.2787360658242,1.0351217510690511,True
7982,995.102901361202,1.0624958322993419,True
7983,270.0990131930771,1.7398466115434357,False
7984,889.681964879878,0.9831831838241196,True
7985,426.7147274824455,0.8978546383832218,True
7986,184.09391584781682,1.1462452356436703,False
7987,61.17735938005032,1.2523376006213736,False
7988,914.0815277157952,0.9202488194868398,True
7989,671.2564453850429,1.0152561040082964,True
7990,623.3329218762779,1.0107305247082787,True
7991,165.87081927905479,1.6300985864799433,False
7992,120.29856966479849,1.3687668601080396,False
7993,582.5827181277256,0.9575368521298195,True
7994,363.75905031586103,0.9878763596614167,True
7995,144.37732381252192,1.2406051722087188,False
7996,469.4963077274115,1.0599301915515198,True
7997,893.2335209072567,1.0509445196497516,True
7998,179.39268602345814,1.479101962740978,False
7999,176.05609505375082,1.0595139037542565,False
8000,999.6021278726209,1.0020001643428618,True
8001,471.0187692730344,0.9564483693673698,True
8002,548.8661560251128,0.9196007243233957,True
8003,981.5582011318193,1.0118481764135518,True
8004,472.47096057817106,0.9623616009332367,True
8005,259.4888716303888,1.5494795209537142,False
8006,344.5547043231028,0.9309098638451466,True
8007,693.0467481614335,0.9272797431349958,True
8008,315.2846741697325,1.02077087885992,True
8009,728.2016586857028,1.0663659799397145,True
8010,928.8125606475583,1.0036146602981313,True
8011,182.82891088021466,0.9758898004448642,False
8012,533.539929039397,0.9565816313145359,True
8013,233.89621579403882,1.0136910208708763,False
8014,760.8873289773192,1.005566664388164,True
8015,434.83754780723484,1.087471892476146,True
8016,81.05381136346718,1.6271684499083205,False
8017,429.8338592272209,0.9919303956421818,True
8018,366.6236765795759,1.0263254902776622,True
8019,977.4675410855789,0.9709309045070615,True
8020,357.5335439984476,1.0456202783475606,True
8021,704.1102001555992,1.02722335160273,True
8022,910.123179713294,0.998338353757336,True
8023,865.6427740867842,0.8885992278867922,True
8024,404.2189350776191,0.9979153750320551,True
8025,904.9825916742155,0.9650375073080848,True
8026,838.0754194046424,0.9778044249942578,True
8027,435.2393561150606,1.0491029404451062,True
8028,179.9821390057131,1.229161819501829,False
8029,91.15189763264766,1.1730431121324258,False
8030,598.8341797299051,1.06052500146758,True
8031,891.2861628840836,0.9089760938505902,True
8032,152.93973623028478,1.0762553124956704,False
8033,327.0756784963872,1.022311031361153,True
8034,974.0316199856405,0.8426804775658792,True
8035,613.5850675778322,0.9833637933308266,True
8036,439.87850760995224,0.9252871430373536,True
8037,394.50352975075754,1.0021148017657417,True
8038,182.6170969741673,1.318986966136949,False
8039,387.78148120190144,1.0054400363552836,True
8040,376.88195483698627,1.0031288950112671,True
8041,610.1674529118351,1.0480097126539651,True
8042,175.85369208190008,0.9733942673391434,False
8043,961.578820066297,0.9338107015940114,True
8044,589.3095040568851,1.065969861082272,True
8045,504.12078531502095,0.9720912488874229,True
8046,967.6766231234914,0.9754122149302991,True
8047,187.06079323562443,0.9754808749649333,False
8048,269.22426756955014,1.1209400816884263,False
8049,762.5646656377495,0.9933978923397548,True
8050,464.1689553777458,0.9477028895133419,True
8051,372.78853276678234,0.9644866919167426,True
8052,948.7270246278274,0.9846791390682347,True
8053,940.5383488740675,1.0242150952876443,True
8054,266.05939105974005,1.2079541813221306,False
8055,515.4554311180791,0.9134023613769455,True
8056,913.6056236560961,1.0606949780954849,True
8057,491.20967295583364,0.9768729209356367,True
8058,750.1609863790104,1.0305115040620285,True
8059,224.3791988002028,1.4146566664246116,False
8060,288.88740702611005,1.4849661872034892,False
8061,201.70135678490988,1.6418533986997452,False
8062,432.1374237492079,0.9736091476875325,True
8063,151.24820209762643,1.1143932784183113,False
8064,493.62322679534844,0.9573310311145696,True
8065,566.1650159592513,0.9524501333687257,True
8066,831.842902572837,0.9169901411357838,True
8067,120.28799685395411,1.2376872736981481,False
8068,255.79308086353245,1.221491259850406,False
8069,646.0678508512669,0.9981822999284641,True
8070,471.4987026326061,0.9615889027020631,True
8071,269.83287384203436,1.0233104004321383,False
8072,302.02136279229865,1.0870742873601078,True
8073,399.8872903345052,0.9265331679905233,True
8074,600.572123781881,1.0120512495038836,True
8075,231.4546705616524,1.3434972514064711,False
8076,833.260363208552,1.0219556032495059,True
8077,763.0538068698169,0.9613262614087223,True
8078,148.7847566535695,0.5554732380369087,False
8079,889.4637655459338,0.9805423356887497,True
8080,362.1738793626465,1.0145318729751138,True
8081,873.2614446343939,0.9921490616745777,True
8082,62.466054067512864,1.082657049674568,False
8083,206.40104741304208,1.2116633408223578,False
8084,677.7128224598257,1.0263425061691125,True
8085,348.2904573361334,0.9791438608564502,True
8086,896.2659052581888,0.997886881453239,True
8087,607.9495540936613,1.040188028535884,True
8088,225.6395349408324,0.9179816513670368,False
8089,653.1488841795888,1.0554080298534783,True
8090,435.49050319415505,1.0703408912242196,True
8091,337.8879567412536,0.9432618667590368,True
8092,809.6036684004669,0.9752139593794411,True
8093,971.8452979365695,0.9584113926154437,True
8094,83.66318691636383,0.8987834100081665,False
8095,761.0918575417736,0.9339770697069353,True
8096,993.4515056583631,1.0057876457724322,True
8097,279.04120346500883,1.401876017724562,False
8098,920.1364268604369,1.0088457684016117,True
8099,203.5975003289924,1.14207007989906,False
8100,545.8545164551094,0.9024651231319749,True
8101,398.1948114108303,1.0826701380245445,True
8102,684.865106474403,1.082868592291988,True
8103,321.65070352477676,0.9728773133275727,True
8104,704.4553268551892,0.9971785439332648,True
8105,286.5033769677873,1.49805830163079,False
8106,605.3100387942719,0.9201659348630793,True
8107,550.5033054491197,1.0515789864594116,True
8108,50.14336049216766,1.5366855781239677,False
8109,818.2485081188412,1.035224350316304,True
8110,656.6046969000591,1.0612281399260097,True
8111,188.5483046944858,1.5135873178903991,False
8112,217.43016920519383,0.7180440787811035,False
8113,214.26243465155318,1.1458386520176478,False
8114,736.3489183785617,1.0349147688379723,True
8115,836.2066836376887,1.0685999446612047,True
8116,788.4858628403559,0.9757626307041585,True
8117,777.9324901645139,1.0426420963809702,True
8118,281.36985273844294,0.8574695171837949,False
8119,164.49979952691183,1.2412397215567446,False
8120,520.0699280625407,0.9600721781661139,True
8121,100.68921124614877,0.7697048244521726,False
8122,219.8611852324969,1.4865770073419706,False
8123,385.0690835155445,1.0070281433650639,True
8124,235.30446875683313,1.409630227755695,False
8125,843.5514696207164,0.9367619584456126,True
8126,684.2703881709382,1.0241807756949597,True
8127,949.291131736649,1.0211531798055478,True
8128,435.1527440830946,1.033454417594401,True
8129,444.62841906832995,1.042481125685104,True
8130,852.2761611367066,0.9487208528513733,True
8131,131.96761401642667,1.976615598507323,False
8132,793.7462224998984,0.9578271379078904,True
8133,520.7103517240018,1.113850678245641,True
8134,449.92472898273456,1.03365822591033,True
8135,641.8650143215375,0.9963742882985493,True
8136,871.1388540740445,1.0157649499775003,True
8137,737.563893035714,1.0669514370372666,True
8138,625.5281494312488,1.0073996176363673,True
8139,597.184732567795,0.9756002080163608,True
8140,630.3290075252261,1.029117146263691,True
8141,970.941633272815,1.1168044382864368,True
8142,723.6347039928486,1.0537481013976648,True
8143,447.01603210684925,0.9536795163922812,True
8144,327.8316693567836,0.9792337575336235,True
8145,103.81675901256199,1.09516892630576,False
8146,626.8505336147048,0.9712602673154155,True
8147,704.1423624242843,1.0085650438131404,True
8148,916.9451967967537,1.0733915932745723,True
8149,156.4879871848398,0.8069630694048163,False
8150,415.8582775791572,1.0248141127357389,True
8151,722.2357007844699,1.0627371980454214,True
8152,897.7712810952532,1.0719418843973207,True
8153,403.33208801743945,1.092961914114765,True
8154,897.0848612885541,1.0478485922332368,True
8155,945.358314700424,1.0081471106640996,True
8156,756.8209500740923,1.0251484266071247,True
8157,153.99679287908225,1.4067055900329548,False
8158,678.9919737201574,1.0152599243085847,True
8159,726.9786681685541,1.0506666163313139,True
8160,219.3076966098396,1.5781506618939662,False
8161,982.145307357764,1.0778437996345973,True
8162,523.4158862743204,0.9577604049884096,True
8163,969.5019367361174,0.9947515752105843,True
8164,671.8458577032236,0.9949182676024688,True
8165,221.4008288662864,1.366219432296935,False
8166,425.7835737281724,1.0183480518751145,True
8167,684.6010406725322,1.0110894796418801,True
8168,664.8048941656277,0.984651699800446,True
8169,532.8802633366008,1.0318108798710697,True
8170,731.2055698804177,0.920499377406855,True
8171,962.4478151562031,0.8602425495084265,True
8172,882.6901458771317,0.9448453229985991,True
8173,559.8079073508192,0.8623511210314238,True
8174,111.75670737708471,1.3261969594701415,False
8175,622.543495050799,0.9799336020649353,True
8176,511.1247333755012,1.0212367350989622,True
8177,601.2579153261202,1.082123288011706,True
8178,68.03610688271466,0.4480927592117727,False
8179,576.5216010613443,1.0957494084444726,True
8180,429.8077159991899,1.0793143163078087,True
8181,62.4306628152908,1.311556917866197,False
8182,563.3664704944257,1.007933736288027,True
8183,229.83774115426846,1.513052241506042,False
8184,68.63419739956444,0.5111879248478988,False
8185,587.7623273515075,0.982642860810182,True
8186,160.63813231091834,0.9009980774823917,False
8187,784.6085804567794,1.034448924347348,True
8188,262.0135542621242,1.0773977336289213,False
8189,801.9255668898377,0.9910089548687996,True
8190,596.9146846666337,0.9928060387133033,True
8191,205.25398233101717,0.7189246211459357,False
8192,661.3197651108347,1.082105085494054,True
8193,369.6657860580702,1.0385310349088765,True
8194,350.4055185075576,1.007156357368373,True
8195,146.07828842830463,1.0292711995375794,False
8196,873.579732118524,0.9093027462140513,True
8197,111.51701754556649,1.7601242016429568,False
8198,688.4265551683396,1.0122836287067902,True
8199,798.7777669312143,1.0142994338959337,True
8200,528.5303006598417,1.0206901671653341,True
8201,216.40845982066634,1.4534145085465815,False
8202,965.8630599214766,0.9442785886155632,True
8203,897.5595145672964,1.0313893862256265,True
8204,302.48605261785315,1.0372277094581968,True
8205,680.6899676240746,0.9437090740204812,True
8206,489.7088082988617,0.9895882658240944,True
8207,659.865316942576,1.0526925515401124,True
8208,172.98508982728424,0.6954793459868004,False
8209,852.5630061709434,1.0190294428510145,True
8210,83.8949360863177,0.5775567012997936,False
8211,328.12698411700393,1.0087373234561865,True
8212,133.02428893967078,1.0377848388675261,False
8213,567.7946588406684,1.0217137987606255,True
8214,669.1211546026237,1.0587940777335287,True
8215,260.8197960627492,1.1454785154680247,False
8216,198.0411234846078,1.3280019210151288,False
8217,764.5022092506396,1.0767745871167296,True
8218,863.8488522773781,0.8847691981045922,True
8219,414.390091791227,1.009946770752678,True
8220,162.04501307925955,1.0846935471390295,False
8221,735.6889556613673,1.0367425057774742,True
8222,852.1809364013594,1.0375154545052894,True
8223,142.84984603958725,1.6375731001276037,False
8224,348.29108128430056,0.9841639664181621,True
8225,706.8012732344009,1.0062885773713701,True
8226,387.150702538446,0.9385869510719629,True
8227,601.6732784092573,1.0575188581087618,True
8228,551.0960063587924,0.9415754569070914,True
8229,52.01401105408024,1.0642942333832501,False
8230,520.6133375909408,1.0406150849041362,True
8231,721.8378419192554,0.9794513712482955,True
8232,998.4181618931208,0.94581643945235,True
8233,484.66533562057776,1.0448990273045875,True
8234,170.67314581446573,1.2121398027808898,False
8235,527.8007742245984,1.0139704620607108,True
8236,403.11306142980675,1.1024934705376794,True
8237,824.888218980319,0.9404516010813079,True
8238,574.6984302945735,0.9486418773160901,True
8239,202.1524511309441,1.0983965880468882,False
8240,236.08496963505652,1.1329279983287486,False
8241,203.9029198734988,1.1148750308338577,False
8242,262.7220465949531,1.2632230516164937,False
8243,710.3527557326448,0.9851169402605896,True
8244,123.7533340044616,1.3132608510906472,False
8245,461.88782902882906,0.9540246097652616,True
8246,75.86560166533991,1.4365000626157518,False
8247,122.03925585799763,0.8423440081087039,False
8248,947.6931900230577,1.0299576105397028,True
8249,143.4081476903816,1.2923227648294793,False
8250,979.1266849967299,0.9582826760297106,True
8251,699.8078184974983,0.9536136159963974,True
8252,422.5835081587369,1.078592169942369,True
8253,344.1506388032772,0.9757279024304439,True
8254,571.4078150726803,1.0640232371567686,True
8255,97.04288482414424,0.9959966213981415,False
8256,503.564965073372,1.061636477220448,True
8257,342.79572045797937,1.093493198582973,True
8258,451.8445357239993,1.041886990500792,True
8259,548.6799771341769,0.9760973363951411,True
8260,341.753451214203,0.9468455876893139,True
8261,833.3296633660029,1.03595860566672,True
8262,586.6987104724403,0.9964620807751912,True
8263,646.6935253740892,1.0042431305294235,True
8264,334.54748105236945,1.0109899578081285,True
8265,296.22558075839254,0.8146810464641132,False
8266,596.0782590160705,0.9682008286302602,True
8267,462.77955281091073,1.048304291611761,True
8268,272.51027393575856,0.7579895541958312,False
8269,770.2623710916913,1.0016589554717035,True
8270,966.5898318345816,1.1255574743274996,True
8271,942.4804621358053,1.0282343476905955,True
8272,708.1539131334603,0.9809854532707575,True
8273,307.76576257473465,0.9909945812542662,True
8274,477.47512376635257,1.0028371997548096,True
8275,463.4585349656522,1.0366298955717168,True
8276,907.7915565485348,1.0506987940074475,True
8277,518.6572244778458,0.9952805491475094,True
8278,794.106395837523,1.066140945979623,True
8279,316.4204313940483,1.0567249945959154,True
8280,679.8985706822889,0.9604753030360912,True
8281,896.0197733975468,1.0446623609972898,True
8282,124.62014878030604,1.3241900412416787,False
8283,471.08727928916727,0.9715981356487626,True
8284,580.4283569189528,1.0008194758000204,True
8285,638.2941754773651,0.9558111683011368,True
8286,117.11683228487202,1.1691821303724053,False
8287,177.12775484673784,1.4435636268888286,False
8288,330.7405785427357,0.9578711763712695,True
8289,877.0254971225708,1.0304778916418649,True
8290,740.0630211737861,0.9246818756544196,True
8291,82.46713218957572,1.3001199074450738,False
8292,819.2039905289238,0.964027567790347,True
8293,275.25955447424604,1.118966824594529,False
8294,334.3664975940235,0.9804655014967187,True
8295,149.17808525626447,1.2469123222165084,False
8296,659.2843292939788,1.0889164154537228,True
8297,640.2939295859762,0.9802194548595201,True
8298,964.1452724558299,0.9290516576786296,True
8299,489.3388646203105,1.099740885994301,True
8300,338.508813506007,0.9908131135918526,True
8301,893.9138604542879,1.0177984773821012,True
8302,300.91377302419266,0.9619331081835545,True
8303,131.89751720396055,1.0601601977679511,False
8304,512.4689612909797,1.0009723602924288,True
8305,54.11372448965862,1.4749131612643955,False
8306,367.0655680708296,1.0284350738074979,True
8307,865.7442727562049,1.0017207391960241,True
8308,859.2820124485237,0.9404233469263878,True
8309,727.398869675406,0.9325116805201037,True
8310,814.0609705055579,0.9992194124748454,True
8311,79.30305650485512,1.0228463512249475,False
8312,126.68488798793658,0.5017834496457169,False
8313,804.7286092179496,0.9921432704385519,True
8314,953.0805084183357,1.0227907305664694,True
8315,774.7898307674191,1.163027315557066,True
8316,857.7447178108063,0.9673776077671605,True
8317,491.0275274499777,1.0245644206221263,True
8318,780.1388938674257,0.9687719184672053,True
8319,995.7654548686588,0.9246189601179025,True
8320,587.148807777669,0.941259995563679,True
8321,640.0191880912757,1.031729220551559,True
8322,263.3135320513027,0.9149114215036271,False
8323,770.4341903434947,1.1484776369794711,True
8324,849.786204296642,0.950140964614743,True
8325,434.608169690006,0.9462701492961291,True
8326,674.2012052803758,1.0169172880124036,True
8327,805.8818467197569,1.0064245590349796,True
8328,50.07674726361129,1.383096174387594,False
8329,380.04447738216686,0.985161718159154,True
8330,171.6439827042739,1.064371605730197,False
8331,555.80100906694,0.9345755600892234,True
8332,527.5024211671607,1.0771506535415998,True
8333,381.94530318670667,1.12144207226342,True
8334,122.00914588769699,1.729689111353396,False
8335,756.2370169054875,0.8597755278098119,True
8336,332.98092923693434,0.9545023147943491,True
8337,65.8662372275283,1.729261281010189,False
8338,380.72166525995175,1.0304646299686753,True
8339,642.6745944175648,1.0271970946319595,True
8340,195.68068663126903,0.834001632679964,False
8341,863.7178937962661,1.0209274215042348,True
8342,907.921831564331,0.9757339693357358,True
8343,925.5852065366412,1.055753112782075,True
8344,937.6557530819186,1.015518863826584,True
8345,484.31282325916914,1.0247921700551736,True
8346,143.01965508516668,1.2557890358065305,False
8347,283.17038995289465,1.3835127080717702,False
8348,930.1873918493836,1.0890881329061222,True
8349,360.6793993726984,0.9288608547862335,True
8350,574.6038897813095,1.0741591917693794,True
8351,417.4911237787369,0.9853791239227159,True
8352,191.80281437396198,1.2768208006811816,False
8353,885.9811544129174,1.0129662603319676,True
8354,661.263275610157,1.0596545375380604,True
8355,812.9367600571791,1.031756283252553,True
8356,826.5788009284485,1.0030148375469534,True
8357,51.06924241471394,0.7034551072673481,False
8358,367.5714288048625,1.0842982849324443,True
8359,480.249898224888,0.919088284246628,True
8360,782.8788067983805,0.9482443977318832,True
8361,592.8759488386215,1.0051451544109953,True
8362,410.09371842689126,0.9690380972170963,True
8363,437.50397047379346,0.9998014715154214,True
8364,64.03295947380238,1.250311043007703,False
8365,560.9147701284662,0.9905106573372486,True
8366,294.66961783855936,1.087571703764442,False
8367,248.3956159596011,0.9161151629519813,False
8368,646.4089862658911,0.9499486245085969,True
8369,523.6759506317405,1.0073085086327884,True
8370,977.6136183822741,1.0529650887237094,True
8371,941.6099757663636,1.0110354634063494,True
8372,472.2662561587285,1.014048728591421,True
8373,636.8671701925808,1.0325122115916694,True
8374,225.60832510744282,0.9000869523051818,False
8375,785.0064278701756,1.0091455798519402,True
8376,75.92060580129058,1.1097686335235535,False
8377,320.8442132436798,0.9302433418088701,True
8378,494.62160360814033,0.9605995924628654,True
8379,902.473638547956,1.0107694659591182,True
8380,159.8094306000229,1.341334226102379,False
8381,736.2794542217426,0.9651948825207228,True
8382,133.1284500200527,1.56514846678027,False
8383,923.7383732365064,0.9914673003076864,True
8384,751.5868098095154,1.0491075985632232,True
8385,874.1703413429233,1.0002278738282422,True
8386,668.2187298412479,0.9786949002721065,True
8387,578.5566509705001,0.9093675556970637,True
8388,707.5153969607655,1.0102168085105887,True
8389,611.6492268828124,0.9910058365028737,True
8390,676.0247103264255,1.0577446557246004,True
8391,529.0527549408109,0.9662892752878898,True
8392,553.3912500453043,0.9989615814514107,True
8393,78.40354791604668,1.2965600057339688,False
8394,281.02721604336557,1.134067736496063,False
8395,329.2964199228298,0.9008737922736796,True
8396,448.1325127601079,1.0027052312867097,True
8397,829.1495223399866,0.9866002157951442,True
8398,253.46590504898418,1.4702580117031978,False
8399,330.43864354138424,0.9419325974989726,True
8400,230.64123307747582,1.4433576555853096,False
8401,825.5742984607572,0.9644286458360855,True
8402,269.75577805434875,1.4010305417917501,False
8403,405.4229402208692,1.0395118992193257,True
8404,685.8587508898636,0.8410661080069086,True
8405,705.7199188441884,0.9783618461060446,True
8406,875.7093651024119,0.9862679638642442,True
8407,755.4468606396778,1.052824491116072,True
8408,139.77364600480726,1.121644314692023,False
8409,731.1867333451869,0.9313930629473759,True
8410,342.05319994966663,0.9809679675003092,True
8411,918.0644490095292,1.0124868424751439,True
8412,628.5851384515591,0.9867619540014843,True
8413,281.2803115523203,1.2248450227699832,False
8414,851.3567644813642,0.9603560931732241,True
8415,798.5519218354582,1.0033870760290151,True
8416,250.95989555715673,1.4800680955318222,False
8417,151.18113062088318,1.0826659822260303,False
8418,757.5805222581646,0.9658190868794936,True
8419,908.2420253739244,0.9447490539229925,True
8420,310.1638012270623,0.9000338983541283,True
8421,676.7289833102194,1.024553749543596,True
8422,106.24618532566336,1.5061309020747555,False
8423,273.1592984365596,1.050483073017789,False
8424,485.1641766191701,0.9527376354678616,True
8425,64.26111693776018,1.7006446520297867,False
8426,763.570167413454,1.0219162437730298,True
8427,470.7547866326267,1.0225956371325382,True
8428,754.1677414639267,1.034692447319568,True
8429,743.6586028245182,0.9545486103620341,True
8430,595.2867223409021,1.1078917381149465,True
8431,227.79401204530976,1.1838129228910748,False
8432,450.6847930162448,0.916170251549258,True
8433,636.7567258017884,1.091537688399583,True
8434,913.9882155437465,0.9907880947660153,True
8435,639.7132335291894,1.081029603920049,True
8436,306.05784520481114,0.9588585955998421,True
8437,885.8748073907573,1.0473432059082708,True
8438,160.2376236402215,0.9853368912811562,False
8439,693.7426657237185,0.9570910476567008,True
8440,88.0961637277224,1.2138210577131503,False
8441,552.6460925923492,0.9716601090961552,True
8442,240.45469120337404,1.305224763867458,False
8443,147.50223215994288,1.0184440521055582,False
8444,567.7811445846241,1.0003919829772334,True
8445,684.2882368039152,0.9903025680392723,True
8446,821.5660183146908,1.0772400464793621,True
8447,172.0553204845738,1.3831401169154913,False
8448,231.48813293846507,1.3083328180325706,False
8449,935.4247888717077,1.0224632785812764,True
8450,575.5804846002402,0.9478316878570919,True
8451,247.94695691401554,1.1803414870544162,False
8452,377.8797954659859,1.0760139017495371,True
8453,627.6669435615875,0.8569654292688793,True
8454,796.6278083544415,1.0267843240205385,True
8455,230.11319725039348,1.2048863358055644,False
8456,691.8515192484689,1.0064426104206465,True
8457,648.0921061466327,0.9211492989118925,True
8458,580.8008962523726,0.969260534181052,True
8459,140.00242184854878,1.0892357280731533,False
8460,378.48993890562735,0.9403375800733005,True
8461,663.1533488461006,0.9485728676719106,True
8462,712.1870212367212,0.9868458315677742,True
8463,502.1442548985229,1.0479636197346396,True
8464,512.6486593831153,0.8616915688250275,True
8465,672.4705502432432,0.9255349888061211,True
8466,389.5569258843014,1.020218994814005,True
8467,209.17353488999242,1.4290585101956683,False
8468,314.577153138144,1.0003653054592145,True
8469,371.5764475398777,0.971392788324067,True
8470,992.6636609766999,0.9967209514296596,True
8471,950.1200091167717,1.0055443250220255,True
8472,436.68247346677913,1.055943088880994,True
8473,541.4369959879737,0.9417785534117971,True
8474,72.04154873543371,1.4204639377907837,False
8475,933.9305996057236,0.997414070871525,True
8476,648.1406838956827,0.9490188321782407,True
8477,993.8055925468585,1.0032569311470814,True
8478,291.02012656109144,1.4386022722844425,False
8479,900.6420452314942,1.0346397175341213,True
8480,849.9024051841199,1.0112677013172338,True
8481,612.8661011671763,0.9379424502394629,True
8482,82.821178631893,1.7333573037375147,False
8483,831.6823416645547,0.9413135916368816,True
8484,483.3778353753914,0.892615785012017,True
8485,807.5337578556781,1.0076323804545235,True
8486,270.8368167707298,1.236919441760879,False
8487,148.59919935249528,1.731787784311249,False
8488,54.96875634420427,2.335874057948251,False
8489,747.680904919065,1.0487008120093473,True
8490,603.9616574044251,0.9083662035313669,True
8491,385.35326854832,1.0453825587918437,True
8492,95.0247307276281,1.138510610417219,False
8493,290.16301455714677,1.3105837306138985,False
8494,82.77626913250481,1.4222703552003253,False
8495,679.3546016944952,0.9565936845646493,True
8496,952.0427299553314,1.1155824751821268,True
8497,397.07283008919165,0.977378708025598,True
8498,745.3598988057239,1.0165378138115464,True
8499,106.15478797273163,1.063749018940339,False
8500,160.07141102556636,1.1169418153702717,False
8501,535.7586775766142,0.97012809261891,True
8502,469.74937876158305,1.0645565870037779,True
8503,623.5215421566667,1.017113991692046,True
8504,139.7395340316952,1.0037295524933392,False
8505,500.14580058757457,1.0469575664687742,True
8506,384.2620753557071,0.9630120532790601,True
8507,751.7683155370827,1.047483046118699,True
8508,451.3341397947139,0.9907764780530331,True
8509,864.8797625511944,0.9771298048653464,True
8510,211.1303886660867,1.1863550407120178,False
8511,811.4929505932994,1.0020969136908406,True
8512,180.49026167557426,0.9367321997605342,False
8513,641.8674516771656,1.0538645385888221,True
8514,242.72740312853023,1.251642224849308,False
8515,614.5846092750415,1.0693069624658693,True
8516,216.4815364979974,1.5972314098913964,False
8517,772.8788591774223,1.0423709912350592,True
8518,95.04959922112144,1.2510404453092445,False
8519,726.0171288777044,0.9303248911984663,True
8520,65.04192953859639,1.7801195645541532,False
8521,347.83259532540774,0.9797924511159927,True
8522,428.1472311090989,0.9943011204730452,True
8523,611.53401652404,1.0218369202420197,True
8524,222.1959259323108,1.2880624257024769,False
8525,950.7735838337157,0.9620299669169385,True
8526,116.77062701452226,1.5714995358451609,False
8527,779.9846975440391,1.0629788866616035,True
8528,411.37663312041485,0.8961505491474235,True
8529,696.1271898277798,0.9730411535275532,True
8530,462.53341861623,0.9979649156158622,True
8531,500.40269736074055,0.9832131773350181,True
8532,506.7334430033551,1.007039448372759,True
8533,788.990339478201,1.0727134704522086,True
8534,153.79917546039482,1.017260522491659,False
8535,541.6758325195259,0.9847114600209348,True
8536,558.5067157295287,1.0015403127374878,True
8537,582.1290848521969,1.0289865266653777,True
8538,949.7415832960495,0.9710039485961204,True
8539,147.51168038943678,0.6208057809923347,False
8540,143.43084635985798,1.861399486634273,False
8541,339.38479122209384,0.9705179726047718,True
8542,543.1844132666907,0.9802473983840639,True
8543,660.8185198704591,0.9391252301692076,True
8544,183.41503561713262,1.0986460539253902,False
8545,105.00629628144698,1.0579731292229992,False
8546,800.4071687948904,0.9397346270973099,True
8547,856.2165213897499,1.0388851727918036,True
8548,792.8886870257147,1.0243312167155152,True
8549,807.3806375792935,1.0483217225787498,True
8550,867.3805097792806,0.9802503659642466,True
8551,237.5660081719261,1.1952927239826494,False
8552,541.5014204130364,1.0459569413894172,True
8553,651.1869439014567,0.97454135733451,True
8554,871.0769852094826,1.0226624229891725,True
8555,223.46418639191003,1.2224537559754964,False
8556,518.1312971104173,1.0038680534005084,True
8557,635.0812445913062,1.010836002979473,True
8558,953.9456511077972,0.9614247311630026,True
8559,848.0856237814769,0.9746706396447958,True
8560,354.68330426897535,1.0938315454909087,True
8561,349.06489909169903,1.0913450995163765,True
8562,887.2073427928,0.981653191002399,True
8563,405.20694086885516,1.083503043977006,True
8564,926.6644429602218,1.0022330240992376,True
8565,846.560119013444,1.1415675577156557,True
8566,774.4740093831039,0.9537213512639307,True
8567,629.54231896928,1.0156967890646547,True
8568,622.0635494136553,1.0609735159376839,True
8569,505.92695512592474,1.0507212627379647,True
8570,884.4171942567441,0.9135497243207436,True
8571,681.9495480124584,0.9295027188238365,True
8572,697.2752905831654,1.0082819827497285,True
8573,550.3445180719407,1.0813549066679207,True
8574,566.59618535117,0.9593192910727364,True
8575,843.0674767143593,1.0047986330975935,True
8576,80.74466915634657,0.8088498704179024,False
8577,635.5891538020444,1.043375955902338,True
8578,405.5296349545136,1.0687510604596888,True
8579,587.798092136132,1.0073677163217036,True
8580,651.8668942038765,1.0281462209220182,True
8581,137.60339513435065,0.9008986378192912,False
8582,722.1046576996131,0.9452125200771472,True
8583,686.3865574499654,1.0140536064716452,True
8584,746.6408297870134,0.9973444173905343,True
8585,93.8783816231207,0.7875498794216,False
8586,464.3696540040953,1.0070354518322846,True
8587,664.4355285401422,0.9184331080150726,True
8588,493.8512005430491,1.0064089228934014,True
8589,549.8725558507738,0.9315778494022001,True
8590,328.859154875702,1.045813596821223,True
8591,308.60260097688837,1.0095924282661757,True
8592,182.0280760416728,0.6684632639456658,False
8593,114.05882864841054,1.2051238127961015,False
8594,338.80680168314075,1.060676592416711,True
8595,851.9167811610256,1.0990012115516612,True
8596,334.22448186446127,0.9943248971264075,True
8597,51.12832122849002,2.1609620487899024,False
8598,379.34602083735786,0.971192684755341,True
8599,755.6274761815371,1.01359910587744,True
8600,228.20970247371733,1.2550774087818082,False
8601,938.0107250437574,1.0751590969402316,True
8602,261.33251087511053,1.4832970335046163,False
8603,151.25801250009215,1.8019180977688778,False
8604,774.1449946435631,1.0096707056732193,True
8605,764.0532353516534,1.0244360920986997,True
8606,968.4858972812982,1.0390552808074482,True
8607,815.5895382269746,1.0654951120056528,True
8608,969.132560901771,0.9060915904513664,True
8609,600.8889273986,0.9616250856725329,True
8610,936.415183031919,0.9700738432053403,True
8611,442.3069042631674,0.9803247481087554,True
8612,202.24424367446463,1.1346870625570014,False
8613,708.6457544776921,0.9843635787291064,True
8614,988.1214356122164,1.0816826965624948,True
8615,424.00383215498135,0.9658227074307065,True
8616,663.4651140341232,0.9435416948308075,True
8617,99.03082680885319,1.5704451541013522,False
8618,814.1797144874896,0.9836844235528437,True
8619,147.42233812887616,1.613683316174579,False
8620,617.7978663117773,0.9486717493751495,True
8621,745.2585984066828,0.9775756453638984,True
8622,333.2610897910611,0.9682815545903452,True
8623,924.8370032939265,0.9437568737670492,True
8624,914.6461001758206,0.9652458364648392,True
8625,518.2013224245142,0.932085761964108,True
8626,837.1496667521972,1.1023748395838258,True
8627,752.8380231628086,1.1090600266051638,True
8628,448.4615075505486,0.9080948430425634,True
8629,391.31326938285906,1.0427174046387664,True
8630,265.9483633697231,1.206622810155534,False
8631,983.5369588531744,0.8993093817026709,True
8632,857.5122480977404,1.070133538898428,True
8633,930.6930306227553,0.9573923755020491,True
8634,819.1568933356473,0.9687760845194603,True
8635,371.06592672191465,1.170413946141323,True
8636,631.763234667866,1.121523238773183,True
8637,156.72898482040262,0.5579138861570977,False
8638,831.1768222417646,1.0595124978424475,True
8639,154.5390042460913,1.0422554640977781,False
8640,424.7974437899884,0.9982125450953543,True
8641,666.7592513161298,1.0266646277196405,True
8642,514.5343824730007,0.9660425420426009,True
8643,706.8672756858105,1.0189609631095224,True
8644,736.7709033603609,0.9573870243412643,True
8645,167.61086729330106,1.3689118369521682,False
8646,454.7743126593562,0.99549448121741,True
8647,187.65661011164622,1.4062105083713086,False
8648,798.1680598298057,0.9799478308012144,True
8649,524.5697921417324,1.0057822228806126,True
8650,989.2033922512384,0.9754830107401635,True
8651,746.3281201253826,1.0167166360708229,True
8652,669.7023119457424,1.0042044007215858,True
8653,326.246182120473,0.992256258532635,True
8654,426.0681753280763,0.883177174611172,True
8655,947.955663642308,1.0255501356933447,True
8656,164.74238881143367,1.1129693767649258,False
8657,329.66367866411775,0.8881361027857374,True
8658,835.2374313761161,0.9716467576649669,True
8659,940.988641320958,0.9472563593999213,True
8660,746.9957697984732,0.9305329138759297,True
8661,339.65867256517373,0.9838734575953949,True
8662,835.6963423529339,1.0188528017280174,True
8663,356.3513931801736,1.0506508199419522,True
8664,246.9398880172688,0.8723489247032896,False
8665,740.8995527744247,0.9710729967564934,True
8666,344.24909891790134,0.967420749868316,True
8667,624.3428070564486,0.9769933633312875,True
8668,684.9549495114666,0.9476144727930532,True
8669,910.5385773625708,0.9335193291476773,True
8670,236.09720190210888,0.5184281866360847,False
8671,326.7095884859164,1.0037355152039455,True
8672,524.5930199969523,0.9675499302727812,True
8673,80.55993532612395,1.4431345808898224,False
8674,589.1088241520057,0.9724349699665205,True
8675,834.711250157284,1.0290695205097655,True
8676,481.2295785901599,1.042481812867642,True
8677,508.6903479784547,1.0328710586425145,True
8678,462.68250295210834,0.9489302551386914,True
8679,932.7631164794457,0.95060539840645,True
8680,193.9594889763251,1.208164665516995,False
8681,612.4700457825104,1.049683230922777,True
8682,134.76153521359993,1.8502397747174304,False
8683,863.4017749210052,1.0482425183372965,True
8684,97.00268359671077,0.9783954660013807,False
8685,986.8452849427999,0.8880462252968818,True
8686,590.3188719842435,1.0288346350180646,True
8687,194.26613254535704,1.2448109848576712,False
8688,286.30410472512256,1.2672367593009692,False
8689,637.448524705859,0.9451956702301637,True
8690,151.4056931063662,1.5598901610384628,False
8691,766.729003284049,0.9656606775683588,True
8692,115.89210200400767,1.4449301469804228,False
8693,973.3610444729987,0.9040339543292104,True
8694,315.89262949674236,1.0593023445904006,True
8695,504.5652444563069,0.9970521226743922,True
8696,542.1834066104775,0.9338489478937716,True
8697,713.187242018453,1.046588946662076,True
8698,983.8145933410716,0.9493783535166227,True
8699,473.2492404353592,1.116360825957612,True
8700,939.6051743167307,0.9379600493463881,True
8701,534.5496090552258,0.9267067227134602,True
8702,305.1036119704689,0.9279395570193028,True
8703,522.0947235196408,0.9755899706158636,True
8704,495.0570177795938,1.022237032655892,True
8705,858.0929182690903,0.9884217690457169,True
8706,973.8330708500117,0.9717316871007899,True
8707,195.55477631565728,1.0510190439759919,False
8708,563.3926258303036,1.055214829047815,True
8709,482.18463800034255,1.0516727835269704,True
8710,739.5978249113642,0.9374102069845034,True
8711,62.05006317981045,0.7798825962685945,False
8712,393.57864419182266,1.0847879889283523,True
8713,389.412375654387,1.0020765608226339,True
8714,655.8367325430044,1.0067437890518647,True
8715,745.3725782916199,1.0364637292743697,True
8716,751.3218430799473,1.0607752508732924,True
8717,137.3345908166528,1.338100840885632,False
8718,729.4268362739724,0.9464704247431398,True
8719,454.3883942616764,1.0727699001770779,True
8720,351.6829868022412,0.8974843270936167,True
8721,806.7064810479383,1.0942485078157254,True
8722,953.5857550670509,1.0052151966474696,True
8723,275.67031139384795,1.1920449998463507,False
8724,537.0007502087556,1.0798965137122125,True
8725,881.7761177805343,0.998377337732252,True
8726,880.3917682611892,1.050711130086076,True
8727,213.6286154024426,1.0091254865202872,False
8728,716.9713629935061,1.0307656195483081,True
8729,970.2033038623301,1.0289621936233215,True
8730,734.2347208936095,0.8984888653190715,True
8731,945.1289077356063,0.9814741345100716,True
8732,204.12794306213937,1.0825671128318717,False
8733,913.2987988332557,0.9300212012649152,True
8734,456.4019877352198,0.8996147548455075,True
8735,869.1005361483581,1.1171653191933484,True
8736,411.34057439532717,1.0507056038226965,True
8737,204.8105576883811,1.7113710592206566,False
8738,950.9443063309225,0.9637136586399564,True
8739,903.247269639649,1.0061444913403113,True
8740,622.7211922600217,0.9906543437614682,True
8741,606.4179757063582,0.9882097377961451,True
8742,321.106525009861,1.0308203884954734,True
8743,951.1861272275539,1.0450664185933647,True
8744,377.3698520234887,1.0523691123247652,True
8745,818.0703871316938,1.0556385760530347,True
8746,129.39214416316307,0.8643474803589717,False
8747,176.04069705270228,1.5672918875823076,False
8748,768.2642499940545,0.9026724405252552,True
8749,484.5945800839004,1.0020933334491091,True
8750,767.3269316686552,1.027510722363686,True
8751,575.4482395815687,0.9374833665074215,True
8752,974.8339930640353,1.0195767591020555,True
8753,567.720632460625,0.9314184648353032,True
8754,311.08384083469014,1.0887159545985396,True
8755,626.930875032782,1.0411693061136165,True
8756,703.9015958863818,0.9197528565067208,True
8757,807.8166792891595,0.9429795032114662,True
8758,362.1972260487232,1.1160592198871309,True
8759,654.013614171363,0.9440579000332546,True
8760,738.0462458990107,0.9939704924108035,True
8761,66.76407050242521,2.190253780684862,False
8762,54.15976886853345,1.372655878406727,False
8763,134.30959620232815,0.7534419747231059,False
8764,906.5277983814057,1.0542487751480563,True
8765,567.5169146481879,1.0159149138091979,True
8766,72.3135670885961,1.1540799853531387,False
8767,657.027579743314,1.0084251712030294,True
8768,594.5838698219093,1.0214494943956587,True
8769,276.17151228850935,1.3037279385579181,False
8770,714.7498901432572,1.0941697399535784,True
8771,543.1419360215682,1.0588335298127662,True
8772,579.1163353927253,1.0692262664959382,True
8773,617.3380756389506,0.959703674595032,True
8774,601.1177591117932,0.9908242261350233,True
8775,299.5028021651078,1.5854289555643464,False
8776,761.5634160056616,1.0028887865340061,True
8777,611.2889528394377,0.8983479319105698,True
8778,191.80750156603563,1.377536293960796,False
8779,463.2431581023653,0.9180325762612469,True
8780,407.66965451837325,1.0834961054947019,True
8781,237.58509619343496,1.225460929097171,False
8782,794.6033167991413,0.9687148920096432,True
8783,176.25261904806462,2.1715006889451005,False
8784,695.1043787543178,0.9897506169819139,True
8785,613.7367813123935,0.9417692911495431,True
8786,644.7755168703899,1.0081936984372357,True
8787,290.9160593521443,1.291827285536568,False
8788,264.1196799893856,1.1862709926918236,False
8789,285.06688489863745,1.1756622068546283,False
8790,221.75892439415927,1.3327104696678371,False
8791,526.7920876423323,0.9889734958711666,True
8792,435.55676535132704,1.0118876357683233,True
8793,721.806686578103,1.0277310890187492,True
8794,710.1985719823529,1.0982788237290873,True
8795,520.800606438037,0.9373953311690144,True
8796,354.4221629925028,1.0149243893859636,True
8797,779.0723121351213,0.9249285526310506,True
8798,835.2026298863154,0.9778891790373857,True
8799,527.9472772697947,1.0702043523075713,True
8800,118.06354869907301,0.4279428175708567,False
8801,751.650282472266,1.025477720097494,True
8802,347.2449746682716,1.083935899215387,True
8803,448.7610670050597,0.9916414379332363,True
8804,210.53903765681096,1.418938013487839,False
8805,314.7584582436447,1.0600051385372624,True
8806,392.878592978692,1.0424744088202,True
8807,689.9550970825388,0.998445325764874,True
8808,83.62895557535346,0.9481202400771238,False
8809,331.72640452471285,0.9915981550254223,True
8810,551.9233680946529,0.9323107318462951,True
8811,754.6941350822929,0.9955622740222153,True
8812,439.05813239987555,0.9676082540119907,True
8813,830.1775788471358,0.9267372939100843,True
8814,631.2169290972724,0.9659794699237837,True
8815,261.3342435641721,1.1381401271936054,False
8816,128.2113189028745,1.2964536075631932,False
8817,441.10680480548376,1.01883721935496,True
8818,565.7412636900582,0.9558359741020435,True
8819,313.3756780630238,0.9081559169575673,True
8820,283.12438097608776,1.6326890722348264,False
8821,711.2696432337538,1.061193253174834,True
8822,306.6524463493841,1.0066072063189406,True
8823,508.6514357327495,0.9772603539200517,True
8824,647.7808664710685,0.9910826159957074,True
8825,739.1458970894462,1.0416629382966673,True
8826,510.99811375800505,0.9649135691191499,True
8827,222.43843917227608,0.7519956224437592,False
8828,167.77543313324236,1.4429806528729072,False
8829,110.6409221945355,1.1059697532658284,False
8830,294.95686516734844,1.5325754109500749,False
8831,905.2889911728117,1.0631186678157614,True
8832,564.8921925048179,0.9861965478761979,True
8833,465.6548774471653,1.0630331241629067,True
8834,619.8504344738786,0.9971987503209082,True
8835,512.4015477502921,1.0202875372505174,True
8836,624.4366345100101,0.9855505577181309,True
8837,289.63408093485344,1.4579255991995586,False
8838,986.5523879308066,1.004056433447745,True
8839,575.00855747795,0.9989440250276869,True
8840,766.0486163083251,0.9785502777033204,True
8841,671.0810340768871,0.9012324904457562,True
8842,309.23264486496583,0.9753276126125283,True
8843,774.9355972657665,0.9385176815344641,True
8844,451.32667805590233,0.9176776118370632,True
8845,85.37175257960874,1.7463539322004462,False
8846,932.3385007776674,0.9538975811002162,True
8847,345.68853233795465,1.0727044550954274,True
8848,524.1017504128674,1.0021442824651978,True
8849,694.5644729763688,0.9825524510923143,True
8850,203.4494292474183,1.1487504864387397,False
8851,540.4059534287564,0.9962597433213254,True
8852,666.2716784724455,1.0200119547562656,True
8853,741.1209778851628,1.034125107803572,True
8854,979.488585546616,1.0015895844855573,True
8855,840.6792815734183,1.0356226904638393,True
8856,935.5931147827725,1.1009082242044383,True
8857,313.2731534979487,0.9726831956707801,True
8858,538.9822241982904,0.927315399867147,True
8859,367.006036486064,0.9835417119066733,True
8860,837.6846484459921,1.011672603236975,True
8861,214.38026679750928,0.964073850232454,False
8862,568.7069957483112,1.0070125080439793,True
8863,682.4944335919843,0.9890012070567146,True
8864,469.91050198533156,1.002826197796292,True
8865,529.6221098841156,0.963125715877276,True
8866,987.890875822517,0.976266595631096,True
8867,462.1297455546027,0.9275047425749157,True
8868,830.3805276303938,0.9717301489698631,True
8869,425.65641979650877,1.1100175640221883,True
8870,972.5820883356757,0.9671739887240068,True
8871,223.24043785034883,1.340531981274165,False
8872,378.86118780300296,0.9339201481123858,True
8873,518.1926597699894,0.9686016431476739,True
8874,953.3218550747417,1.0479198614823277,True
8875,240.55954987542873,1.3005935660469847,False
8876,117.55939709797794,0.7890671231297963,False
8877,487.99751169556015,1.0427668935788843,True
8878,635.9786101524286,0.8511662506723275,True
8879,727.4419098645716,0.9820562403071097,True
8880,896.1260463726081,0.9426729666208334,True
8881,404.2091019172662,1.0005824564879413,True
8882,833.3525385745654,0.9563143473197286,True
8883,477.19466127959,0.9414448879657606,True
8884,591.9430347261413,1.043333427920406,True
8885,454.067602588012,1.0117658471338784,True
8886,604.0874624115748,0.9490278532486557,True
8887,219.6005388420063,1.0936526232608834,False
8888,463.48454452677595,0.9829951614714455,True
8889,779.9591708691906,1.0122644689490274,True
8890,340.91065788020325,0.983933884245042,True
8891,667.4525990613424,0.9929351874748279,True
8892,806.1562738944152,1.032777498122617,True
8893,671.2228000778194,1.0174481238601187,True
8894,781.2805399435,1.0031901110193984,True
8895,886.2213088888052,0.9961075883120947,True
8896,564.8194173484774,0.9762196748714139,True
8897,380.3957006357298,1.0076795646810928,True
8898,951.112709087912,1.039779747221573,True
8899,793.5644231199581,1.0098925916345955,True
8900,679.1135916783933,0.9223257199555879,True
8901,375.7605634925358,1.0263516805687343,True
8902,358.31182341651373,0.9616004969372988,True
8903,897.6071366888847,1.003640447634906,True
8904,771.2165747074306,0.9867021556710475,True
8905,659.5434889588253,0.9091971855432334,True
8906,884.9790846895602,0.9620766085945245,True
8907,981.2538810733108,0.997774021423929,True
8908,525.2768370595605,0.9220507735609739,True
8909,207.40752960138968,0.7221073628670189,False
8910,730.7554486191269,0.9453733573711546,True
8911,849.2026164509239,0.9654009025288445,True
8912,749.8472834688846,1.0701034181768125,True
8913,418.40676564045407,0.9822562177084053,True
8914,600.2178353616357,1.0678578908302945,True
8915,142.87717951255132,0.2428673306102117,False
8916,486.9897619254614,0.9811263163909333,True
8917,753.506657925526,0.9930083259800655,True
8918,706.9060085051144,1.0348294762470638,True
8919,865.070134527648,1.0146518995808183,True
8920,755.3245130726774,1.0379457853507834,True
8921,608.0282355725409,0.9481301507337214,True
8922,299.8961276807571,1.4036092286861397,False
8923,933.465470231767,0.9725521458714645,True
8924,807.2635895413969,0.9443446383198958,True
8925,568.2616115095894,0.9123511849930128,True
8926,126.55035978521646,0.41656846207854104,False
8927,795.9423510220684,0.9654177665149553,True
8928,70.8609997626636,1.4537839085576283,False
8929,527.7749712565144,0.971369311612069,True
8930,601.2188196245504,1.0203599218815926,True
8931,780.6771219379955,1.0355985377686312,True
8932,968.5687900388924,0.9796998536261441,True
8933,731.4787496717079,1.0527528790508605,True
8934,844.01829126682,0.9995244457261785,True
8935,972.5414717462369,0.958085712929906,True
8936,110.23831469727281,0.7613059860917925,False
8937,333.1110603674724,1.0152444206175295,True
8938,679.1793065225336,1.0403228934906483,True
8939,364.251901426018,0.9645511254851932,True
8940,54.478817224742635,0.6601226254134761,False
8941,428.9956892100087,1.0622198716787938,True
8942,863.9723696920125,1.0530477351629515,True
8943,606.3849442858534,1.0587892013228677,True
8944,955.0931660883574,1.024597951827832,True
8945,274.28713816112895,1.1790868514200612,False
8946,83.66012846268445,1.275311585110327,False
8947,443.19192930098114,0.8861267677255527,True
8948,433.27237141238516,0.9908607487197814,True
8949,647.6235881948517,1.0521015043356072,True
8950,816.0185614092661,0.9737815416793854,True
8951,133.2810500455466,1.0288802085758582,False
8952,388.4873029647687,0.9950245825435271,True
8953,760.0933107263546,1.071443964737589,True
8954,174.99815437076836,1.7328404118875524,False
8955,417.1640144512093,1.024307658686807,True
8956,321.5343031386899,0.9380038529295625,True
8957,600.0624423873618,0.9598099835458346,True
8958,665.7619599221871,1.0966710825127135,True
8959,345.08708035624306,0.9963573571132148,True
8960,591.598993889399,0.9740910076101231,True
8961,817.4596336797022,0.9971989711412154,True
8962,645.2958793478716,1.043314972836983,True
8963,952.2461629502405,1.0299928852947633,True
8964,638.5625316601106,1.0251759878903242,True
8965,220.75610399197913,0.8664427120730029,False
8966,961.7659047141411,0.9982020924266487,True
8967,152.64780441864755,1.3413174880133067,False
8968,203.9039426427522,1.460247395606393,False
8969,275.52971907461955,0.7455816417915303,False
8970,862.9894812805331,1.0496879972874373,True
8971,239.6507521546142,1.0590911985206986,False
8972,436.2087437332554,0.9494766073142605,True
8973,162.22862873454014,1.379208465290819,False
8974,666.176717481703,0.9961657718715216,True
8975,587.5345220622053,0.99057458502016,True
8976,102.28064113838893,1.1224557188343833,False
8977,946.1116466446712,1.0201900558774968,True
8978,111.74676923114929,1.482087598351273,False
8979,640.9625953550826,1.0431873386753319,True
8980,866.8802865496373,0.9705656448745346,True
8981,141.3931725078114,1.4668183204743572,False
8982,480.72456174356864,1.0930705171536634,True
8983,939.4579575049275,1.0379701438496485,True
8984,406.02221730770015,1.0634431174650756,True
8985,863.8509261348765,1.0056494169909151,True
8986,934.766236365909,0.9995232866122771,True
8987,853.1399462338907,1.0457845655444857,True
8988,610.8872292596213,1.010940983891044,True
8989,808.0843189990811,0.9985950664075831,True
8990,785.703361943474,1.053140115035918,True
8991,671.9967573541978,0.9467415473085192,True
8992,859.9881780386828,1.0314355219806028,True
8993,658.1167714266237,0.9295758173960166,True
8994,223.35086909844858,1.3319975419784238,False
8995,570.9282030675183,0.9961180351851264,True
8996,885.002689920681,1.0653978830526227,True
8997,514.5605771566377,1.006425994756567,True
8998,573.5137562830921,0.9734197974060212,True
8999,350.2891674960282,1.0129041119688365,True
9000,342.4394119614933,1.0177497104906128,True
9001,970.4338620796651,0.9454591534683934,True
9002,547.880394147474,0.9775246830453115,True
9003,620.5486771759992,0.97549164508416,True
9004,93.60353635235099,0.9725948487676267,False
9005,360.61097541773415,1.0875411753731665,True
9006,205.11861449952755,0.9659857547996262,False
9007,204.52814453543166,1.008832570352261,False
9008,239.4450076844955,1.0341801617747366,False
9009,563.3465140063214,0.9751929900052103,True
9010,834.9982372190137,0.9345540757252419,True
9011,400.2870764135232,1.0573190750530521,True
9012,762.5576663064037,0.998194378450474,True
9013,821.601758562856,1.0238210340587501,True
9014,896.1440938668278,0.9761847052478417,True
9015,434.0996103671344,1.0324522426264993,True
9016,428.6775068845344,0.9495008336924333,True
9017,385.33767506294566,0.9967914437939022,True
9018,136.5161777054442,1.9441363695362273,False
9019,801.0381098133155,1.0354253765988812,True
9020,965.2449178278047,0.9367147886794518,True
9021,401.76813353054,1.0207830094128467,True
9022,555.8826132926974,1.0205157387700134,True
9023,223.5627211898037,1.0202395350374096,False
9024,562.6989986868226,0.9870015133553278,True
9025,116.9836997628543,1.925677969370176,False
9026,52.42983244934572,0.9780974795102246,False
9027,708.875154233165,1.0027933783874956,True
9028,701.9300184193294,1.0737576192159657,True
9029,112.90691617543926,1.3901602672724436,False
9030,658.0539598696205,0.9515456740312849,True
9031,285.4097278396462,1.4740381751457592,False
9032,281.39482724980894,1.2709011948599478,False
9033,857.652747667685,0.985874914851379,True
9034,298.9574984318318,1.1396784409968028,False
9035,765.239541947228,0.9150797498730734,True
9036,125.29526739193696,1.4799040808901862,False
9037,317.9320436971081,0.9405151688586044,True
9038,556.7424038746677,1.0118747221595883,True
9039,964.5959729738415,0.9839705270220305,True
9040,372.2059255819389,1.0927106371458364,True
9041,176.50762122370816,0.9380111478473251,False
9042,309.5972059034742,0.9900157939944898,True
9043,192.38730782686375,1.022116440116276,False
9044,51.061838819730866,1.5140158406189377,False
9045,684.3750454394423,1.0382092173834014,True
9046,709.7351882789067,1.0191545412579623,True
9047,945.1462940553482,0.8923544829175576,True
9048,392.54851233043104,1.0330708466198841,True
9049,535.7288992857945,1.0183478441833238,True
9050,707.7374986809891,0.9961702939627778,True
9051,157.08031057836246,1.1159900864798555,False
9052,443.8778095621829,0.9593467476693676,True
9053,604.8685452865815,1.111475296528932,True
9054,375.1013843453866,0.9900464113861523,True
9055,269.5847967340277,0.9825691454362254,False
9056,913.2934023676453,0.9916144731518308,True
9057,770.1685112120252,0.969566015648377,True
9058,948.3832911135321,1.1026637977844784,True
9059,596.065438014704,1.0567518834425669,True
9060,288.4134074679754,1.024857082385107,False
9061,855.0148277943368,1.0181069835338221,True
9062,644.4776866730369,1.0126977779523134,True
9063,568.7121637005769,1.0497699420506146,True
9064,715.1655090300927,0.9745488203393818,True
9065,200.21045477170563,1.680365240082292,False
9066,236.085203695523,1.1653981474096489,False
9067,202.63365080203002,1.460806366454971,False
9068,913.5545440768794,0.9827610175102646,True
9069,369.372631118973,0.9987576879748263,True
9070,984.5262819078013,1.0109385406501408,True
9071,901.2580879531596,1.0261547270068323,True
9072,933.1576475654015,1.00061803536956,True
9073,157.77229796200274,0.957048469068468,False
9074,974.2631683986216,0.9369057654475851,True
9075,703.5603062166408,0.9324505621915008,True
9076,520.3421395613173,1.0048106925144618,True
9077,459.56034542016477,1.013604971131906,True
9078,64.72365376831907,1.2737760396291429,False
9079,407.27284926237746,1.003009157948016,True
9080,466.86665119440863,0.9999389806730133,True
9081,570.314567341196,1.0281625690379912,True
9082,153.04606807613766,1.8507915002444144,False
9083,79.84009713164613,1.0401776813853543,False
9084,93.91526182671231,1.386187662633219,False
9085,771.2711892612083,0.8933668825662755,True
9086,116.74589619154318,1.2912584388755177,False
9087,835.1859953643683,1.0283860928652726,True
9088,50.65672565352893,1.3837442399679771,False
9089,570.5880831198789,1.073655527140311,True
9090,492.3531251755687,0.9672838387048206,True
9091,593.2383147057011,0.9983886060906207,True
9092,339.06832155522653,0.9585124920568543,True
9093,787.8571037993241,1.045002907807885,True
9094,827.1449321431803,0.8588355971982288,True
9095,563.2084484969694,0.9847694759917033,True
9096,614.1864274325857,1.00940459350768,True
9097,842.3710394693142,0.9601604214007926,True
9098,899.462752692845,0.9859944878619478,True
9099,407.4667047047458,0.9732283022441582,True
9100,80.90987815186806,1.5411843228449524,False
9101,926.1446177165976,0.9374706372482421,True
9102,698.4428667912542,1.1604784701479312,True
9103,823.055414281268,1.0588107835801697,True
9104,606.394102225158,1.0262959944772516,True
9105,346.03524355781065,1.0020482485058853,True
9106,356.30935215754175,1.0257677769898847,True
9107,115.36468818228165,1.1439147291363325,False
9108,849.3445625908114,0.9832502555729657,True
9109,528.7158772555784,1.0192301178114278,True
9110,999.5452300077776,1.0016712264483754,True
9111,414.1545473049978,1.0405715059567227,True
9112,355.2951767877853,0.9976485130897234,True
9113,285.5973621133621,1.0260942750198585,False
9114,821.8534714897293,0.9923282801393303,True
9115,124.96632806125648,0.3435921646579507,False
9116,629.0588410977256,0.9751670247623079,True
9117,495.11706199186426,1.0060815366809959,True
9118,587.9626853263355,0.9900247232519445,True
9119,350.3173846037019,1.0200228224162966,True
9120,487.03536345244555,0.952077321362609,True
9121,894.6217392944333,1.0771019645096465,True
9122,720.6811157543063,0.9078500008650865,True
9123,80.58782294600317,1.3435282045026795,False
9124,289.60861992755224,1.4068820461984894,False
9125,474.5315821741413,1.0388928237648112,True
9126,327.78294682540144,1.056276346068054,True
9127,334.0363534714008,1.01441847739106,True
9128,345.0976273964633,1.039582323020626,True
9129,687.9230145430683,1.0040289655797996,True
9130,607.083944100654,1.0755953988597706,True
9131,215.41203777863907,1.3542708461071797,False
9132,287.2796253451043,1.2596417099995303,False
9133,939.2623607336269,0.9211020121649646,True
9134,59.825083128550425,1.0025351190393827,False
9135,83.71393381072045,1.3854563033666007,False
9136,630.9564681980872,1.0446249134825747,True
9137,795.68627020308,1.0150242185469904,True
9138,433.53861677000856,1.040792155932852,True
9139,578.9802013252,0.9229094333784369,True
9140,989.5722025401938,1.0233723654774762,True
9141,830.2943599283141,0.9542144931045738,True
9142,573.6197173456441,0.9721106519660407,True
9143,241.7216538144858,1.2290990735772913,False
9144,578.1392439314421,1.012460779389112,True
9145,328.87883872516716,1.0390208801385645,True
9146,973.6025911608455,1.0466286345919253,True
9147,888.6291447709127,0.979301590721623,True
9148,212.16196495993856,1.5593541062173781,False
9149,317.15121446196304,1.0026968607604587,True
9150,769.016655180908,1.0465036836241564,True
9151,352.3267874360752,0.9569338384973187,True
9152,946.3614233963323,1.0028685637138575,True
9153,428.04273273652257,1.0530566063169364,True
9154,415.29478885478284,1.0022518334804689,True
9155,166.67283023294792,0.9703421470093114,False
9156,398.07846196270845,0.9777951250281994,True
9157,876.9207593540706,0.9198277772113876,True
9158,949.9337920630906,1.0534574882076957,True
9159,330.8983286392316,0.9482537560319919,True
9160,252.85154320056483,1.482420856716054,False
9161,318.37719570367403,1.006704982124815,True
9162,583.8883065657836,1.0628307911464692,True
9163,471.03691958634175,1.0162694771271132,True
9164,648.3203624083463,1.0606535067358218,True
9165,799.2587134037603,1.0469151554259213,True
9166,196.5137374428222,1.088118035156418,False
9167,373.47654246721885,0.9592844438410931,True
9168,472.5858064075371,1.077120302335061,True
9169,914.9282857662297,1.0618227357973427,True
9170,406.16122743454326,0.940344761486006,True
9171,318.0923646132978,0.9552221004717572,True
9172,749.9235215906833,1.0090373237492183,True
9173,880.6684857705915,1.012900618183938,True
9174,634.4947707915916,1.0351366770390882,True
9175,564.3750345947632,1.0445083279597123,True
9176,877.1799120537526,1.0241242780975328,True
9177,622.9035532550744,0.9229260134753472,True
9178,390.4335548044321,1.1005284602224539,True
9179,688.3796742654289,1.0892767067780478,True
9180,364.2109206413289,1.1087624971848062,True
9181,444.37740910460064,0.9678015048543075,True
9182,329.25733700460427,0.9705554492205698,True
9183,772.6263880523227,1.0903468398399079,True
9184,442.9006292655696,1.0201965239202113,True
9185,638.3718636265145,1.1040255820186888,True
9186,990.9372537955524,0.9634002995957873,True
9187,619.1426286951747,1.0856926525074648,True
9188,88.97768769858922,1.5276304844315902,False
9189,179.07523307250602,1.303008772838371,False
9190,663.8312660206607,1.007036834005161,True
9191,290.7564781197208,1.0761607216817795,False
9192,405.64395248037636,0.9243818973978195,True
9193,987.3988909945622,0.9912582856343544,True
9194,775.083513916675,1.0164534794984326,True
9195,782.2234743669186,0.9600607404055064,True
9196,381.2265294157334,0.9341874065058557,True
9197,908.7366262647068,0.9929110932092978,True
9198,795.5984300647516,1.0693649324047338,True
9199,223.78013075165072,0.9072125244774354,False
9200,846.5498161158832,1.0524576636979734,True
9201,340.8252421955112,0.9589662132175392,True
9202,641.1040903616386,1.0542130024122573,True
9203,175.65969709487368,1.371131950763957,False
9204,903.9717323927562,0.9562864629734374,True
9205,167.05404647495615,1.116672237409901,False
9206,144.38391859429566,2.121152792861854,False
9207,695.5221113867519,0.9950487589226565,True
9208,396.99300512373964,0.9087395932919241,True
9209,193.86710216105698,1.2228079296170793,False
9210,284.08504781495213,1.3707300383605545,False
9211,852.6928512008068,0.9423074414676973,True
9212,797.9764890554313,0.9409521350066682,True
9213,587.9317581403699,1.0239824598266671,True
9214,681.931024856698,1.0282975301937483,True
9215,203.16134727073535,1.211553399737597,False
9216,803.8592341569992,0.9963059870377792,True
9217,180.82636822538237,1.647986334695143,False
9218,661.737263178448,0.9644056828618076,True
9219,777.2051299707881,0.9743605875841318,True
9220,384.20959300283687,0.9821852911365433,True
9221,315.88554321555176,0.9580904312710408,True
9222,845.0897455405983,0.948780333585521,True
9223,168.5128868471274,1.5750054209026412,False
9224,476.77518941496885,0.9023044571138522,True
9225,95.50558465848799,1.1357637508805856,False
9226,450.59424229744434,0.976704125763794,True
9227,258.8572342241609,1.1043320535782657,False
9228,780.5263296598637,1.078694567877216,True
9229,883.8025756084967,0.9072645912366535,True
9230,923.3587186450845,1.0029047719625723,True
9231,113.63138623781646,1.143168317970452,False
9232,579.7646264898442,0.9903668349659652,True
9233,889.718024289006,0.9935367306613848,True
9234,208.61690455183756,1.3677535399665743,False
9235,681.803670991164,0.9642150169241386,True
9236,173.3060871431406,1.1581713150066235,False
9237,322.9332172000008,1.0034902964552705,True
9238,689.1180428455531,0.904461608233203,True
9239,61.11249587721144,1.7504182981775522,False
9240,553.7370835937144,1.0744590229031854,True
9241,417.45330984667635,1.010203782790506,True
9242,977.1652028689798,0.9249066362154708,True
9243,979.4576901383228,0.982429783247036,True
9244,802.1468146334524,1.0351756487530088,True
9245,150.422228378582,0.7919971370862694,False
9246,411.4803991579428,1.0308908930039653,True
9247,959.0967098496945,1.1128701002810162,True
9248,821.8062293066366,0.983688309497757,True
9249,147.33857174203055,0.9957296136083125,False
9250,556.9108775579896,1.0773079971895387,True
9251,232.5129438290445,1.2386374908834827,False
9252,995.1615888125874,1.0258006611527666,True
9253,822.177680860338,0.9490067750670084,True
9254,976.5658175112148,1.0900186968405174,True
9255,964.119892632719,1.029501179760664,True
9256,213.14761032646294,0.856411491349086,False
9257,60.04859081517449,1.610600228735454,False
9258,736.0930999800868,0.9910817101744336,True
9259,380.135928312233,1.077267021866093,True
9260,891.2704096498504,1.000887127323778,True
9261,169.46852831410462,1.2695630786304073,False
9262,114.91182409038932,1.6905921463634548,False
9263,555.2141358248765,0.9672976231911278,True
9264,373.229961262891,0.9904392401431553,True
9265,330.128078145327,1.0199453976044845,True
9266,459.58043380774956,0.9981640350317637,True
9267,425.46976368894553,1.0130573108095313,True
9268,975.8794322318478,0.9805160673324405,True
9269,83.21959282730428,1.6799928694469342,False
9270,254.6738277777444,1.0977313016250616,False
9271,956.5240338332858,1.1157446689105637,True
9272,958.604923767707,0.9579250669360846,True
9273,845.783094631571,1.0739327455760919,True
9274,234.81216535644168,1.0527206500959003,False
9275,367.35208587611515,0.9794211086893859,True
9276,498.54047490527216,0.9156301216883402,True
9277,198.09337047444126,1.0832318166007457,False
9278,162.8985049339073,0.9555715069258519,False
9279,933.2804829736285,1.017786710094929,True
9280,230.91576225826847,0.8584245224789667,False
9281,226.77699577256038,1.3113323330404432,False
9282,299.60429270881184,1.4524954488492527,False
9283,717.5785076971608,0.963608777323168,True
9284,576.5127705209773,0.9776788855853705,True
9285,539.7706989391636,0.9077490448889225,True
9286,877.9928587733986,0.9644911752079086,True
9287,67.85861540574888,0.8132110191703442,False
9288,280.81209882360054,1.4659825568142253,False
9289,721.9736960732419,1.0210418607545086,True
9290,125.44177489592866,1.1163919435300647,False
9291,354.04106614711714,1.0438243686616473,True
9292,985.7383609108716,1.0289623813940196,True
9293,580.2243936353137,1.0545815699380114,True
9294,824.1576718516291,0.9825338686396099,True
9295,945.9666387629595,1.0098170769101882,True
9296,60.63314865690488,1.3875488409595702,False
9297,313.2348436564787,0.8925742272913398,True
9298,236.07372634875017,1.3235261577481656,False
9299,500.9364288044526,0.9931797710854698,True
9300,837.6747002882108,0.9955703414566887,True
9301,331.19349971947264,1.0136845041371665,True
9302,72.92644938948038,0.5576655708636233,False
9303,274.1301172170051,1.4554691886703375,False
9304,727.4345937095688,0.9929003285782193,True
9305,754.1586457744245,1.0143558709640292,True
9306,98.23400717592128,0.8870737136053395,False
9307,970.2473553213082,1.0800790721081355,True
9308,365.397730647519,1.0264562601729228,True
9309,451.42980807302973,0.9419502806370745,True
9310,238.80542424683688,1.1160121633019748,False
9311,632.7601103542468,1.0103388297267424,True
9312,856.4082887213445,1.0887384246802738,True
9313,797.5158437261526,1.0168303791888356,True
9314,614.5877566517246,1.0313782587312559,True
9315,820.3101942045851,0.9637543761993926,True
9316,325.88675698035763,1.0031421286951756,True
9317,760.1882874076337,0.9860220200749372,True
9318,912.5315200779106,1.0754497265446723,True
9319,879.0293973686755,0.9517469945570438,True
9320,411.1086946466827,1.035093219656707,True
9321,831.0851227103235,0.9237526940243801,True
9322,676.502887079863,1.0169184763212877,True
9323,762.5941168990705,1.0242108254235769,True
9324,387.9696569780019,0.9321724406330073,True
9325,328.16117541087783,1.0154846246333877,True
9326,683.5438542707402,1.0489617683295778,True
9327,472.53693671395746,0.9450698381800059,True
9328,883.2279571269295,0.9571434355444279,True
9329,67.12721553771266,1.2404012988434838,False
9330,157.38662036656126,0.41944682381586673,False
9331,690.4739672045798,0.9283068900207949,True
9332,762.0027738200442,0.9317018022611342,True
9333,634.1427900382561,1.0251028168973026,True
9334,354.54205321634606,1.0308500906382205,True
9335,190.19160957758785,0.9250360176581565,False
9336,913.6313572251856,1.0182376175112453,True
9337,853.871394959012,0.9761012599425566,True
9338,579.2749738501302,0.9957417373747333,True
9339,716.5229445723069,0.944593626731868,True
9340,89.42645563954758,1.2839755377343245,False
9341,986.1723337117029,1.024143424864409,True
9342,972.9159246040772,0.9895254864054366,True
9343,129.7240031259138,1.1912335545154633,False
9344,217.04843920099032,1.4986576295166307,False
9345,322.6134683534414,0.9922403336823129,True
9346,810.9076479899292,0.9106182568206481,True
9347,256.052250867323,1.1424325678773455,False
9348,225.58124934973412,1.8667425313891632,False
9349,538.2337585092962,0.9965147864989211,True
9350,242.4962160374109,1.4481190819757108,False
9351,466.2977935975507,1.0527309650863603,True
9352,705.2855849828127,1.0132184028426405,True
9353,271.0169010023711,1.24744549158122,False
9354,176.28660028755647,1.488578104084141,False
9355,100.87424208779669,1.3067873208728744,False
9356,664.6637236047054,1.1270728941329033,True
9357,875.1685588659371,1.001921485257941,True
9358,585.8020155280896,1.0594211395133886,True
9359,541.1219327771242,0.9274305394426455,True
9360,171.09701580874986,1.2828866813623088,False
9361,800.2121709606213,0.9657777525472357,True
9362,350.96458964256453,1.0040837870266557,True
9363,988.0800305607386,0.9806739432736135,True
9364,801.3293335330184,0.9081136591055184,True
9365,514.4550803533782,1.0074381386130404,True
9366,441.7431197892715,0.9502774910043968,True
9367,143.02998689588617,1.0580739988734258,False
9368,589.1607132418619,1.0055747433637556,True
9369,826.6500190373861,0.9647081045925268,True
9370,288.8127307219325,1.3570477260554699,False
9371,988.8635404460384,1.0000415219637009,True
9372,544.1213121225109,0.9860693161802099,True
9373,260.68885612408974,1.192435594088079,False
9374,229.45834086926257,1.666345795863381,False
9375,584.792073232931,1.0816206374657862,True
9376,259.4204316180581,1.4475812555888785,False
9377,563.89198075842,0.9832556871021114,True
9378,293.03265867643927,0.8950067151961929,False
9379,853.5493894373686,1.0202790811906701,True
9380,452.1749231024532,0.9948452707773308,True
9381,759.0685193988064,0.9408790859192833,True
9382,885.7811990948383,0.9066700204159643,True
9383,105.0637819979109,1.5232809811762906,False
9384,939.6036545892547,0.9915255943264866,True
9385,307.0145899569586,0.9496929255745521,True
9386,442.70779759519183,1.061011590127102,True
9387,196.41513674835488,0.9373107973584986,False
9388,452.98510981422277,1.0378256480436283,True
9389,641.8855236062932,0.919841889065953,True
9390,871.3836774672275,0.9915244494057004,True
9391,196.47314786873486,1.059342679165428,False
9392,144.45290664558104,1.2766817409464588,False
9393,807.3150400538834,0.9256292038547926,True
9394,416.02207167570754,0.9436910747165507,True
9395,828.4178431252527,1.0293694380508733,True
9396,965.4164540988093,1.0620441591345593,True
9397,451.97266978028546,1.024656398075275,True
9398,810.9745064889205,0.9945352589356339,True
9399,307.3632650490574,1.0524538929467633,True
9400,969.9832053018797,0.9573286707147517,True
9401,572.671648416704,1.0997388096762768,True
9402,951.1523712454652,0.9899082869862813,True
9403,564.4219398665646,0.9757183524942259,True
9404,464.09050357076774,1.0105261673211128,True
9405,817.4960342917233,0.9354554116266027,True
9406,164.0541079027396,1.5927548476727633,False
9407,57.300433303543954,0.9726937541699152,False
9408,513.0555317452956,0.9478729209256317,True
9409,955.1058618258431,1.0291336300735046,True
9410,530.843812202846,0.904251060842802,True
9411,113.13086964291007,1.34445052230258,False
9412,209.8204826685269,1.402538993192572,False
9413,945.4040511736865,0.9938346611836911,True
9414,707.8916177480239,0.9274023178781058,True
9415,534.776244947007,1.0111662852717718,True
9416,298.5444838731231,0.9614049613715718,False
9417,476.2795556471983,1.007421096359116,True
9418,153.50267625628413,1.283648799207477,False
9419,68.67246603545922,1.147226376312973,False
9420,758.1533331320389,0.9557371499427832,True
9421,399.287309417572,1.0324730961211277,True
9422,385.52529406019704,0.9571355988408932,True
9423,975.6036121345993,1.019567221487105,True
9424,576.4939046440888,0.9654527507117052,True
9425,251.2435682530602,1.3692660208510534,False
9426,492.30453624661743,1.010613200292207,True
9427,93.64182308825337,1.0955736602857025,False
9428,647.1856069217386,0.9888172612920163,True
9429,857.6731628565091,0.9043926145773301,True
9430,773.8621276171635,1.0233594534572805,True
9431,52.286215606704005,1.1777405895404627,False
9432,213.93296789322793,1.1002960150345729,False
9433,762.7344035633292,1.1318970400732709,True
9434,240.4761810479315,1.4574121356038885,False
9435,932.0631691880093,0.9464387559009521,True
9436,57.563907277723416,1.0141804495372826,False
9437,470.918206867125,1.0633985983401268,True
9438,450.6869653493069,1.0357278067867406,True
9439,300.42131192655023,1.0807877597229947,True
9440,280.0215915115417,1.5008931073177834,False
9441,611.5916108269749,1.032433973982315,True
9442,153.1045356581948,0.786842935186407,False
9443,384.3179315818603,0.9326250193302804,True
9444,463.4894234725762,0.9647881278593123,True
9445,572.9668575787939,1.053629447955289,True
9446,463.7345795194067,1.0743606467191875,True
9447,92.5758994459774,1.384878780699042,False
9448,547.17469442335,0.9466653446709672,True
9449,789.2108178131621,0.9669520752223476,True
9450,205.80597912365008,1.1469754170879467,False
9451,158.41577189957985,1.1935403522488417,False
9452,989.8321293821188,0.8607342945890151,True
9453,362.8004301447957,1.0531284528072793,True
9454,571.3715281714796,0.9657479118290576,True
9455,376.78385099605504,1.1034021929904436,True
9456,646.1904033290394,1.0103054332900232,True
9457,301.0262463095547,0.9759950133959683,True
9458,421.05874034864127,0.9874805313997971,True
9459,800.2846425897048,1.0327610132300242,True
9460,661.0675787148841,0.9811790341977207,True
9461,239.67379717863503,1.4443364438582456,False
9462,516.7298096156737,0.9881483407994007,True
9463,103.8831084242685,1.5003603684026654,False
9464,832.2132107312735,0.9040460530897669,True
9465,501.6011648353544,1.0014487970565131,True
9466,470.1148631128006,1.0237813651978898,True
9467,277.6712443771047,0.9797031195054791,False
9468,741.9474867912684,0.936638880623167,True
9469,178.31108770099596,1.6387306353465436,False
9470,691.428721599877,0.9961726919938995,True
9471,734.0198040289052,0.9642055818107312,True
9472,538.9715304951935,0.9553348537441904,True
9473,728.4893410200198,1.029266052491053,True
9474,60.15156769999439,1.675792045809335,False
9475,449.50962944208027,0.9599620131145409,True
9476,419.6972343481377,1.0428532852896877,True
9477,361.21227906053383,0.9796917715594933,True
9478,568.4151225213757,1.031589752378439,True
9479,865.05113339253,1.0153062399323807,True
9480,484.9550509947943,1.0332873583184456,True
9481,374.0244450303559,0.9838450888587944,True
9482,502.4381898005755,1.0322788807070653,True
9483,365.6609347343267,1.0423914256411595,True
9484,97.73273661923918,1.3741567822170686,False
9485,742.6411391518848,0.9911952895455886,True
9486,654.3799981037497,0.9953377188413809,True
9487,63.1889169730253,0.8955564389774762,False
9488,127.72935438368971,1.2041291937375485,False
9489,788.6456407226991,0.9928338209735729,True
9490,828.8715132428165,1.058255388431079,True
9491,249.69770052816872,1.13176170955773,False
9492,96.51053113060217,1.3947379560056596,False
9493,775.8144410836853,1.0118660974877245,True
9494,152.67026672151962,0.48742831110149476,False
9495,890.3552333299417,0.9738296236936117,True
9496,970.8744901328577,1.0862232825480076,True
9497,841.7918504213012,0.924026877206638,True
9498,380.2893754442827,1.0646545959634715,True
9499,327.90409120651213,1.0124828034387052,True
9500,937.3753101136302,0.977258070972872,True
9501,282.17108407166535,1.137155266916295,False
9502,756.5943384588066,1.0625965643663553,True
9503,721.0531256642859,0.9254962623628334,True
9504,441.7620548573129,0.9909526858974848,True
9505,932.9109133052995,0.9903164948528606,True
9506,342.63711079593463,1.0407411639086304,True
9507,475.04125689987467,0.9785302139715928,True
9508,817.1873865098554,1.004595742177263,True
9509,181.36102387681342,0.5404532966526867,False
9510,708.133155744283,0.9909518009366414,True
9511,677.0406348845484,0.9794643081343846,True
9512,74.39008060512174,-0.18779538079802416,False
9513,848.0348810801678,1.0147145577807497,True
9514,916.1959974628866,0.9813059279035605,True
9515,248.18534489228503,0.9342723484252373,False
9516,724.6705969939926,1.107699350441784,True
9517,714.6280305648123,1.0018014519316223,True
9518,570.1333355616686,0.9885495880215963,True
9519,369.54619431079027,1.0282749434245575,True
9520,134.36758273975812,0.8281800279717144,False
9521,583.8625147682151,0.9519808839834003,True
9522,249.91435231039168,1.0241346494866865,False
9523,433.68923006381164,1.0016320843136384,True
9524,898.497975218488,1.0695298537161833,True
9525,364.6488976812493,0.93996066251595,True
9526,114.61486285985163,1.5850607454818593,False
9527,686.7618055800236,1.0314061022767878,True
9528,672.0748155240135,1.0295276585036335,True
9529,184.44252075283757,1.279905935701461,False
9530,697.3574883263905,0.9665843692258146,True
9531,983.1750434852281,0.9060400286159027,True
9532,602.5113866913265,1.0182387905034005,True
9533,713.776644132674,1.041466023390237,True
9534,559.5054227586288,1.002856669047432,True
9535,264.26741805014785,1.3751880449435172,False
9536,340.3205780897351,0.9840297493407029,True
9537,152.86863153241381,1.1013984711931122,False
9538,306.8622579822432,0.9732683802767526,True
9539,349.74171749778714,1.040883065896308,True
9540,969.5585365195401,1.0036190142881927,True
9541,211.31893116994263,1.1347886661912212,False
9542,119.77654881937323,1.2071638626029064,False
9543,863.2111782479291,1.0384040534247694,True
9544,147.57686564496439,1.6895634705344011,False
9545,390.57033879990945,1.0479538005714921,True
9546,588.7783363749571,0.9975167093021421,True
9547,326.8163154103734,1.036791443958413,True
9548,815.4282894630763,1.048831356576474,True
9549,208.1564490090355,0.547586215573851,False
9550,341.1351668354172,1.0468555845887835,True
9551,421.7096460907819,0.957408595379919,True
9552,816.7612857387917,0.9598555448247919,True
9553,378.77972506652253,1.0272852440010414,True
9554,415.0079458319573,1.0102578942344593,True
9555,619.1663265151732,0.9967122920160119,True
9556,95.35997362083813,1.795105568117377,False
9557,468.128927379845,0.9626921520226364,True
9558,340.57387582089183,0.9476505846224036,True
9559,137.68438325619002,1.6730508143050389,False
9560,363.5563228339875,0.9989131719766432,True
9561,106.06474575661238,1.010333622456969,False
9562,165.40571160104045,1.2214137527213575,False
9563,792.9841757802291,0.9617591860073718,True
9564,311.4932601995031,0.9636128179903649,True
9565,485.0942196941621,1.0324566419888768,True
9566,438.37867074014406,0.9913856934620023,True
9567,595.2856289771657,0.9700164900683239,True
9568,627.3474615478044,0.9585629844060968,True
9569,410.97200026984734,1.0206499569001717,True
9570,261.84014280289085,1.3740002169607135,False
9571,130.40098059027306,1.4326887514211382,False
9572,285.6954503659076,1.1967464046689398,False
9573,298.14922336109646,1.0873155982791785,False
9574,268.89942390796904,1.3223681669713137,False
9575,92.45064621774617,1.187170883677588,False
9576,880.1926247309517,0.9671539048800494,True
9577,556.9998353618134,0.9914577815322676,True
9578,441.09844309436403,1.0058627410192686,True
9579,348.9671490894995,0.9611761292294334,True
9580,344.32232950955853,0.9450391312120425,True
9581,216.12723215489808,1.0006558817862716,False
9582,603.0396457829473,1.0768782259608431,True
9583,947.2565577293387,1.0191635000813704,True
9584,233.22835935147256,1.3122862677688267,False
9585,317.3287032183953,0.9480749031301673,True
9586,187.0097818231123,0.8270900261464761,False
9587,595.0849327208314,0.9385440766669332,True
9588,211.86533310475912,1.181033526655301,False
9589,542.3285515477094,0.9657745701057174,True
9590,900.6767597580108,1.0433599026210494,True
9591,666.7494903117755,0.9852435657308377,True
9592,627.7897082793131,0.9084850090643688,True
9593,402.8416530214056,1.068126992060873,True
9594,935.5995466017533,1.0813274113521971,True
9595,773.5289391900988,1.0084027355118144,True
9596,511.8424296884124,1.0193659582367294,True
9597,156.60330986345653,1.0465946555110084,False
9598,113.12805229316623,0.6041587241320813,False
9599,930.6940600824549,1.0700944136604387,True
9600,175.39205500570176,1.5384477953168085,False
9601,490.20272984880046,0.9606306621110523,True
9602,757.9938987767749,1.0011064680570794,True
9603,323.7594181251291,0.9521934978810009,True
9604,334.15456446778626,0.9719668977460334,True
9605,907.7837721957254,0.9493725037520921,True
9606,730.2083759352201,1.0520027146411743,True
9607,98.24821001636661,1.3651923496930907,False
9608,431.35121752393405,1.0374550084247371,True
9609,952.8370502541848,1.0504781694540943,True
9610,171.0873159541789,1.357742049443415,False
9611,391.2296586478969,1.076163169966758,True
9612,88.38945446307164,1.9126565973280838,False
9613,939.4668197360978,1.0417813801025713,True
9614,460.40367187112037,1.0303549512551906,True
9615,709.6686814756463,1.0744614416159182,True
9616,271.33088399251966,1.1191379719016685,False
9617,331.65109449478905,0.9564549333117646,True
9618,340.46309550877015,0.9015297809178939,True
9619,168.40032166987135,1.3137166101818551,False
9620,63.42736195400377,0.9280004648026663,False
9621,887.9458637918137,1.0071047952548149,True
9622,270.233138284887,1.4094201722431663,False
9623,487.97518882570864,0.9581774197470259,True
9624,193.1267255000068,1.0445018632737626,False
9625,397.4244816354473,0.9481638718656662,True
9626,170.42493698127316,1.3209195691883655,False
9627,151.09035278867788,1.4860842729262738,False
9628,673.8194468267747,1.0959525754534176,True
9629,460.4161369536619,1.0114255327596162,True
9630,919.7698335865061,1.0213175040467262,True
9631,871.7102455543916,0.9497206615513514,True
9632,129.33693317912025,1.3077238699533547,False
9633,416.95270988015596,0.9929018531085086,True
9634,157.83073783463055,1.2574384256060493,False
9635,788.2669159752638,0.9843189357829183,True
9636,659.1734775175826,1.0211359500915174,True
9637,784.7755002340527,1.0475834630185301,True
9638,746.3542588886905,1.0891251472384231,True
9639,654.3308760167001,1.017095560034876,True
9640,906.4030072522005,0.9664403366158428,True
9641,251.02833904186016,1.466955962053032,False
9642,776.1348840312559,0.9811416890292548,True
9643,278.6099443100286,1.0090058299179645,False
9644,404.04569119989725,0.937371993240824,True
9645,448.93847420099485,0.9744452973838788,True
9646,188.05184378573065,0.6848307727683567,False
9647,912.174337517596,1.0606123044190379,True
9648,489.9277095444181,1.062678511265868,True
9649,244.631979141092,1.0794291545573926,False
9650,146.89870600063767,1.0722382687284167,False
9651,50.47576352522263,0.5857724455185168,False
9652,634.4989149565887,0.9395522832006201,True
9653,100.01588972589431,2.078080830645125,False
9654,112.16240594472522,1.2177341329721216,False
9655,196.44809933248172,0.8945751776910502,False
9656,328.89172927562413,1.027698114605377,True
9657,396.4785942614343,1.023376592120041,True
9658,413.6072236749984,0.9057121929131866,True
9659,556.7399754115423,1.0284985486423477,True
9660,970.9715028638994,0.9617016271575416,True
9661,131.00983357009204,1.7190537253617422,False
9662,665.0153582489146,1.022324472952271,True
9663,950.8589630647579,0.9596510074259776,True
9664,273.13707042351854,1.233396375388985,False
9665,332.7734780247318,1.0168766729333383,True
9666,963.8901088444863,0.9729270930010551,True
9667,458.5407267197929,1.0021545282316615,True
9668,619.417801170707,0.9811268576770087,True
9669,980.8836296397615,0.9991793562665335,True
9670,876.7055609455622,1.0477740060424365,True
9671,619.8520833345339,0.9992971190149585,True
9672,234.0636261099372,1.3333479459747277,False
9673,970.8877903293798,0.9687923826315135,True
9674,659.2225008817558,0.9842849909525763,True
9675,767.6356720882345,0.9524887962339238,True
9676,53.07645437194588,1.476390359440431,False
9677,834.6166371607948,1.0234762112086353,True
9678,699.905547040816,1.0118942986539639,True
9679,171.1096002978095,1.4579266383858231,False
9680,101.86680673599014,0.9047828190879856,False
9681,347.6842510504955,0.9587156630778202,True
9682,123.99527741872214,1.7499676173875112,False
9683,54.33020713631514,1.0378878438609114,False
9684,783.568094024848,1.0263743726088346,True
9685,750.7967881857395,1.0494243745822418,True
9686,339.62616833483025,1.026346527240853,True
9687,612.0843855203041,0.941083021540776,True
9688,290.4558475952534,1.3487861878084544,False
9689,438.5312902676464,0.9495097832161059,True
9690,560.16860477924,0.9635513833841102,True
9691,556.1349248194911,0.9533243881036105,True
9692,858.3275778004434,0.9274691344633255,True
9693,172.94099567263004,2.0625003890655624,False
9694,240.08631127518962,1.3408622291107792,False
9695,845.5007872802473,0.9105113743560852,True
9696,210.67430521810496,1.1455950923600318,False
9697,739.4200202004073,1.107085409910294,True
9698,461.57290738180154,0.9949464372154194,True
9699,83.00792448101214,0.7108464679420123,False
9700,159.74566196774543,0.6988872677858808,False
9701,923.5429380267952,0.9933538735675222,True
9702,376.15603601097325,0.934279427562856,True
9703,652.1666977288697,0.9877356039943562,True
9704,281.96068267525476,0.9018379650310804,False
9705,522.5285756623498,1.0579748736863754,True
9706,54.91834843022646,0.8637123351381144,False
9707,556.2707436502168,0.9065212073770368,True
9708,925.0761245630516,1.069084434574746,True
9709,903.3705399651467,0.9791357518767004,True
9710,577.8121285143682,1.0493682781132916,True
9711,103.27748126928157,1.122928981933639,False
9712,200.3549433060651,1.4192103748490432,False
9713,377.0171825991327,0.9584860353258197,True
9714,62.65500696241334,1.5816282640269839,False
9715,221.67402162231178,1.2679447218137412,False
9716,682.5405886581576,1.0009450336347263,True
9717,78.05535003077867,1.01922821451581,False
9718,290.27040120369213,1.390392835183509,False
9719,929.1092721336886,0.9807330348233294,True
9720,956.7946159665805,0.9907524690614871,True
9721,304.2343227202728,1.0087629618583471,True
9722,447.3339718131455,0.9648728646311465,True
9723,664.5771809069515,1.0850269206366856,True
9724,214.4493645501152,1.3732424993738355,False
9725,619.9401362205033,1.0244735357407182,True
9726,234.97084879126785,1.2876685952082472,False
9727,451.12665595040255,1.0374391546742636,True
9728,825.3301087325336,1.0062071335365856,True
9729,344.2054927812169,1.1149038012963386,True
9730,950.8279608565747,1.032634400998881,True
9731,115.93759295701288,1.0941074669578197,False
9732,792.1556621005554,1.084916704907843,True
9733,136.08144159565242,1.0647407969006741,False
9734,517.1552931258295,0.9996235488055056,True
9735,803.6786078575741,0.9611493866566926,True
9736,977.3672694741949,1.1058570739321285,True
9737,256.3447486201775,0.9557242260704946,False
9738,127.58250594012375,1.2018100591305898,False
9739,812.2075080376765,1.0013202398315904,True
9740,936.9264330112409,1.0325314910665526,True
9741,154.58609725804794,1.4464284366148412,False
9742,916.3867946814496,1.028018069611318,True
9743,436.02828188959296,1.0521651814052393,True
9744,252.86885748749472,1.2015087149678887,False
9745,344.8046835299015,0.963275563465558,True
9746,947.3635006271953,0.9323698819705771,True
9747,748.6087464824756,1.0157694082251896,True
9748,490.4472079852951,0.8940319013230213,True
9749,863.1947442801127,1.0646166404031578,True
9750,656.3369335611658,0.9544863394006021,True
9751,947.3084301582064,1.061510827979659,True
9752,163.79833654961686,1.1300853660525745,False
9753,685.9529366209257,1.0884558542937273,True
9754,374.5760564797296,1.057420211596,True
9755,161.86991775557993,1.1592393438243604,False
9756,609.9576191235631,1.0012434896454618,True
9757,490.3692990127142,0.9595571645636101,True
9758,215.85797846271296,1.4415533865483925,False
9759,553.4654523923883,1.0197872470798681,True
9760,115.66501977985334,1.1786081335022949,False
9761,155.70480202646314,1.3702988185312837,False
9762,342.65188625273527,0.9898255622344633,True
9763,72.05444281053965,0.6943294185392965,False
9764,295.9765474782806,1.0773800245655258,False
9765,521.3578502936165,1.015907804508034,True
9766,81.25544013476582,0.9934366186305816,False
9767,510.53221394720606,1.0957275794195758,True
9768,750.8908430689086,1.054608864060855,True
9769,616.0645939459022,0.8896479898022317,True
9770,963.81870832198,0.9605690991201316,True
9771,934.0443771904064,1.0292876058242724,True
9772,536.4905917384207,1.0550832732480484,True
9773,486.65923010713914,1.0484024839202692,True
9774,436.40043697311285,0.916952040219494,True
9775,862.9437508446315,0.9896459938362389,True
9776,244.7578622375018,0.9338835190277988,False
9777,848.1640692202095,1.009515059772237,True
9778,831.2417992907812,0.9276792483021499,True
9779,279.86116804900234,1.284603125387832,False
9780,303.82472572970187,1.081639667722642,True
9781,680.8387629073873,0.9874476161959276,True
9782,186.63157886809822,0.9413523427278981,False
9783,432.9775917669658,1.0735953002445562,True
9784,675.2502157546837,1.0124901535648057,True
9785,514.3421039972409,1.1419130556531616,True
9786,533.6879413042047,0.9655426416845537,True
9787,277.093323929482,1.015076167115928,False
9788,642.6289511598186,0.9032523712139956,True
9789,429.41890976766524,0.9562941648473923,True
9790,601.7625248551481,1.0741226563555168,True
9791,80.57010116325469,0.891636526664505,False
9792,914.5971600739871,1.0499657125946302,True
9793,133.36260164585252,0.8224803640321332,False
9794,552.8278389180985,1.0692680794263973,True
9795,266.8084245673658,1.2806921243557752,False
9796,777.430463308315,1.0009519778094098,True
9797,72.42730683607162,1.8441142142210425,False
9798,555.0357038143611,1.0082716637099967,True
9799,316.14834281892763,1.0410149192306875,True
9800,188.06310989910733,1.4773649902472532,False
9801,401.5633863482042,1.0184174347733026,True
9802,525.8658626100632,1.092510686000035,True
9803,53.853179957533186,1.362299825628325,False
9804,293.4311486752859,1.098003323405591,False
9805,564.0813729787415,1.0322119643146022,True
9806,91.37748007356691,1.434617276669819,False
9807,812.8666802552336,0.9310490466393166,True
9808,746.7433853062836,1.0254147328529815,True
9809,973.6668940782016,1.013132371608573,True
9810,73.70235904691579,0.8478372399238001,False
9811,120.73974461461141,1.4287727846590295,False
9812,440.53264188569324,1.0508439669775544,True
9813,318.64068945469285,1.0503129479615714,True
9814,327.6902226924926,1.0746448281946994,True
9815,822.4467713219202,0.9938046188929887,True
9816,946.1885317810385,1.0026245335380182,True
9817,436.9268615352932,1.0031083404431107,True
9818,81.70544931633916,1.0509377930918686,False
9819,358.59787908516097,1.053569587337797,True
9820,254.4980679326631,1.2055441202966795,False
9821,747.7592631021025,1.096938765132452,True
9822,669.3440280246809,0.9866891141949505,True
9823,332.33233652116826,0.9634565464536123,True
9824,823.4343606502808,0.9781055609516955,True
9825,331.565833287106,0.9932365222036716,True
9826,907.1142206960646,1.0458266609190838,True
9827,128.83054664016942,1.0021570466168053,False
9828,555.3455687543524,1.0499552332884587,True
9829,184.96390597072045,1.655932093833318,False
9830,82.3292603968049,0.9336410891314055,False
9831,924.7750459869081,1.072946869088544,True
9832,60.50439941765376,1.095490289020982,False
9833,218.95928956722452,1.3170561756181607,False
9834,310.63591848208904,0.9425155389784567,True
9835,713.9968658613168,1.054875748190852,True
9836,383.30848590904225,0.9149971170594716,True
9837,157.15457851892634,1.1330315800411672,False
9838,257.7507412352082,1.4141656372851903,False
9839,504.0571683554844,0.9675055577282416,True
9840,134.29160161084206,1.1519523291561795,False
9841,598.72228183174,0.9812924384470318,True
9842,115.03565544199324,1.379354972617125,False
9843,51.74282236695304,1.2259825317617512,False
9844,420.45598838235253,0.9835780182035049,True
9845,607.99709685532,0.9665097425642083,True
9846,287.8279439679168,1.2433021805404403,False
9847,766.2578655182521,0.9760692055878272,True
9848,123.40480293897767,1.9687936133973254,False
9849,263.58335221608536,1.0290471492023587,False
9850,589.7738247247322,1.0201060478393964,True
9851,420.57962905824223,1.0209888142383172,True
9852,668.7121716253994,1.0474187993001072,True
9853,841.0327723808791,1.0190703970888595,True
9854,549.7214375351402,0.991214140854317,True
9855,614.8697322962564,1.0475610773277146,True
9856,198.33965075271848,1.1410450022933796,False
9857,813.856908234072,0.9938036592163411,True
9858,610.5720485485535,0.9477469668605574,True
9859,193.2232345913678,1.6647471058702838,False
9860,252.34066525035163,1.1872525607203714,False
9861,118.22518801515002,1.1425346318168161,False
9862,709.9476113564621,1.0070082531175213,True
9863,174.54610409062525,1.4520683344928536,False
9864,363.00064929965254,1.0018389367792013,True
9865,935.3571987519597,0.9420412000649336,True
9866,248.20457147815657,1.2772291965273588,False
9867,245.81435272254402,1.3843011574294481,False
9868,553.8533981057174,0.9854528582054561,True
9869,667.3588705874088,0.9627329857971259,True
9870,420.1644895578397,0.9745688332816148,True
9871,147.560372596837,1.1427571971528665,False
9872,382.59294659163805,1.0182362840510542,True
9873,996.0409550284187,1.032146039414665,True
9874,443.41419617109557,0.9890105396390034,True
9875,211.04934431209458,0.5815793674332924,False
9876,666.9318684300862,1.0337241585257861,True
9877,268.98548830042444,1.1319949515744125,False
9878,472.5793763978012,1.0720025314273312,True
9879,918.1415504606516,1.0996691395380653,True
9880,911.8104755865088,1.0503757382766872,True
9881,76.27795191134416,1.5324325031266575,False
9882,656.2145685066259,1.0279532056017404,True
9883,746.6540867768232,0.9764253767729166,True
9884,119.95132581128847,1.8882990350055882,False
9885,857.2497305483683,0.9526672651443427,True
9886,299.52626361684213,1.0028650713989795,False
9887,503.2244937646681,1.0472194582601388,True
9888,931.9009324723726,1.026798164978219,True
9889,234.63539575814622,0.4925929468751955,False
9890,308.1584236541423,1.0119419334760684,True
9891,669.2663798921741,0.9957620476325708,True
9892,159.75251267462124,0.39224064941579107,False
9893,141.13921041915995,0.9882476335499688,False
9894,334.04528468238385,1.0856076029532893,True
9895,98.26062811175285,1.4988143678893981,False
9896,653.1631926387802,0.9351906234989698,True
9897,672.1991665608256,0.9483623080048726,True
9898,421.54135487306615,1.0045064932898449,True
9899,726.4876790957485,0.9371565906342493,True
9900,75.1981588225211,1.2595624260549858,False
9901,381.62837756983373,0.9946729379993212,True
9902,159.65266507716336,1.387381221341874,False
9903,801.3293142917354,0.9826707561888021,True
9904,453.72439739309976,1.0271471754784043,True
9905,929.6212549148414,0.9805377129030943,True
9906,988.4866210971102,0.9988599960013159,True
9907,654.913045218742,0.9904613745458813,True
9908,364.00786281012876,1.0327970620140516,True
9909,52.686862994173275,1.1720010482340217,False
9910,594.7204285341518,1.0201161984814773,True
9911,171.46670983384598,2.094418304726546,False
9912,634.5774150116026,1.092495645266958,True
9913,668.774607135913,1.009906337952728,True
9914,508.0577086042716,1.0467502303480078,True
9915,600.038629763179,0.9006007073595147,True
9916,347.4161370173299,1.0789138332397141,True
9917,977.1816129506848,1.0051114667143681,True
9918,915.0415635310337,0.9471628702234153,True
9919,143.14923237647287,0.6935979281608171,False
9920,385.16029488470144,1.0939695612124483,True
9921,356.7924267653207,1.1468697715285843,True
9922,802.822305030731,1.0142626581567102,True
9923,134.84553037693118,0.3979278244940244,False
9924,565.5492930129187,1.052210204027931,True
9925,272.78727528660073,1.521052598359006,False
9926,986.9798942378309,0.9696948083153573,True
9927,93.6300848111253,1.3837257381845243,False
9928,747.1630539954136,0.9517497943887522,True
9929,671.1880328675906,1.0439690617256543,True
9930,107.18476789100924,1.6974454058804385,False
9931,711.3045269033812,1.0053376344358969,True
9932,872.0161533411236,0.9856413049870953,True
9933,164.86393657782236,0.3805301797109699,False
9934,958.220180056075,1.1252501952272018,True
9935,571.4885620577066,1.0117912845813821,True
9936,717.4809824584534,1.0439249110445883,True
9937,572.7002305824402,1.062549858320619,True
9938,155.6457589471308,1.3604092389101008,False
9939,483.1655796730756,0.9632131256545171,True
9940,529.1610596426352,0.9043034499155658,True
9941,374.09367895742713,0.9110517322631185,True
9942,978.4192939661726,1.0344598662122697,True
9943,297.2061636077634,1.0294729243117844,False
9944,986.8160901346798,1.072736415128031,True
9945,422.56662196291154,1.0560575474413183,True
9946,553.293365776228,1.0408788443107797,True
9947,586.4959567547073,1.0631128994407766,True
9948,420.83919556690455,1.0189045717074316,True
9949,94.66128118281298,1.3409266556583297,False
9950,475.04873233444613,1.0194599964411144,True
9951,250.2254791973957,1.1432912237024628,False
9952,751.1681329030221,0.9537678360577445,True
9953,749.1420339263218,0.9673014456116317,True
9954,634.6314690581319,0.9949222055729353,True
9955,150.41070929487756,0.7421748586978228,False
9956,840.2149445013306,0.9949692566098784,True
9957,645.0574203333791,1.057809335275072,True
9958,845.9316618328454,1.0320118556878177,True
9959,997.209193991373,1.0707757175717791,True
9960,701.7363129020503,1.0961220584535587,True
9961,82.58704022033629,1.4084211114652343,False
9962,602.2429490073552,0.9323207316212373,True
9963,225.4053497036598,1.3758327849483551,False
9964,580.9262561421748,1.0567117044756758,True
9965,510.2105115529419,1.001303508484049,True
9966,551.6754293889027,0.9703495664209856,True
9967,815.2320932981739,0.9915944318491765,True
9968,139.18481548566308,0.8072180099115943,False
9969,469.9455520609485,0.9242258134427778,True
9970,640.4642755900616,1.0613379227167437,True
9971,200.4454654496846,1.0090948117665397,False
9972,367.343208994797,1.0242390191714235,True
9973,179.43615220588083,0.9261846546832193,False
9974,145.33934256895617,1.0245709917514112,False
9975,795.3423586125289,0.977201805935902,True
9976,470.2694499760488,0.9103186989629465,True
9977,323.7363645996761,0.9432524017641409,True
9978,712.1332132989284,1.0298304974151384,True
9979,99.54481825583068,1.355347968516137,False
9980,468.63344611416767,0.9606359760145892,True
9981,590.1955028812143,0.9877524691402031,True
9982,930.9530078451772,1.0301813919153011,True
9983,319.5725815479678,0.9394459332088714,True
9984,309.05907535009027,1.0671250683865683,True
9985,709.8249382786894,1.013874961919472,True
9986,217.96661935590018,1.2150141087860322,False
9987,261.68096437775114,1.1088785734167579,False
9988,971.4156453245431,0.9902864675757793,True
9989,72.05956468556215,1.3884949553241497,False
9990,382.7276377184618,1.0521229331913742,True
9991,380.24149410817705,0.9466628670380762,True
9992,71.6478427806366,0.9098142994997853,False
9993,241.04583785190397,1.099080334740418,False
9994,983.9297001455585,1.0196438337441487,True
9995,649.3513529083486,0.9888283858039324,True
9996,769.0669346630683,0.9982517274162659,True
9997,209.21881215239125,1.2358334667876782,False
9998,290.29556536999064,1.1969624079490648,False
9999,568.114374851829,0.9493012551678756,True
